file,line,type,commit,author,date,time,timezone,datetime,depth,length
static\global.js,1,js,c8fb46ba,Jin G,2024-09-06,06:29:35,-04:00,2024-09-06T06:29:35-04:00,0,26
static\global.js,2,js,c8fb46ba,Jin G,2024-09-06,06:29:35,-04:00,2024-09-06T06:29:35-04:00,0,0
static\global.js,3,js,c8fb46ba,Jin G,2024-09-06,06:29:35,-04:00,2024-09-06T06:29:35-04:00,0,43
static\global.js,4,js,c8fb46ba,Jin G,2024-09-06,06:29:35,-04:00,2024-09-06T06:29:35-04:00,1,53
static\global.js,5,js,c8fb46ba,Jin G,2024-09-06,06:29:35,-04:00,2024-09-06T06:29:35-04:00,0,0
static\global.js,6,js,c8fb46ba,Jin G,2024-09-06,06:29:35,-04:00,2024-09-06T06:29:35-04:00,0,0
static\global.js,7,js,c8fb46ba,Jin G,2024-09-06,06:29:35,-04:00,2024-09-06T06:29:35-04:00,0,52
static\global.js,8,js,c8fb46ba,Jin G,2024-09-06,06:29:35,-04:00,2024-09-06T06:29:35-04:00,0,26
static\global.js,9,js,c8fb46ba,Jin G,2024-09-06,06:29:35,-04:00,2024-09-06T06:29:35-04:00,0,0
static\global.js,10,js,c8fb46ba,Jin G,2024-09-06,06:29:35,-04:00,2024-09-06T06:29:35-04:00,0,59
static\global.js,11,js,c8fb46ba,Jin G,2024-09-06,06:29:35,-04:00,2024-09-06T06:29:35-04:00,0,98
static\global.js,12,js,c8fb46ba,Jin G,2024-09-06,06:29:35,-04:00,2024-09-06T06:29:35-04:00,0,0
static\global.js,13,js,c8fb46ba,Jin G,2024-09-06,06:29:35,-04:00,2024-09-06T06:29:35-04:00,0,56
static\global.js,14,js,c8fb46ba,Jin G,2024-09-06,06:29:35,-04:00,2024-09-06T06:29:35-04:00,0,0
static\global.js,15,js,c8fb46ba,Jin G,2024-09-06,06:29:35,-04:00,2024-09-06T06:29:35-04:00,0,57
static\global.js,16,js,c8fb46ba,Jin G,2024-09-06,06:29:35,-04:00,2024-09-06T06:29:35-04:00,0,40
static\global.js,17,js,c8fb46ba,Jin G,2024-09-06,06:29:35,-04:00,2024-09-06T06:29:35-04:00,0,3
static\global.js,18,js,c8fb46ba,Jin G,2024-09-06,06:29:35,-04:00,2024-09-06T06:29:35-04:00,0,0
static\global.js,19,js,c8fb46ba,Jin G,2024-09-06,06:29:35,-04:00,2024-09-06T06:29:35-04:00,0,54
static\global.js,20,js,c8fb46ba,Jin G,2024-09-06,06:29:35,-04:00,2024-09-06T06:29:35-04:00,0,37
static\global.js,21,js,c8fb46ba,Jin G,2024-09-06,06:29:35,-04:00,2024-09-06T06:29:35-04:00,0,0
static\global.js,22,js,c8fb46ba,Jin G,2024-09-06,06:29:35,-04:00,2024-09-06T06:29:35-04:00,0,0
static\global.js,23,js,c8fb46ba,Jin G,2024-09-06,06:29:35,-04:00,2024-09-06T06:29:35-04:00,0,45
static\global.js,24,js,34926d35,Jin G,2024-09-06,09:40:34,-04:00,2024-09-06T09:40:34-04:00,0,15
static\global.js,25,js,34926d35,Jin G,2024-09-06,09:40:34,-04:00,2024-09-06T09:40:34-04:00,0,35
static\global.js,26,js,34926d35,Jin G,2024-09-06,09:40:34,-04:00,2024-09-06T09:40:34-04:00,0,45
static\global.js,27,js,34926d35,Jin G,2024-09-06,09:40:34,-04:00,2024-09-06T09:40:34-04:00,0,43
static\global.js,28,js,34926d35,Jin G,2024-09-06,09:40:34,-04:00,2024-09-06T09:40:34-04:00,0,32
static\global.js,29,js,34926d35,Jin G,2024-09-06,09:40:34,-04:00,2024-09-06T09:40:34-04:00,0,4
static\global.js,30,js,c8fb46ba,Jin G,2024-09-06,06:29:35,-04:00,2024-09-06T06:29:35-04:00,0,0
static\global.js,31,js,34926d35,Jin G,2024-09-06,09:40:34,-04:00,2024-09-06T09:40:34-04:00,0,54
static\global.js,32,js,34926d35,Jin G,2024-09-06,09:40:34,-04:00,2024-09-06T09:40:34-04:00,0,42
static\global.js,33,js,34926d35,Jin G,2024-09-06,09:40:34,-04:00,2024-09-06T09:40:34-04:00,0,29
static\global.js,34,js,c8fb46ba,Jin G,2024-09-06,06:29:35,-04:00,2024-09-06T06:29:35-04:00,0,0
static\global.js,35,js,c8fb46ba,Jin G,2024-09-06,06:29:35,-04:00,2024-09-06T06:29:35-04:00,0,71
static\global.js,36,js,c8fb46ba,Jin G,2024-09-06,06:29:35,-04:00,2024-09-06T06:29:35-04:00,0,0
static\global.js,37,js,c8fb46ba,Jin G,2024-09-06,06:29:35,-04:00,2024-09-06T06:29:35-04:00,0,75
static\global.js,38,js,34926d35,Jin G,2024-09-06,09:40:34,-04:00,2024-09-06T09:40:34-04:00,0,24
static\global.js,39,js,34926d35,Jin G,2024-09-06,09:40:34,-04:00,2024-09-06T09:40:34-04:00,0,22
static\global.js,40,js,34926d35,Jin G,2024-09-06,09:40:34,-04:00,2024-09-06T09:40:34-04:00,0,26
static\global.js,41,js,c8fb46ba,Jin G,2024-09-06,06:29:35,-04:00,2024-09-06T06:29:35-04:00,0,0
static\global.js,42,js,34926d35,Jin G,2024-09-06,09:40:34,-04:00,2024-09-06T09:40:34-04:00,0,80
static\global.js,43,js,34926d35,Jin G,2024-09-06,09:40:34,-04:00,2024-09-06T09:40:34-04:00,0,72
static\global.js,44,js,c8fb46ba,Jin G,2024-09-06,06:29:35,-04:00,2024-09-06T06:29:35-04:00,0,0
static\global.js,45,js,34926d35,Jin G,2024-09-06,09:40:34,-04:00,2024-09-06T09:40:34-04:00,0,45
static\global.js,46,js,34926d35,Jin G,2024-09-06,09:40:34,-04:00,2024-09-06T09:40:34-04:00,0,42
static\global.js,47,js,34926d35,Jin G,2024-09-06,09:40:34,-04:00,2024-09-06T09:40:34-04:00,0,19
static\global.js,48,js,34926d35,Jin G,2024-09-06,09:40:34,-04:00,2024-09-06T09:40:34-04:00,0,28
static\global.js,49,js,c8fb46ba,Jin G,2024-09-06,06:29:35,-04:00,2024-09-06T06:29:35-04:00,0,0
static\global.js,50,js,34926d35,Jin G,2024-09-06,09:40:34,-04:00,2024-09-06T09:40:34-04:00,0,73
static\global.js,51,js,34926d35,Jin G,2024-09-06,09:40:34,-04:00,2024-09-06T09:40:34-04:00,0,37
static\global.js,52,js,34926d35,Jin G,2024-09-06,09:40:34,-04:00,2024-09-06T09:40:34-04:00,0,7
static\global.js,53,js,c8fb46ba,Jin G,2024-09-06,06:29:35,-04:00,2024-09-06T06:29:35-04:00,0,0
static\global.js,54,js,34926d35,Jin G,2024-09-06,09:40:34,-04:00,2024-09-06T09:40:34-04:00,0,20
static\global.js,55,js,c8fb46ba,Jin G,2024-09-06,06:29:35,-04:00,2024-09-06T06:29:35-04:00,0,0
static\global.js,56,js,34926d35,Jin G,2024-09-06,09:40:34,-04:00,2024-09-06T09:40:34-04:00,0,3
static\global.js,57,js,c8fb46ba,Jin G,2024-09-06,06:29:35,-04:00,2024-09-06T06:29:35-04:00,0,0
static\global.js,58,js,c8fb46ba,Jin G,2024-09-06,06:29:35,-04:00,2024-09-06T06:29:35-04:00,0,67
static\global.js,59,js,c8fb46ba,Jin G,2024-09-06,06:29:35,-04:00,2024-09-06T06:29:35-04:00,0,0
static\global.js,60,js,c8fb46ba,Jin G,2024-09-06,06:29:35,-04:00,2024-09-06T06:29:35-04:00,0,74
static\global.js,61,js,e2824af7,Jin G,2024-09-06,12:09:07,-04:00,2024-09-06T12:09:07-04:00,0,80
static\global.js,62,js,e2824af7,Jin G,2024-09-06,12:09:07,-04:00,2024-09-06T12:09:07-04:00,0,80
static\global.js,63,js,e2824af7,Jin G,2024-09-06,12:09:07,-04:00,2024-09-06T12:09:07-04:00,0,0
static\global.js,64,js,e2824af7,Jin G,2024-09-06,12:09:07,-04:00,2024-09-06T12:09:07-04:00,0,39
static\global.js,65,js,e2824af7,Jin G,2024-09-06,12:09:07,-04:00,2024-09-06T12:09:07-04:00,0,50
static\global.js,66,js,e2824af7,Jin G,2024-09-06,12:09:07,-04:00,2024-09-06T12:09:07-04:00,0,102
static\global.js,67,js,e2824af7,Jin G,2024-09-06,12:09:07,-04:00,2024-09-06T12:09:07-04:00,0,16
static\global.js,68,js,e2824af7,Jin G,2024-09-06,12:09:07,-04:00,2024-09-06T12:09:07-04:00,0,43
static\global.js,69,js,e2824af7,Jin G,2024-09-06,12:09:07,-04:00,2024-09-06T12:09:07-04:00,0,67
static\global.js,70,js,e2824af7,Jin G,2024-09-06,12:09:07,-04:00,2024-09-06T12:09:07-04:00,0,50
static\global.js,71,js,e2824af7,Jin G,2024-09-06,12:09:07,-04:00,2024-09-06T12:09:07-04:00,0,48
static\global.js,72,js,e2824af7,Jin G,2024-09-06,12:09:07,-04:00,2024-09-06T12:09:07-04:00,0,19
static\global.js,73,js,e2824af7,Jin G,2024-09-06,12:09:07,-04:00,2024-09-06T12:09:07-04:00,0,14
static\global.js,74,js,e2824af7,Jin G,2024-09-06,12:09:07,-04:00,2024-09-06T12:09:07-04:00,0,5
static\global.js,75,js,e2824af7,Jin G,2024-09-06,12:09:07,-04:00,2024-09-06T12:09:07-04:00,0,0
static\global.js,76,js,e2824af7,Jin G,2024-09-06,12:09:07,-04:00,2024-09-06T12:09:07-04:00,0,46
static\global.js,77,js,e2824af7,Jin G,2024-09-06,12:09:07,-04:00,2024-09-06T12:09:07-04:00,0,64
static\global.js,78,js,e2824af7,Jin G,2024-09-06,12:09:07,-04:00,2024-09-06T12:09:07-04:00,0,0
static\global.js,79,js,e2824af7,Jin G,2024-09-06,12:09:07,-04:00,2024-09-06T12:09:07-04:00,0,37
static\global.js,80,js,e2824af7,Jin G,2024-09-06,12:09:07,-04:00,2024-09-06T12:09:07-04:00,0,35
static\global.js,81,js,e2824af7,Jin G,2024-09-06,12:09:07,-04:00,2024-09-06T12:09:07-04:00,0,73
static\global.js,82,js,e2824af7,Jin G,2024-09-06,12:09:07,-04:00,2024-09-06T12:09:07-04:00,0,3
static\global.js,83,js,e2824af7,Jin G,2024-09-06,12:09:07,-04:00,2024-09-06T12:09:07-04:00,0,0
static\global.js,84,js,e2824af7,Jin G,2024-09-06,12:09:07,-04:00,2024-09-06T12:09:07-04:00,0,41
static\global.js,85,js,e2824af7,Jin G,2024-09-06,12:09:07,-04:00,2024-09-06T12:09:07-04:00,0,38
static\global.js,86,js,e2824af7,Jin G,2024-09-06,12:09:07,-04:00,2024-09-06T12:09:07-04:00,0,51
static\global.js,87,js,e2824af7,Jin G,2024-09-06,12:09:07,-04:00,2024-09-06T12:09:07-04:00,0,34
static\global.js,88,js,e2824af7,Jin G,2024-09-06,12:09:07,-04:00,2024-09-06T12:09:07-04:00,0,67
static\global.js,89,js,e2824af7,Jin G,2024-09-06,12:09:07,-04:00,2024-09-06T12:09:07-04:00,0,10
static\global.js,90,js,e2824af7,Jin G,2024-09-06,12:09:07,-04:00,2024-09-06T12:09:07-04:00,0,35
static\global.js,91,js,e2824af7,Jin G,2024-09-06,12:09:07,-04:00,2024-09-06T12:09:07-04:00,0,3
static\global.js,92,js,e2824af7,Jin G,2024-09-06,12:09:07,-04:00,2024-09-06T12:09:07-04:00,0,0
static\global.js,93,js,e2824af7,Jin G,2024-09-06,12:09:07,-04:00,2024-09-06T12:09:07-04:00,0,68
static\global.js,94,js,e2824af7,Jin G,2024-09-06,12:09:07,-04:00,2024-09-06T12:09:07-04:00,0,52
static\global.js,95,js,e2824af7,Jin G,2024-09-06,12:09:07,-04:00,2024-09-06T12:09:07-04:00,0,48
static\global.js,96,js,e2824af7,Jin G,2024-09-06,12:09:07,-04:00,2024-09-06T12:09:07-04:00,0,61
static\global.js,97,js,e2824af7,Jin G,2024-09-06,12:09:07,-04:00,2024-09-06T12:09:07-04:00,0,37
static\global.js,98,js,e2824af7,Jin G,2024-09-06,12:09:07,-04:00,2024-09-06T12:09:07-04:00,0,83
static\global.js,99,js,e2824af7,Jin G,2024-09-06,12:09:07,-04:00,2024-09-06T12:09:07-04:00,0,5
static\global.js,100,js,e2824af7,Jin G,2024-09-06,12:09:07,-04:00,2024-09-06T12:09:07-04:00,0,0
static\global.js,101,js,c8fb46ba,Jin G,2024-09-06,06:29:35,-04:00,2024-09-06T06:29:35-04:00,0,0
static\global.js,102,js,c8fb46ba,Jin G,2024-09-06,06:29:35,-04:00,2024-09-06T06:29:35-04:00,0,0
static\global.js,103,js,c8fb46ba,Jin G,2024-09-06,06:29:35,-04:00,2024-09-06T06:29:35-04:00,0,0
static\global.js,104,js,c8fb46ba,Jin G,2024-09-06,06:29:35,-04:00,2024-09-06T06:29:35-04:00,0,0
static\global.js,105,js,c8fb46ba,Jin G,2024-09-06,06:29:35,-04:00,2024-09-06T06:29:35-04:00,0,30
static\global.js,106,js,c8fb46ba,Jin G,2024-09-06,06:29:35,-04:00,2024-09-06T06:29:35-04:00,0,68
static\global.js,107,js,c8fb46ba,Jin G,2024-09-06,06:29:35,-04:00,2024-09-06T06:29:35-04:00,0,51
static\global.js,108,js,c8fb46ba,Jin G,2024-09-06,06:29:35,-04:00,2024-09-06T06:29:35-04:00,0,0
static\global.js,109,js,c8fb46ba,Jin G,2024-09-06,06:29:35,-04:00,2024-09-06T06:29:35-04:00,0,49
static\global.js,110,js,c8fb46ba,Jin G,2024-09-06,06:29:35,-04:00,2024-09-06T06:29:35-04:00,0,58
static\global.js,111,js,c8fb46ba,Jin G,2024-09-06,06:29:35,-04:00,2024-09-06T06:29:35-04:00,0,0
static\global.js,112,js,c8fb46ba,Jin G,2024-09-06,06:29:35,-04:00,2024-09-06T06:29:35-04:00,0,44
static\global.js,113,js,c8fb46ba,Jin G,2024-09-06,06:29:35,-04:00,2024-09-06T06:29:35-04:00,0,31
static\global.js,114,js,c8fb46ba,Jin G,2024-09-06,06:29:35,-04:00,2024-09-06T06:29:35-04:00,0,17
static\global.js,115,js,c8fb46ba,Jin G,2024-09-06,06:29:35,-04:00,2024-09-06T06:29:35-04:00,0,0
static\global.js,116,js,c8fb46ba,Jin G,2024-09-06,06:29:35,-04:00,2024-09-06T06:29:35-04:00,0,64
static\global.js,117,js,c8fb46ba,Jin G,2024-09-06,06:29:35,-04:00,2024-09-06T06:29:35-04:00,0,32
static\global.js,118,js,c8fb46ba,Jin G,2024-09-06,06:29:35,-04:00,2024-09-06T06:29:35-04:00,0,68
static\global.js,119,js,c8fb46ba,Jin G,2024-09-06,06:29:35,-04:00,2024-09-06T06:29:35-04:00,0,71
static\global.js,120,js,c8fb46ba,Jin G,2024-09-06,06:29:35,-04:00,2024-09-06T06:29:35-04:00,0,0
static\global.js,121,js,c8fb46ba,Jin G,2024-09-06,06:29:35,-04:00,2024-09-06T06:29:35-04:00,0,0
static\global.js,122,js,c8fb46ba,Jin G,2024-09-06,06:29:35,-04:00,2024-09-06T06:29:35-04:00,0,22
static\global.js,123,js,c8fb46ba,Jin G,2024-09-06,06:29:35,-04:00,2024-09-06T06:29:35-04:00,0,61
static\global.js,124,js,c8fb46ba,Jin G,2024-09-06,06:29:35,-04:00,2024-09-06T06:29:35-04:00,0,0
static\global.js,125,js,c8fb46ba,Jin G,2024-09-06,06:29:35,-04:00,2024-09-06T06:29:35-04:00,0,62
static\global.js,126,js,c8fb46ba,Jin G,2024-09-06,06:29:35,-04:00,2024-09-06T06:29:35-04:00,0,25
static\global.js,127,js,c8fb46ba,Jin G,2024-09-06,06:29:35,-04:00,2024-09-06T06:29:35-04:00,0,0
static\global.js,128,js,c8fb46ba,Jin G,2024-09-06,06:29:35,-04:00,2024-09-06T06:29:35-04:00,0,2
src\style.css,1,css,e2824af7,Jin G,2024-09-06,12:09:07,-04:00,2024-09-06T12:09:07-04:00,0,8
src\style.css,2,css,c8fb46ba,Jin G,2024-09-06,06:29:35,-04:00,2024-09-06T06:29:35-04:00,0,18
src\style.css,3,css,e2824af7,Jin G,2024-09-06,12:09:07,-04:00,2024-09-06T12:09:07-04:00,0,3
src\style.css,4,css,c8fb46ba,Jin G,2024-09-06,06:29:35,-04:00,2024-09-06T06:29:35-04:00,0,0
src\style.css,5,css,c8fb46ba,Jin G,2024-09-06,06:29:35,-04:00,2024-09-06T06:29:35-04:00,0,0
src\style.css,6,css,c8fb46ba,Jin G,2024-09-06,06:29:35,-04:00,2024-09-06T06:29:35-04:00,0,55
src\style.css,7,css,c8fb46ba,Jin G,2024-09-06,06:29:35,-04:00,2024-09-06T06:29:35-04:00,0,6
src\style.css,8,css,fb6fd253,Jin G,2024-09-14,08:15:17,-04:00,2024-09-14T08:15:17-04:00,0,32
src\style.css,9,css,c8fb46ba,Jin G,2024-09-06,06:29:35,-04:00,2024-09-06T06:29:35-04:00,0,73
src\style.css,10,css,c8fb46ba,Jin G,2024-09-06,06:29:35,-04:00,2024-09-06T06:29:35-04:00,0,0
src\style.css,11,css,c8fb46ba,Jin G,2024-09-06,06:29:35,-04:00,2024-09-06T06:29:35-04:00,0,0
src\style.css,12,css,c8fb46ba,Jin G,2024-09-06,06:29:35,-04:00,2024-09-06T06:29:35-04:00,0,0
src\style.css,13,css,c8fb46ba,Jin G,2024-09-06,06:29:35,-04:00,2024-09-06T06:29:35-04:00,0,0
src\style.css,14,css,c8fb46ba,Jin G,2024-09-06,06:29:35,-04:00,2024-09-06T06:29:35-04:00,0,25
src\style.css,15,css,c8fb46ba,Jin G,2024-09-06,06:29:35,-04:00,2024-09-06T06:29:35-04:00,0,5
src\style.css,16,css,c8fb46ba,Jin G,2024-09-06,06:29:35,-04:00,2024-09-06T06:29:35-04:00,0,108
src\style.css,17,css,c8fb46ba,Jin G,2024-09-06,06:29:35,-04:00,2024-09-06T06:29:35-04:00,0,24
src\style.css,18,css,c8fb46ba,Jin G,2024-09-06,06:29:35,-04:00,2024-09-06T06:29:35-04:00,0,46
src\style.css,19,css,c8fb46ba,Jin G,2024-09-06,06:29:35,-04:00,2024-09-06T06:29:35-04:00,0,16
src\style.css,20,css,c8fb46ba,Jin G,2024-09-06,06:29:35,-04:00,2024-09-06T06:29:35-04:00,0,36
src\style.css,21,css,c8fb46ba,Jin G,2024-09-06,06:29:35,-04:00,2024-09-06T06:29:35-04:00,0,19
src\style.css,22,css,c8fb46ba,Jin G,2024-09-06,06:29:35,-04:00,2024-09-06T06:29:35-04:00,0,35
src\style.css,23,css,c8fb46ba,Jin G,2024-09-06,06:29:35,-04:00,2024-09-06T06:29:35-04:00,0,12
src\style.css,24,css,c8fb46ba,Jin G,2024-09-06,06:29:35,-04:00,2024-09-06T06:29:35-04:00,0,32
src\style.css,25,css,c8fb46ba,Jin G,2024-09-06,06:29:35,-04:00,2024-09-06T06:29:35-04:00,0,0
src\style.css,26,css,c8fb46ba,Jin G,2024-09-06,06:29:35,-04:00,2024-09-06T06:29:35-04:00,0,0
src\style.css,27,css,c8fb46ba,Jin G,2024-09-06,06:29:35,-04:00,2024-09-06T06:29:35-04:00,0,33
src\style.css,28,css,c8fb46ba,Jin G,2024-09-06,06:29:35,-04:00,2024-09-06T06:29:35-04:00,0,0
src\style.css,29,css,c8fb46ba,Jin G,2024-09-06,06:29:35,-04:00,2024-09-06T06:29:35-04:00,0,64
src\style.css,30,css,c8fb46ba,Jin G,2024-09-06,06:29:35,-04:00,2024-09-06T06:29:35-04:00,0,24
src\style.css,31,css,c8fb46ba,Jin G,2024-09-06,06:29:35,-04:00,2024-09-06T06:29:35-04:00,0,13
src\style.css,32,css,c8fb46ba,Jin G,2024-09-06,06:29:35,-04:00,2024-09-06T06:29:35-04:00,0,0
src\style.css,33,css,c8fb46ba,Jin G,2024-09-06,06:29:35,-04:00,2024-09-06T06:29:35-04:00,0,0
src\style.css,34,css,f94476fb,Jin G,2024-09-15,16:12:34,-04:00,2024-09-15T16:12:34-04:00,0,23
src\style.css,35,css,f94476fb,Jin G,2024-09-15,16:12:34,-04:00,2024-09-15T16:12:34-04:00,0,13
src\style.css,36,css,f94476fb,Jin G,2024-09-15,16:12:34,-04:00,2024-09-15T16:12:34-04:00,0,14
src\style.css,37,css,f94476fb,Jin G,2024-09-15,16:12:34,-04:00,2024-09-15T16:12:34-04:00,0,19
src\style.css,38,css,f94476fb,Jin G,2024-09-15,16:12:34,-04:00,2024-09-15T16:12:34-04:00,0,18
src\style.css,39,css,f94476fb,Jin G,2024-09-15,16:12:34,-04:00,2024-09-15T16:12:34-04:00,0,0
src\style.css,40,css,c8fb46ba,Jin G,2024-09-06,06:29:35,-04:00,2024-09-06T06:29:35-04:00,0,0
src\style.css,41,css,c8fb46ba,Jin G,2024-09-06,06:29:35,-04:00,2024-09-06T06:29:35-04:00,0,34
src\style.css,42,css,c8fb46ba,Jin G,2024-09-06,06:29:35,-04:00,2024-09-06T06:29:35-04:00,0,5
src\style.css,43,css,c8fb46ba,Jin G,2024-09-06,06:29:35,-04:00,2024-09-06T06:29:35-04:00,0,13
src\style.css,44,css,c8fb46ba,Jin G,2024-09-06,06:29:35,-04:00,2024-09-06T06:29:35-04:00,0,87
src\style.css,45,css,c8fb46ba,Jin G,2024-09-06,06:29:35,-04:00,2024-09-06T06:29:35-04:00,0,65
src\style.css,46,css,c8fb46ba,Jin G,2024-09-06,06:29:35,-04:00,2024-09-06T06:29:35-04:00,0,61
src\style.css,47,css,c8fb46ba,Jin G,2024-09-06,06:29:35,-04:00,2024-09-06T06:29:35-04:00,0,11
src\style.css,48,css,c8fb46ba,Jin G,2024-09-06,06:29:35,-04:00,2024-09-06T06:29:35-04:00,0,60
src\style.css,49,css,c8fb46ba,Jin G,2024-09-06,06:29:35,-04:00,2024-09-06T06:29:35-04:00,0,49
src\style.css,50,css,c8fb46ba,Jin G,2024-09-06,06:29:35,-04:00,2024-09-06T06:29:35-04:00,0,0
src\style.css,51,css,c8fb46ba,Jin G,2024-09-06,06:29:35,-04:00,2024-09-06T06:29:35-04:00,0,0
src\style.css,52,css,c8fb46ba,Jin G,2024-09-06,06:29:35,-04:00,2024-09-06T06:29:35-04:00,0,12
src\style.css,53,css,c8fb46ba,Jin G,2024-09-06,06:29:35,-04:00,2024-09-06T06:29:35-04:00,0,90
src\style.css,54,css,c8fb46ba,Jin G,2024-09-06,06:29:35,-04:00,2024-09-06T06:29:35-04:00,0,0
src\style.css,55,css,c8fb46ba,Jin G,2024-09-06,06:29:35,-04:00,2024-09-06T06:29:35-04:00,0,0
src\style.css,56,css,c8fb46ba,Jin G,2024-09-06,06:29:35,-04:00,2024-09-06T06:29:35-04:00,0,11
src\style.css,57,css,c8fb46ba,Jin G,2024-09-06,06:29:35,-04:00,2024-09-06T06:29:35-04:00,0,46
src\style.css,58,css,c8fb46ba,Jin G,2024-09-06,06:29:35,-04:00,2024-09-06T06:29:35-04:00,0,0
src\style.css,59,css,c8fb46ba,Jin G,2024-09-06,06:29:35,-04:00,2024-09-06T06:29:35-04:00,0,0
src\style.css,60,css,c8fb46ba,Jin G,2024-09-06,06:29:35,-04:00,2024-09-06T06:29:35-04:00,0,26
src\style.css,61,css,c8fb46ba,Jin G,2024-09-06,06:29:35,-04:00,2024-09-06T06:29:35-04:00,0,56
src\style.css,62,css,c8fb46ba,Jin G,2024-09-06,06:29:35,-04:00,2024-09-06T06:29:35-04:00,0,77
src\style.css,63,css,c8fb46ba,Jin G,2024-09-06,06:29:35,-04:00,2024-09-06T06:29:35-04:00,0,22
src\style.css,64,css,c8fb46ba,Jin G,2024-09-06,06:29:35,-04:00,2024-09-06T06:29:35-04:00,0,14
src\style.css,65,css,c8fb46ba,Jin G,2024-09-06,06:29:35,-04:00,2024-09-06T06:29:35-04:00,0,0
src\style.css,66,css,c8fb46ba,Jin G,2024-09-06,06:29:35,-04:00,2024-09-06T06:29:35-04:00,0,0
src\style.css,67,css,c8fb46ba,Jin G,2024-09-06,06:29:35,-04:00,2024-09-06T06:29:35-04:00,0,12
src\style.css,68,css,c8fb46ba,Jin G,2024-09-06,06:29:35,-04:00,2024-09-06T06:29:35-04:00,0,59
src\style.css,69,css,c8fb46ba,Jin G,2024-09-06,06:29:35,-04:00,2024-09-06T06:29:35-04:00,0,18
src\style.css,70,css,c8fb46ba,Jin G,2024-09-06,06:29:35,-04:00,2024-09-06T06:29:35-04:00,0,74
src\style.css,71,css,c8fb46ba,Jin G,2024-09-06,06:29:35,-04:00,2024-09-06T06:29:35-04:00,0,12
src\style.css,72,css,c8fb46ba,Jin G,2024-09-06,06:29:35,-04:00,2024-09-06T06:29:35-04:00,0,12
src\style.css,73,css,c8fb46ba,Jin G,2024-09-06,06:29:35,-04:00,2024-09-06T06:29:35-04:00,0,15
src\style.css,74,css,c8fb46ba,Jin G,2024-09-06,06:29:35,-04:00,2024-09-06T06:29:35-04:00,0,15
src\style.css,75,css,c8fb46ba,Jin G,2024-09-06,06:29:35,-04:00,2024-09-06T06:29:35-04:00,0,18
src\style.css,76,css,c8fb46ba,Jin G,2024-09-06,06:29:35,-04:00,2024-09-06T06:29:35-04:00,0,0
src\style.css,77,css,c8fb46ba,Jin G,2024-09-06,06:29:35,-04:00,2024-09-06T06:29:35-04:00,0,0
src\style.css,78,css,c8fb46ba,Jin G,2024-09-06,06:29:35,-04:00,2024-09-06T06:29:35-04:00,0,6
src\style.css,79,css,c8fb46ba,Jin G,2024-09-06,06:29:35,-04:00,2024-09-06T06:29:35-04:00,0,65
src\style.css,80,css,c8fb46ba,Jin G,2024-09-06,06:29:35,-04:00,2024-09-06T06:29:35-04:00,0,0
src\style.css,81,css,c8fb46ba,Jin G,2024-09-06,06:29:35,-04:00,2024-09-06T06:29:35-04:00,0,0
src\style.css,82,css,c8fb46ba,Jin G,2024-09-06,06:29:35,-04:00,2024-09-06T06:29:35-04:00,0,0
src\style.css,83,css,c8fb46ba,Jin G,2024-09-06,06:29:35,-04:00,2024-09-06T06:29:35-04:00,0,0
src\style.css,84,css,c8fb46ba,Jin G,2024-09-06,06:29:35,-04:00,2024-09-06T06:29:35-04:00,0,3
src\style.css,85,css,c8fb46ba,Jin G,2024-09-06,06:29:35,-04:00,2024-09-06T06:29:35-04:00,0,9
src\style.css,86,css,c8fb46ba,Jin G,2024-09-06,06:29:35,-04:00,2024-09-06T06:29:35-04:00,0,0
src\app.html,1,html,adb1300,Jin G,2024-09-06,05:46:14,-04:00,2024-09-06T05:46:14-04:00,0,14
src\app.html,2,html,adb1300,Jin G,2024-09-06,05:46:14,-04:00,2024-09-06T05:46:14-04:00,0,15
src\app.html,3,html,adb1300,Jin G,2024-09-06,05:46:14,-04:00,2024-09-06T05:46:14-04:00,1,5
src\app.html,4,html,adb1300,Jin G,2024-09-06,05:46:14,-04:00,2024-09-06T05:46:14-04:00,2,23
src\app.html,5,html,c8fb46ba,Jin G,2024-09-06,06:29:35,-04:00,2024-09-06T06:29:35-04:00,2,42
src\app.html,6,html,adb1300,Jin G,2024-09-06,05:46:14,-04:00,2024-09-06T05:46:14-04:00,2,56
src\app.html,7,html,c8fb46ba,Jin G,2024-09-06,06:29:35,-04:00,2024-09-06T06:29:35-04:00,2,65
src\app.html,8,html,34926d35,Jin G,2024-09-06,09:40:34,-04:00,2024-09-06T09:40:34-04:00,0,0
src\app.html,9,html,adb1300,Jin G,2024-09-06,05:46:14,-04:00,2024-09-06T05:46:14-04:00,2,69
src\app.html,10,html,adb1300,Jin G,2024-09-06,05:46:14,-04:00,2024-09-06T05:46:14-04:00,2,15
src\app.html,11,html,adb1300,Jin G,2024-09-06,05:46:14,-04:00,2024-09-06T05:46:14-04:00,1,6
src\app.html,12,html,73c6ea41,Jin G,2024-09-06,17:04:48,-04:00,2024-09-06T17:04:48-04:00,1,34
src\app.html,13,html,73c6ea41,Jin G,2024-09-06,17:04:48,-04:00,2024-09-06T17:04:48-04:00,1,7
src\app.html,14,html,9d554aca,Jin G,2024-09-18,14:58:26,-04:00,2024-09-18T14:58:26-04:00,0,33
src\app.html,15,html,73c6ea41,Jin G,2024-09-06,17:04:48,-04:00,2024-09-06T17:04:48-04:00,2,35
src\app.html,16,html,73c6ea41,Jin G,2024-09-06,17:04:48,-04:00,2024-09-06T17:04:48-04:00,2,58
src\app.html,17,html,73c6ea41,Jin G,2024-09-06,17:04:48,-04:00,2024-09-06T17:04:48-04:00,2,51
src\app.html,18,html,73c6ea41,Jin G,2024-09-06,17:04:48,-04:00,2024-09-06T17:04:48-04:00,1,8
src\app.html,19,html,adb1300,Jin G,2024-09-06,05:46:14,-04:00,2024-09-06T05:46:14-04:00,1,41
src\app.html,20,html,adb1300,Jin G,2024-09-06,05:46:14,-04:00,2024-09-06T05:46:14-04:00,2,52
src\app.html,21,html,adb1300,Jin G,2024-09-06,05:46:14,-04:00,2024-09-06T05:46:14-04:00,1,6
src\app.html,22,html,adb1300,Jin G,2024-09-06,05:46:14,-04:00,2024-09-06T05:46:14-04:00,0,6
src\routes\+page.svelte,1,svelte,5f5f3b14,Jin G,2024-09-06,09:12:11,-04:00,2024-09-06T09:12:11-04:00,0,7
src\routes\+page.svelte,2,js,d4a14c3b,Jin G,2024-09-17,15:52:40,-04:00,2024-09-17T15:52:40-04:00,0,33
src\routes\+page.svelte,3,js,9d554aca,Jin G,2024-09-18,14:58:26,-04:00,2024-09-18T14:58:26-04:00,0,57
src\routes\+page.svelte,4,svelte,5f5f3b14,Jin G,2024-09-06,09:12:11,-04:00,2024-09-06T09:12:11-04:00,0,8
src\routes\+page.svelte,5,svelte,5f5f3b14,Jin G,2024-09-06,09:12:11,-04:00,2024-09-06T09:12:11-04:00,0,0
src\routes\+page.svelte,6,svelte,c8fb46ba,Jin G,2024-09-06,06:29:35,-04:00,2024-09-06T06:29:35-04:00,0,12
src\routes\+page.svelte,7,svelte,5f5f3b14,Jin G,2024-09-06,09:12:11,-04:00,2024-09-06T09:12:11-04:00,0,18
src\routes\+page.svelte,8,svelte,c8fb46ba,Jin G,2024-09-06,06:29:35,-04:00,2024-09-06T06:29:35-04:00,0,13
src\routes\+page.svelte,9,svelte,c8fb46ba,Jin G,2024-09-06,06:29:35,-04:00,2024-09-06T06:29:35-04:00,0,0
src\routes\+page.svelte,10,svelte,e23a9043,Jin G,2024-09-16,00:27:49,-04:00,2024-09-16T00:27:49-04:00,0,69
src\routes\+page.svelte,11,svelte,97e92818,Jin G,2024-09-16,10:51:48,-04:00,2024-09-16T10:51:48-04:00,0,0
src\routes\+page.svelte,12,svelte,4f040deb,Jin G,2024-09-16,19:25:08,-04:00,2024-09-16T19:25:08-04:00,0,33
src\routes\+page.svelte,13,svelte,4f040deb,Jin G,2024-09-16,19:25:08,-04:00,2024-09-16T19:25:08-04:00,0,28
src\routes\+page.svelte,14,svelte,d4a14c3b,Jin G,2024-09-17,15:52:40,-04:00,2024-09-17T15:52:40-04:00,0,65
src\routes\+page.svelte,15,svelte,4f040deb,Jin G,2024-09-16,19:25:08,-04:00,2024-09-16T19:25:08-04:00,0,5
src\routes\+page.svelte,16,svelte,4f040deb,Jin G,2024-09-16,19:25:08,-04:00,2024-09-16T19:25:08-04:00,0,27
src\routes\+page.svelte,17,svelte,4f040deb,Jin G,2024-09-16,19:25:08,-04:00,2024-09-16T19:25:08-04:00,0,20
src\routes\+page.svelte,18,svelte,4f040deb,Jin G,2024-09-16,19:25:08,-04:00,2024-09-16T19:25:08-04:00,0,2
src\routes\+page.svelte,19,svelte,7167be84,Jin G,2024-09-19,17:09:15,-04:00,2024-09-19T17:09:15-04:00,0,206
src\routes\+page.svelte,20,svelte,4f040deb,Jin G,2024-09-16,19:25:08,-04:00,2024-09-16T19:25:08-04:00,0,108
src\routes\+page.svelte,21,svelte,4f040deb,Jin G,2024-09-16,19:25:08,-04:00,2024-09-16T19:25:08-04:00,0,3
src\routes\+page.svelte,22,svelte,4f040deb,Jin G,2024-09-16,19:25:08,-04:00,2024-09-16T19:25:08-04:00,0,5
src\routes\+page.svelte,23,svelte,5f5f3b14,Jin G,2024-09-06,09:12:11,-04:00,2024-09-06T09:12:11-04:00,0,5
src\routes\+page.svelte,24,svelte,ef4907d7,Jin G,2024-09-06,06:51:49,-04:00,2024-09-06T06:51:49-04:00,0,0
src\routes\+page.svelte,25,svelte,4f040deb,Jin G,2024-09-16,19:25:08,-04:00,2024-09-16T19:25:08-04:00,0,17
src\routes\+page.svelte,26,svelte,4f040deb,Jin G,2024-09-16,19:25:08,-04:00,2024-09-16T19:25:08-04:00,0,0
src\routes\+page.svelte,27,svelte,5f5f3b14,Jin G,2024-09-06,09:12:11,-04:00,2024-09-06T09:12:11-04:00,0,6
src\routes\+page.svelte,28,css,4f040deb,Jin G,2024-09-16,19:25:08,-04:00,2024-09-16T19:25:08-04:00,0,22
src\routes\+page.svelte,29,css,4f040deb,Jin G,2024-09-16,19:25:08,-04:00,2024-09-16T19:25:08-04:00,0,13
src\routes\+page.svelte,30,css,4f040deb,Jin G,2024-09-16,19:25:08,-04:00,2024-09-16T19:25:08-04:00,0,48
src\routes\+page.svelte,31,css,4f040deb,Jin G,2024-09-16,19:25:08,-04:00,2024-09-16T19:25:08-04:00,0,62
src\routes\+page.svelte,32,css,4f040deb,Jin G,2024-09-16,19:25:08,-04:00,2024-09-16T19:25:08-04:00,0,65
src\routes\+page.svelte,33,css,4f040deb,Jin G,2024-09-16,19:25:08,-04:00,2024-09-16T19:25:08-04:00,0,0
src\routes\+page.svelte,34,css,4f040deb,Jin G,2024-09-16,19:25:08,-04:00,2024-09-16T19:25:08-04:00,0,0
src\routes\+page.svelte,35,css,4f040deb,Jin G,2024-09-16,19:25:08,-04:00,2024-09-16T19:25:08-04:00,0,17
src\routes\+page.svelte,36,css,4f040deb,Jin G,2024-09-16,19:25:08,-04:00,2024-09-16T19:25:08-04:00,0,36
src\routes\+page.svelte,37,css,4f040deb,Jin G,2024-09-16,19:25:08,-04:00,2024-09-16T19:25:08-04:00,0,59
src\routes\+page.svelte,38,css,4f040deb,Jin G,2024-09-16,19:25:08,-04:00,2024-09-16T19:25:08-04:00,0,13
src\routes\+page.svelte,39,css,4f040deb,Jin G,2024-09-16,19:25:08,-04:00,2024-09-16T19:25:08-04:00,0,58
src\routes\+page.svelte,40,css,4f040deb,Jin G,2024-09-16,19:25:08,-04:00,2024-09-16T19:25:08-04:00,0,0
src\routes\+page.svelte,41,css,4f040deb,Jin G,2024-09-16,19:25:08,-04:00,2024-09-16T19:25:08-04:00,0,0
src\routes\+page.svelte,42,css,4f040deb,Jin G,2024-09-16,19:25:08,-04:00,2024-09-16T19:25:08-04:00,0,21
src\routes\+page.svelte,43,css,4f040deb,Jin G,2024-09-16,19:25:08,-04:00,2024-09-16T19:25:08-04:00,0,45
src\routes\+page.svelte,44,css,4f040deb,Jin G,2024-09-16,19:25:08,-04:00,2024-09-16T19:25:08-04:00,0,40
src\routes\+page.svelte,45,css,4f040deb,Jin G,2024-09-16,19:25:08,-04:00,2024-09-16T19:25:08-04:00,0,37
src\routes\+page.svelte,46,css,4f040deb,Jin G,2024-09-16,19:25:08,-04:00,2024-09-16T19:25:08-04:00,0,76
src\routes\+page.svelte,47,css,4f040deb,Jin G,2024-09-16,19:25:08,-04:00,2024-09-16T19:25:08-04:00,0,0
src\routes\+page.svelte,48,css,4f040deb,Jin G,2024-09-16,19:25:08,-04:00,2024-09-16T19:25:08-04:00,0,0
src\routes\+page.svelte,49,css,4f040deb,Jin G,2024-09-16,19:25:08,-04:00,2024-09-16T19:25:08-04:00,0,16
src\routes\+page.svelte,50,css,4f040deb,Jin G,2024-09-16,19:25:08,-04:00,2024-09-16T19:25:08-04:00,0,46
src\routes\+page.svelte,51,css,4f040deb,Jin G,2024-09-16,19:25:08,-04:00,2024-09-16T19:25:08-04:00,0,47
src\routes\+page.svelte,52,css,4f040deb,Jin G,2024-09-16,19:25:08,-04:00,2024-09-16T19:25:08-04:00,0,46
src\routes\+page.svelte,53,css,4f040deb,Jin G,2024-09-16,19:25:08,-04:00,2024-09-16T19:25:08-04:00,0,0
src\routes\+page.svelte,54,css,4f040deb,Jin G,2024-09-16,19:25:08,-04:00,2024-09-16T19:25:08-04:00,0,0
src\routes\+page.svelte,55,css,4f040deb,Jin G,2024-09-16,19:25:08,-04:00,2024-09-16T19:25:08-04:00,0,11
src\routes\+page.svelte,56,css,4f040deb,Jin G,2024-09-16,19:25:08,-04:00,2024-09-16T19:25:08-04:00,0,18
src\routes\+page.svelte,57,css,4f040deb,Jin G,2024-09-16,19:25:08,-04:00,2024-09-16T19:25:08-04:00,0,16
src\routes\+page.svelte,58,css,4f040deb,Jin G,2024-09-16,19:25:08,-04:00,2024-09-16T19:25:08-04:00,0,0
src\routes\+page.svelte,59,css,4f040deb,Jin G,2024-09-16,19:25:08,-04:00,2024-09-16T19:25:08-04:00,0,0
src\routes\+page.svelte,60,css,4f040deb,Jin G,2024-09-16,19:25:08,-04:00,2024-09-16T19:25:08-04:00,0,3
src\routes\+page.svelte,61,css,4f040deb,Jin G,2024-09-16,19:25:08,-04:00,2024-09-16T19:25:08-04:00,0,54
src\routes\+page.svelte,62,css,4f040deb,Jin G,2024-09-16,19:25:08,-04:00,2024-09-16T19:25:08-04:00,0,0
src\routes\+page.svelte,63,svelte,4f040deb,Jin G,2024-09-16,19:25:08,-04:00,2024-09-16T19:25:08-04:00,0,7
src\routes\+layout.svelte,1,svelte,34926d35,Jin G,2024-09-06,09:40:34,-04:00,2024-09-06T09:40:34-04:00,0,7
src\routes\+layout.svelte,2,js,9d554aca,Jin G,2024-09-18,14:58:26,-04:00,2024-09-18T14:58:26-04:00,0,33
src\routes\+layout.svelte,3,js,f94476fb,Jin G,2024-09-15,16:12:34,-04:00,2024-09-15T16:12:34-04:00,0,34
src\routes\+layout.svelte,4,js,f94476fb,Jin G,2024-09-15,16:12:34,-04:00,2024-09-15T16:12:34-04:00,0,21
src\routes\+layout.svelte,5,js,f94476fb,Jin G,2024-09-15,16:12:34,-04:00,2024-09-15T16:12:34-04:00,0,0
src\routes\+layout.svelte,6,js,f94476fb,Jin G,2024-09-15,16:12:34,-04:00,2024-09-15T16:12:34-04:00,0,12
src\routes\+layout.svelte,7,js,ba2ab4fd,Jin G,2024-09-18,10:40:05,-04:00,2024-09-18T10:40:05-04:00,0,34
src\routes\+layout.svelte,8,js,f94476fb,Jin G,2024-09-15,16:12:34,-04:00,2024-09-15T16:12:34-04:00,0,0
src\routes\+layout.svelte,9,js,f94476fb,Jin G,2024-09-15,16:12:34,-04:00,2024-09-15T16:12:34-04:00,0,17
src\routes\+layout.svelte,10,js,f94476fb,Jin G,2024-09-15,16:12:34,-04:00,2024-09-15T16:12:34-04:00,0,10
src\routes\+layout.svelte,11,js,f94476fb,Jin G,2024-09-15,16:12:34,-04:00,2024-09-15T16:12:34-04:00,0,51
src\routes\+layout.svelte,12,js,ba2ab4fd,Jin G,2024-09-18,10:40:05,-04:00,2024-09-18T10:40:05-04:00,0,76
src\routes\+layout.svelte,13,js,ba2ab4fd,Jin G,2024-09-18,10:40:05,-04:00,2024-09-18T10:40:05-04:00,0,87
src\routes\+layout.svelte,14,js,ba2ab4fd,Jin G,2024-09-18,10:40:05,-04:00,2024-09-18T10:40:05-04:00,0,113
src\routes\+layout.svelte,15,js,f94476fb,Jin G,2024-09-15,16:12:34,-04:00,2024-09-15T16:12:34-04:00,0,0
src\routes\+layout.svelte,16,js,f94476fb,Jin G,2024-09-15,16:12:34,-04:00,2024-09-15T16:12:34-04:00,0,46
src\routes\+layout.svelte,17,js,ba2ab4fd,Jin G,2024-09-18,10:40:05,-04:00,2024-09-18T10:40:05-04:00,0,83
src\routes\+layout.svelte,18,js,ba2ab4fd,Jin G,2024-09-18,10:40:05,-04:00,2024-09-18T10:40:05-04:00,0,67
src\routes\+layout.svelte,19,js,ba2ab4fd,Jin G,2024-09-18,10:40:05,-04:00,2024-09-18T10:40:05-04:00,0,82
src\routes\+layout.svelte,20,js,ba2ab4fd,Jin G,2024-09-18,10:40:05,-04:00,2024-09-18T10:40:05-04:00,0,67
src\routes\+layout.svelte,21,js,d296da73,Jin G,2024-09-19,09:23:23,-04:00,2024-09-19T09:23:23-04:00,0,81
src\routes\+layout.svelte,22,js,ba2ab4fd,Jin G,2024-09-18,10:40:05,-04:00,2024-09-18T10:40:05-04:00,0,97
src\routes\+layout.svelte,23,js,f94476fb,Jin G,2024-09-15,16:12:34,-04:00,2024-09-15T16:12:34-04:00,0,0
src\routes\+layout.svelte,24,js,f94476fb,Jin G,2024-09-15,16:12:34,-04:00,2024-09-15T16:12:34-04:00,0,47
src\routes\+layout.svelte,25,js,ba2ab4fd,Jin G,2024-09-18,10:40:05,-04:00,2024-09-18T10:40:05-04:00,0,86
src\routes\+layout.svelte,26,js,ba2ab4fd,Jin G,2024-09-18,10:40:05,-04:00,2024-09-18T10:40:05-04:00,0,84
src\routes\+layout.svelte,27,js,ba2ab4fd,Jin G,2024-09-18,10:40:05,-04:00,2024-09-18T10:40:05-04:00,0,86
src\routes\+layout.svelte,28,js,d8a4349e,Jin G,2024-09-15,18:32:45,-04:00,2024-09-15T18:32:45-04:00,0,0
src\routes\+layout.svelte,29,js,d8a4349e,Jin G,2024-09-15,18:32:45,-04:00,2024-09-15T18:32:45-04:00,0,56
src\routes\+layout.svelte,30,js,ba2ab4fd,Jin G,2024-09-18,10:40:05,-04:00,2024-09-18T10:40:05-04:00,0,94
src\routes\+layout.svelte,31,js,f94476fb,Jin G,2024-09-15,16:12:34,-04:00,2024-09-15T16:12:34-04:00,0,1
src\routes\+layout.svelte,32,js,f94476fb,Jin G,2024-09-15,16:12:34,-04:00,2024-09-15T16:12:34-04:00,0,1
src\routes\+layout.svelte,33,js,f94476fb,Jin G,2024-09-15,16:12:34,-04:00,2024-09-15T16:12:34-04:00,0,0
src\routes\+layout.svelte,34,js,f94476fb,Jin G,2024-09-15,16:12:34,-04:00,2024-09-15T16:12:34-04:00,0,20
src\routes\+layout.svelte,35,js,f94476fb,Jin G,2024-09-15,16:12:34,-04:00,2024-09-15T16:12:34-04:00,0,10
src\routes\+layout.svelte,36,js,ba2ab4fd,Jin G,2024-09-18,10:40:05,-04:00,2024-09-18T10:40:05-04:00,0,82
src\routes\+layout.svelte,37,js,ba2ab4fd,Jin G,2024-09-18,10:40:05,-04:00,2024-09-18T10:40:05-04:00,0,82
src\routes\+layout.svelte,38,js,ba2ab4fd,Jin G,2024-09-18,10:40:05,-04:00,2024-09-18T10:40:05-04:00,0,82
src\routes\+layout.svelte,39,js,f94476fb,Jin G,2024-09-15,16:12:34,-04:00,2024-09-15T16:12:34-04:00,0,1
src\routes\+layout.svelte,40,js,f94476fb,Jin G,2024-09-15,16:12:34,-04:00,2024-09-15T16:12:34-04:00,0,1
src\routes\+layout.svelte,41,js,f94476fb,Jin G,2024-09-15,16:12:34,-04:00,2024-09-15T16:12:34-04:00,0,0
src\routes\+layout.svelte,42,js,f94476fb,Jin G,2024-09-15,16:12:34,-04:00,2024-09-15T16:12:34-04:00,0,13
src\routes\+layout.svelte,43,js,f94476fb,Jin G,2024-09-15,16:12:34,-04:00,2024-09-15T16:12:34-04:00,0,10
src\routes\+layout.svelte,44,js,f94476fb,Jin G,2024-09-15,16:12:34,-04:00,2024-09-15T16:12:34-04:00,0,92
src\routes\+layout.svelte,45,js,ba2ab4fd,Jin G,2024-09-18,10:40:05,-04:00,2024-09-18T10:40:05-04:00,0,75
src\routes\+layout.svelte,46,js,ba2ab4fd,Jin G,2024-09-18,10:40:05,-04:00,2024-09-18T10:40:05-04:00,0,87
src\routes\+layout.svelte,47,js,ba2ab4fd,Jin G,2024-09-18,10:40:05,-04:00,2024-09-18T10:40:05-04:00,0,83
src\routes\+layout.svelte,48,js,ba2ab4fd,Jin G,2024-09-18,10:40:05,-04:00,2024-09-18T10:40:05-04:00,0,85
src\routes\+layout.svelte,49,js,ba2ab4fd,Jin G,2024-09-18,10:40:05,-04:00,2024-09-18T10:40:05-04:00,0,85
src\routes\+layout.svelte,50,js,f94476fb,Jin G,2024-09-15,16:12:34,-04:00,2024-09-15T16:12:34-04:00,0,1
src\routes\+layout.svelte,51,js,f94476fb,Jin G,2024-09-15,16:12:34,-04:00,2024-09-15T16:12:34-04:00,0,1
src\routes\+layout.svelte,52,js,ba2ab4fd,Jin G,2024-09-18,10:40:05,-04:00,2024-09-18T10:40:05-04:00,0,60
src\routes\+layout.svelte,53,js,f94476fb,Jin G,2024-09-15,16:12:34,-04:00,2024-09-15T16:12:34-04:00,0,69
src\routes\+layout.svelte,54,js,f94476fb,Jin G,2024-09-15,16:12:34,-04:00,2024-09-15T16:12:34-04:00,0,67
src\routes\+layout.svelte,55,js,f94476fb,Jin G,2024-09-15,16:12:34,-04:00,2024-09-15T16:12:34-04:00,0,1
src\routes\+layout.svelte,56,js,f94476fb,Jin G,2024-09-15,16:12:34,-04:00,2024-09-15T16:12:34-04:00,0,0
src\routes\+layout.svelte,57,js,f94476fb,Jin G,2024-09-15,16:12:34,-04:00,2024-09-15T16:12:34-04:00,0,48
src\routes\+layout.svelte,58,js,f94476fb,Jin G,2024-09-15,16:12:34,-04:00,2024-09-15T16:12:34-04:00,0,41
src\routes\+layout.svelte,59,js,f94476fb,Jin G,2024-09-15,16:12:34,-04:00,2024-09-15T16:12:34-04:00,0,25
src\routes\+layout.svelte,60,js,f94476fb,Jin G,2024-09-15,16:12:34,-04:00,2024-09-15T16:12:34-04:00,0,14
src\routes\+layout.svelte,61,js,f94476fb,Jin G,2024-09-15,16:12:34,-04:00,2024-09-15T16:12:34-04:00,0,41
src\routes\+layout.svelte,62,js,f94476fb,Jin G,2024-09-15,16:12:34,-04:00,2024-09-15T16:12:34-04:00,0,0
src\routes\+layout.svelte,63,js,f94476fb,Jin G,2024-09-15,16:12:34,-04:00,2024-09-15T16:12:34-04:00,0,48
src\routes\+layout.svelte,64,js,f94476fb,Jin G,2024-09-15,16:12:34,-04:00,2024-09-15T16:12:34-04:00,0,55
src\routes\+layout.svelte,65,js,f94476fb,Jin G,2024-09-15,16:12:34,-04:00,2024-09-15T16:12:34-04:00,0,0
src\routes\+layout.svelte,66,js,f94476fb,Jin G,2024-09-15,16:12:34,-04:00,2024-09-15T16:12:34-04:00,0,62
src\routes\+layout.svelte,67,js,f94476fb,Jin G,2024-09-15,16:12:34,-04:00,2024-09-15T16:12:34-04:00,0,23
src\routes\+layout.svelte,68,js,f94476fb,Jin G,2024-09-15,16:12:34,-04:00,2024-09-15T16:12:34-04:00,0,0
src\routes\+layout.svelte,69,js,f94476fb,Jin G,2024-09-15,16:12:34,-04:00,2024-09-15T16:12:34-04:00,0,47
src\routes\+layout.svelte,70,js,f94476fb,Jin G,2024-09-15,16:12:34,-04:00,2024-09-15T16:12:34-04:00,0,19
src\routes\+layout.svelte,71,js,f94476fb,Jin G,2024-09-15,16:12:34,-04:00,2024-09-15T16:12:34-04:00,0,0
src\routes\+layout.svelte,72,js,f94476fb,Jin G,2024-09-15,16:12:34,-04:00,2024-09-15T16:12:34-04:00,0,46
src\routes\+layout.svelte,73,js,f94476fb,Jin G,2024-09-15,16:12:34,-04:00,2024-09-15T16:12:34-04:00,0,38
src\routes\+layout.svelte,74,js,f94476fb,Jin G,2024-09-15,16:12:34,-04:00,2024-09-15T16:12:34-04:00,0,46
src\routes\+layout.svelte,75,js,f94476fb,Jin G,2024-09-15,16:12:34,-04:00,2024-09-15T16:12:34-04:00,0,28
src\routes\+layout.svelte,76,js,f94476fb,Jin G,2024-09-15,16:12:34,-04:00,2024-09-15T16:12:34-04:00,0,36
src\routes\+layout.svelte,77,js,f94476fb,Jin G,2024-09-15,16:12:34,-04:00,2024-09-15T16:12:34-04:00,0,29
src\routes\+layout.svelte,78,js,f94476fb,Jin G,2024-09-15,16:12:34,-04:00,2024-09-15T16:12:34-04:00,0,0
src\routes\+layout.svelte,79,js,f94476fb,Jin G,2024-09-15,16:12:34,-04:00,2024-09-15T16:12:34-04:00,0,33
src\routes\+layout.svelte,80,js,f94476fb,Jin G,2024-09-15,16:12:34,-04:00,2024-09-15T16:12:34-04:00,0,25
src\routes\+layout.svelte,81,js,f94476fb,Jin G,2024-09-15,16:12:34,-04:00,2024-09-15T16:12:34-04:00,0,0
src\routes\+layout.svelte,82,js,e2824af7,Jin G,2024-09-06,12:09:07,-04:00,2024-09-06T12:09:07-04:00,0,0
src\routes\+layout.svelte,83,js,f94476fb,Jin G,2024-09-15,16:12:34,-04:00,2024-09-15T16:12:34-04:00,0,45
src\routes\+layout.svelte,84,js,f94476fb,Jin G,2024-09-15,16:12:34,-04:00,2024-09-15T16:12:34-04:00,0,38
src\routes\+layout.svelte,85,js,f94476fb,Jin G,2024-09-15,16:12:34,-04:00,2024-09-15T16:12:34-04:00,0,42
src\routes\+layout.svelte,86,js,f94476fb,Jin G,2024-09-15,16:12:34,-04:00,2024-09-15T16:12:34-04:00,0,33
src\routes\+layout.svelte,87,js,f94476fb,Jin G,2024-09-15,16:12:34,-04:00,2024-09-15T16:12:34-04:00,0,19
src\routes\+layout.svelte,88,js,f94476fb,Jin G,2024-09-15,16:12:34,-04:00,2024-09-15T16:12:34-04:00,0,0
src\routes\+layout.svelte,89,js,f94476fb,Jin G,2024-09-15,16:12:34,-04:00,2024-09-15T16:12:34-04:00,0,29
src\routes\+layout.svelte,90,js,f94476fb,Jin G,2024-09-15,16:12:34,-04:00,2024-09-15T16:12:34-04:00,0,53
src\routes\+layout.svelte,91,js,f94476fb,Jin G,2024-09-15,16:12:34,-04:00,2024-09-15T16:12:34-04:00,0,0
src\routes\+layout.svelte,92,svelte,34926d35,Jin G,2024-09-06,09:40:34,-04:00,2024-09-06T09:40:34-04:00,0,8
src\routes\+layout.svelte,93,svelte,e2824af7,Jin G,2024-09-06,12:09:07,-04:00,2024-09-06T12:09:07-04:00,0,0
src\routes\+layout.svelte,94,svelte,73c6ea41,Jin G,2024-09-06,17:04:48,-04:00,2024-09-06T17:04:48-04:00,0,55
src\routes\+layout.svelte,95,svelte,73c6ea41,Jin G,2024-09-06,17:04:48,-04:00,2024-09-06T17:04:48-04:00,0,0
src\routes\+layout.svelte,96,svelte,f94476fb,Jin G,2024-09-15,16:12:34,-04:00,2024-09-15T16:12:34-04:00,0,5
src\routes\+layout.svelte,97,svelte,f94476fb,Jin G,2024-09-15,16:12:34,-04:00,2024-09-15T16:12:34-04:00,0,19
src\routes\+layout.svelte,98,svelte,f94476fb,Jin G,2024-09-15,16:12:34,-04:00,2024-09-15T16:12:34-04:00,0,66
src\routes\+layout.svelte,99,svelte,f94476fb,Jin G,2024-09-15,16:12:34,-04:00,2024-09-15T16:12:34-04:00,0,0
src\routes\+layout.svelte,100,svelte,f94476fb,Jin G,2024-09-15,16:12:34,-04:00,2024-09-15T16:12:34-04:00,0,5
src\routes\+layout.svelte,101,svelte,f94476fb,Jin G,2024-09-15,16:12:34,-04:00,2024-09-15T16:12:34-04:00,0,57
src\routes\+layout.svelte,102,svelte,f94476fb,Jin G,2024-09-15,16:12:34,-04:00,2024-09-15T16:12:34-04:00,0,39
src\routes\+layout.svelte,103,svelte,f94476fb,Jin G,2024-09-15,16:12:34,-04:00,2024-09-15T16:12:34-04:00,0,35
src\routes\+layout.svelte,104,svelte,f94476fb,Jin G,2024-09-15,16:12:34,-04:00,2024-09-15T16:12:34-04:00,0,33
src\routes\+layout.svelte,105,svelte,f94476fb,Jin G,2024-09-15,16:12:34,-04:00,2024-09-15T16:12:34-04:00,0,8
src\routes\+layout.svelte,106,svelte,e2824af7,Jin G,2024-09-06,12:09:07,-04:00,2024-09-06T12:09:07-04:00,0,7
src\routes\+layout.svelte,107,svelte,e2824af7,Jin G,2024-09-06,12:09:07,-04:00,2024-09-06T12:09:07-04:00,0,0
src\routes\+layout.svelte,108,svelte,f94476fb,Jin G,2024-09-15,16:12:34,-04:00,2024-09-15T16:12:34-04:00,0,22
src\routes\+layout.svelte,109,svelte,34926d35,Jin G,2024-09-06,09:40:34,-04:00,2024-09-06T09:40:34-04:00,0,4
src\routes\+layout.svelte,110,svelte,f94476fb,Jin G,2024-09-15,16:12:34,-04:00,2024-09-15T16:12:34-04:00,0,24
src\routes\+layout.svelte,111,svelte,f94476fb,Jin G,2024-09-15,16:12:34,-04:00,2024-09-15T16:12:34-04:00,0,15
src\routes\+layout.svelte,112,svelte,f94476fb,Jin G,2024-09-15,16:12:34,-04:00,2024-09-15T16:12:34-04:00,0,121
src\routes\+layout.svelte,113,svelte,f94476fb,Jin G,2024-09-15,16:12:34,-04:00,2024-09-15T16:12:34-04:00,0,21
src\routes\+layout.svelte,114,svelte,f94476fb,Jin G,2024-09-15,16:12:34,-04:00,2024-09-15T16:12:34-04:00,0,27
src\routes\+layout.svelte,115,svelte,f94476fb,Jin G,2024-09-15,16:12:34,-04:00,2024-09-15T16:12:34-04:00,0,29
src\routes\+layout.svelte,116,svelte,f94476fb,Jin G,2024-09-15,16:12:34,-04:00,2024-09-15T16:12:34-04:00,0,26
src\routes\+layout.svelte,117,svelte,f94476fb,Jin G,2024-09-15,16:12:34,-04:00,2024-09-15T16:12:34-04:00,0,26
src\routes\+layout.svelte,118,svelte,f94476fb,Jin G,2024-09-15,16:12:34,-04:00,2024-09-15T16:12:34-04:00,0,87
src\routes\+layout.svelte,119,svelte,f94476fb,Jin G,2024-09-15,16:12:34,-04:00,2024-09-15T16:12:34-04:00,0,34
src\routes\+layout.svelte,120,svelte,f94476fb,Jin G,2024-09-15,16:12:34,-04:00,2024-09-15T16:12:34-04:00,0,39
src\routes\+layout.svelte,121,svelte,f94476fb,Jin G,2024-09-15,16:12:34,-04:00,2024-09-15T16:12:34-04:00,0,4
src\routes\+layout.svelte,122,svelte,f94476fb,Jin G,2024-09-15,16:12:34,-04:00,2024-09-15T16:12:34-04:00,0,6
src\routes\+layout.svelte,123,svelte,f94476fb,Jin G,2024-09-15,16:12:34,-04:00,2024-09-15T16:12:34-04:00,0,5
src\routes\+layout.svelte,124,svelte,f94476fb,Jin G,2024-09-15,16:12:34,-04:00,2024-09-15T16:12:34-04:00,0,4
src\routes\+layout.svelte,125,svelte,f94476fb,Jin G,2024-09-15,16:12:34,-04:00,2024-09-15T16:12:34-04:00,0,5
src\routes\+layout.svelte,126,svelte,f94476fb,Jin G,2024-09-15,16:12:34,-04:00,2024-09-15T16:12:34-04:00,0,6
src\routes\+layout.svelte,127,svelte,f94476fb,Jin G,2024-09-15,16:12:34,-04:00,2024-09-15T16:12:34-04:00,0,189
src\routes\+layout.svelte,128,svelte,f94476fb,Jin G,2024-09-15,16:12:34,-04:00,2024-09-15T16:12:34-04:00,0,4
src\routes\+layout.svelte,129,svelte,34926d35,Jin G,2024-09-06,09:40:34,-04:00,2024-09-06T09:40:34-04:00,0,6
src\routes\+layout.svelte,130,svelte,34926d35,Jin G,2024-09-06,09:40:34,-04:00,2024-09-06T09:40:34-04:00,0,5
src\routes\+layout.svelte,131,svelte,34926d35,Jin G,2024-09-06,09:40:34,-04:00,2024-09-06T09:40:34-04:00,0,7
src\routes\+layout.svelte,132,svelte,34926d35,Jin G,2024-09-06,09:40:34,-04:00,2024-09-06T09:40:34-04:00,0,0
src\routes\+layout.svelte,133,svelte,34926d35,Jin G,2024-09-06,09:40:34,-04:00,2024-09-06T09:40:34-04:00,0,6
src\routes\+layout.svelte,134,css,f94476fb,Jin G,2024-09-15,16:12:34,-04:00,2024-09-15T16:12:34-04:00,0,89
src\routes\+layout.svelte,135,css,f94476fb,Jin G,2024-09-15,16:12:34,-04:00,2024-09-15T16:12:34-04:00,0,1
src\routes\+layout.svelte,136,css,f94476fb,Jin G,2024-09-15,16:12:34,-04:00,2024-09-15T16:12:34-04:00,0,6
src\routes\+layout.svelte,137,css,f94476fb,Jin G,2024-09-15,16:12:34,-04:00,2024-09-15T16:12:34-04:00,0,7
src\routes\+layout.svelte,138,css,34926d35,Jin G,2024-09-06,09:40:34,-04:00,2024-09-06T09:40:34-04:00,0,17
src\routes\+layout.svelte,139,css,34926d35,Jin G,2024-09-06,09:40:34,-04:00,2024-09-06T09:40:34-04:00,0,0
src\routes\+layout.svelte,140,css,34926d35,Jin G,2024-09-06,09:40:34,-04:00,2024-09-06T09:40:34-04:00,0,0
src\routes\+layout.svelte,141,css,f94476fb,Jin G,2024-09-15,16:12:34,-04:00,2024-09-15T16:12:34-04:00,0,4
src\routes\+layout.svelte,142,css,f94476fb,Jin G,2024-09-15,16:12:34,-04:00,2024-09-15T16:12:34-04:00,0,13
src\routes\+layout.svelte,143,css,f94476fb,Jin G,2024-09-15,16:12:34,-04:00,2024-09-15T16:12:34-04:00,0,18
src\routes\+layout.svelte,144,css,f94476fb,Jin G,2024-09-15,16:12:34,-04:00,2024-09-15T16:12:34-04:00,0,14
src\routes\+layout.svelte,145,css,f94476fb,Jin G,2024-09-15,16:12:34,-04:00,2024-09-15T16:12:34-04:00,0,18
src\routes\+layout.svelte,146,css,f94476fb,Jin G,2024-09-15,16:12:34,-04:00,2024-09-15T16:12:34-04:00,0,30
src\routes\+layout.svelte,147,css,f94476fb,Jin G,2024-09-15,16:12:34,-04:00,2024-09-15T16:12:34-04:00,0,40
src\routes\+layout.svelte,148,css,f94476fb,Jin G,2024-09-15,16:12:34,-04:00,2024-09-15T16:12:34-04:00,0,77
src\routes\+layout.svelte,149,css,f94476fb,Jin G,2024-09-15,16:12:34,-04:00,2024-09-15T16:12:34-04:00,0,13
src\routes\+layout.svelte,150,css,f94476fb,Jin G,2024-09-15,16:12:34,-04:00,2024-09-15T16:12:34-04:00,0,0
src\routes\+layout.svelte,151,css,f94476fb,Jin G,2024-09-15,16:12:34,-04:00,2024-09-15T16:12:34-04:00,0,0
src\routes\+layout.svelte,152,css,f94476fb,Jin G,2024-09-15,16:12:34,-04:00,2024-09-15T16:12:34-04:00,0,25
src\routes\+layout.svelte,153,css,f94476fb,Jin G,2024-09-15,16:12:34,-04:00,2024-09-15T16:12:34-04:00,0,44
src\routes\+layout.svelte,154,css,f94476fb,Jin G,2024-09-15,16:12:34,-04:00,2024-09-15T16:12:34-04:00,0,42
src\routes\+layout.svelte,155,css,f94476fb,Jin G,2024-09-15,16:12:34,-04:00,2024-09-15T16:12:34-04:00,0,36
src\routes\+layout.svelte,156,css,f94476fb,Jin G,2024-09-15,16:12:34,-04:00,2024-09-15T16:12:34-04:00,0,72
src\routes\+layout.svelte,157,css,f94476fb,Jin G,2024-09-15,16:12:34,-04:00,2024-09-15T16:12:34-04:00,0,49
src\routes\+layout.svelte,158,css,f94476fb,Jin G,2024-09-15,16:12:34,-04:00,2024-09-15T16:12:34-04:00,0,49
src\routes\+layout.svelte,159,css,f94476fb,Jin G,2024-09-15,16:12:34,-04:00,2024-09-15T16:12:34-04:00,0,13
src\routes\+layout.svelte,160,css,f94476fb,Jin G,2024-09-15,16:12:34,-04:00,2024-09-15T16:12:34-04:00,0,57
src\routes\+layout.svelte,161,css,f94476fb,Jin G,2024-09-15,16:12:34,-04:00,2024-09-15T16:12:34-04:00,0,51
src\routes\+layout.svelte,162,css,f94476fb,Jin G,2024-09-15,16:12:34,-04:00,2024-09-15T16:12:34-04:00,0,69
src\routes\+layout.svelte,163,css,f94476fb,Jin G,2024-09-15,16:12:34,-04:00,2024-09-15T16:12:34-04:00,0,60
src\routes\+layout.svelte,164,css,f94476fb,Jin G,2024-09-15,16:12:34,-04:00,2024-09-15T16:12:34-04:00,0,0
src\routes\+layout.svelte,165,css,f94476fb,Jin G,2024-09-15,16:12:34,-04:00,2024-09-15T16:12:34-04:00,0,0
src\routes\+layout.svelte,166,css,f94476fb,Jin G,2024-09-15,16:12:34,-04:00,2024-09-15T16:12:34-04:00,0,41
src\routes\+layout.svelte,167,css,f94476fb,Jin G,2024-09-15,16:12:34,-04:00,2024-09-15T16:12:34-04:00,0,76
src\routes\+layout.svelte,168,css,f94476fb,Jin G,2024-09-15,16:12:34,-04:00,2024-09-15T16:12:34-04:00,0,0
src\routes\+layout.svelte,169,css,f94476fb,Jin G,2024-09-15,16:12:34,-04:00,2024-09-15T16:12:34-04:00,0,0
src\routes\+layout.svelte,170,css,f94476fb,Jin G,2024-09-15,16:12:34,-04:00,2024-09-15T16:12:34-04:00,0,53
src\routes\+layout.svelte,171,css,f94476fb,Jin G,2024-09-15,16:12:34,-04:00,2024-09-15T16:12:34-04:00,0,37
src\routes\+layout.svelte,172,css,f94476fb,Jin G,2024-09-15,16:12:34,-04:00,2024-09-15T16:12:34-04:00,0,70
src\routes\+layout.svelte,173,css,f94476fb,Jin G,2024-09-15,16:12:34,-04:00,2024-09-15T16:12:34-04:00,0,84
src\routes\+layout.svelte,174,css,f94476fb,Jin G,2024-09-15,16:12:34,-04:00,2024-09-15T16:12:34-04:00,0,0
src\routes\+layout.svelte,175,css,f94476fb,Jin G,2024-09-15,16:12:34,-04:00,2024-09-15T16:12:34-04:00,0,0
src\routes\+layout.svelte,176,css,f94476fb,Jin G,2024-09-15,16:12:34,-04:00,2024-09-15T16:12:34-04:00,0,9
src\routes\+layout.svelte,177,css,f94476fb,Jin G,2024-09-15,16:12:34,-04:00,2024-09-15T16:12:34-04:00,0,17
src\routes\+layout.svelte,178,css,f94476fb,Jin G,2024-09-15,16:12:34,-04:00,2024-09-15T16:12:34-04:00,0,17
src\routes\+layout.svelte,179,css,f94476fb,Jin G,2024-09-15,16:12:34,-04:00,2024-09-15T16:12:34-04:00,0,22
src\routes\+layout.svelte,180,css,f94476fb,Jin G,2024-09-15,16:12:34,-04:00,2024-09-15T16:12:34-04:00,0,25
src\routes\+layout.svelte,181,css,f94476fb,Jin G,2024-09-15,16:12:34,-04:00,2024-09-15T16:12:34-04:00,0,16
src\routes\+layout.svelte,182,css,34926d35,Jin G,2024-09-06,09:40:34,-04:00,2024-09-06T09:40:34-04:00,0,0
src\routes\+layout.svelte,183,css,34926d35,Jin G,2024-09-06,09:40:34,-04:00,2024-09-06T09:40:34-04:00,0,0
src\routes\+layout.svelte,184,css,f94476fb,Jin G,2024-09-15,16:12:34,-04:00,2024-09-15T16:12:34-04:00,0,47
src\routes\+layout.svelte,185,css,f94476fb,Jin G,2024-09-15,16:12:34,-04:00,2024-09-15T16:12:34-04:00,0,23
src\routes\+layout.svelte,186,css,f94476fb,Jin G,2024-09-15,16:12:34,-04:00,2024-09-15T16:12:34-04:00,0,18
src\routes\+layout.svelte,187,css,f94476fb,Jin G,2024-09-15,16:12:34,-04:00,2024-09-15T16:12:34-04:00,0,11
src\routes\+layout.svelte,188,css,f94476fb,Jin G,2024-09-15,16:12:34,-04:00,2024-09-15T16:12:34-04:00,0,0
src\routes\+layout.svelte,189,css,f94476fb,Jin G,2024-09-15,16:12:34,-04:00,2024-09-15T16:12:34-04:00,0,0
src\routes\+layout.svelte,190,css,f94476fb,Jin G,2024-09-15,16:12:34,-04:00,2024-09-15T16:12:34-04:00,0,18
src\routes\+layout.svelte,191,css,f94476fb,Jin G,2024-09-15,16:12:34,-04:00,2024-09-15T16:12:34-04:00,0,82
src\routes\+layout.svelte,192,css,f94476fb,Jin G,2024-09-15,16:12:34,-04:00,2024-09-15T16:12:34-04:00,0,0
src\routes\+layout.svelte,193,css,f94476fb,Jin G,2024-09-15,16:12:34,-04:00,2024-09-15T16:12:34-04:00,0,0
src\routes\+layout.svelte,194,css,f94476fb,Jin G,2024-09-15,16:12:34,-04:00,2024-09-15T16:12:34-04:00,0,18
src\routes\+layout.svelte,195,css,f94476fb,Jin G,2024-09-15,16:12:34,-04:00,2024-09-15T16:12:34-04:00,0,18
src\routes\+layout.svelte,196,css,f94476fb,Jin G,2024-09-15,16:12:34,-04:00,2024-09-15T16:12:34-04:00,0,76
src\routes\+layout.svelte,197,css,f94476fb,Jin G,2024-09-15,16:12:34,-04:00,2024-09-15T16:12:34-04:00,0,7
src\routes\+layout.svelte,198,css,f94476fb,Jin G,2024-09-15,16:12:34,-04:00,2024-09-15T16:12:34-04:00,0,40
src\routes\+layout.svelte,199,css,f94476fb,Jin G,2024-09-15,16:12:34,-04:00,2024-09-15T16:12:34-04:00,0,25
src\routes\+layout.svelte,200,css,f94476fb,Jin G,2024-09-15,16:12:34,-04:00,2024-09-15T16:12:34-04:00,0,43
src\routes\+layout.svelte,201,css,f94476fb,Jin G,2024-09-15,16:12:34,-04:00,2024-09-15T16:12:34-04:00,0,10
src\routes\+layout.svelte,202,css,f94476fb,Jin G,2024-09-15,16:12:34,-04:00,2024-09-15T16:12:34-04:00,0,49
src\routes\+layout.svelte,203,css,f94476fb,Jin G,2024-09-15,16:12:34,-04:00,2024-09-15T16:12:34-04:00,0,51
src\routes\+layout.svelte,204,css,f94476fb,Jin G,2024-09-15,16:12:34,-04:00,2024-09-15T16:12:34-04:00,0,0
src\routes\+layout.svelte,205,css,f94476fb,Jin G,2024-09-15,16:12:34,-04:00,2024-09-15T16:12:34-04:00,0,0
src\routes\+layout.svelte,206,css,f94476fb,Jin G,2024-09-15,16:12:34,-04:00,2024-09-15T16:12:34-04:00,0,20
src\routes\+layout.svelte,207,css,f94476fb,Jin G,2024-09-15,16:12:34,-04:00,2024-09-15T16:12:34-04:00,0,17
src\routes\+layout.svelte,208,css,f94476fb,Jin G,2024-09-15,16:12:34,-04:00,2024-09-15T16:12:34-04:00,0,21
src\routes\+layout.svelte,209,css,f94476fb,Jin G,2024-09-15,16:12:34,-04:00,2024-09-15T16:12:34-04:00,0,14
src\routes\+layout.svelte,210,css,f94476fb,Jin G,2024-09-15,16:12:34,-04:00,2024-09-15T16:12:34-04:00,0,16
src\routes\+layout.svelte,211,css,f94476fb,Jin G,2024-09-15,16:12:34,-04:00,2024-09-15T16:12:34-04:00,0,14
src\routes\+layout.svelte,212,css,f94476fb,Jin G,2024-09-15,16:12:34,-04:00,2024-09-15T16:12:34-04:00,0,0
src\routes\+layout.svelte,213,css,f94476fb,Jin G,2024-09-15,16:12:34,-04:00,2024-09-15T16:12:34-04:00,0,0
src\routes\+layout.svelte,214,css,f94476fb,Jin G,2024-09-15,16:12:34,-04:00,2024-09-15T16:12:34-04:00,0,26
src\routes\+layout.svelte,215,css,f94476fb,Jin G,2024-09-15,16:12:34,-04:00,2024-09-15T16:12:34-04:00,0,25
src\routes\+layout.svelte,216,css,f94476fb,Jin G,2024-09-15,16:12:34,-04:00,2024-09-15T16:12:34-04:00,0,0
src\routes\+layout.svelte,217,css,f94476fb,Jin G,2024-09-15,16:12:34,-04:00,2024-09-15T16:12:34-04:00,0,0
src\routes\+layout.svelte,218,css,f94476fb,Jin G,2024-09-15,16:12:34,-04:00,2024-09-15T16:12:34-04:00,0,57
src\routes\+layout.svelte,219,css,f94476fb,Jin G,2024-09-15,16:12:34,-04:00,2024-09-15T16:12:34-04:00,0,48
src\routes\+layout.svelte,220,css,f94476fb,Jin G,2024-09-15,16:12:34,-04:00,2024-09-15T16:12:34-04:00,0,34
src\routes\+layout.svelte,221,css,f94476fb,Jin G,2024-09-15,16:12:34,-04:00,2024-09-15T16:12:34-04:00,0,14
src\routes\+layout.svelte,222,css,f94476fb,Jin G,2024-09-15,16:12:34,-04:00,2024-09-15T16:12:34-04:00,0,0
src\routes\+layout.svelte,223,css,f94476fb,Jin G,2024-09-15,16:12:34,-04:00,2024-09-15T16:12:34-04:00,0,69
src\routes\+layout.svelte,224,css,f94476fb,Jin G,2024-09-15,16:12:34,-04:00,2024-09-15T16:12:34-04:00,0,1
src\routes\+layout.svelte,225,svelte,f94476fb,Jin G,2024-09-15,16:12:34,-04:00,2024-09-15T16:12:34-04:00,0,7
src\routes\projects\weehive\+page.svelte,1,svelte,d8a4349e,Jin G,2024-09-15,18:32:45,-04:00,2024-09-15T18:32:45-04:00,0,12
src\routes\projects\weehive\+page.svelte,2,svelte,a6cabc81,Jin G,2024-09-16,08:13:38,-04:00,2024-09-16T08:13:38-04:00,0,85
src\routes\projects\weehive\+page.svelte,3,svelte,a6cabc81,Jin G,2024-09-16,08:13:38,-04:00,2024-09-16T08:13:38-04:00,0,13
src\routes\projects\weehive\+page.svelte,4,svelte,a6cabc81,Jin G,2024-09-16,08:13:38,-04:00,2024-09-16T08:13:38-04:00,0,0
src\routes\projects\weehive\+page.svelte,5,svelte,2126c3a8,Jin G,2024-09-18,15:17:00,-04:00,2024-09-18T15:17:00-04:00,0,7
src\routes\projects\weehive\+page.svelte,6,js,2126c3a8,Jin G,2024-09-18,15:17:00,-04:00,2024-09-18T15:17:00-04:00,0,33
src\routes\projects\weehive\+page.svelte,7,svelte,2126c3a8,Jin G,2024-09-18,15:17:00,-04:00,2024-09-18T15:17:00-04:00,0,8
src\routes\projects\weehive\+page.svelte,8,svelte,2126c3a8,Jin G,2024-09-18,15:17:00,-04:00,2024-09-18T15:17:00-04:00,0,0
src\routes\projects\weehive\+page.svelte,9,svelte,a6cabc81,Jin G,2024-09-16,08:13:38,-04:00,2024-09-16T08:13:38-04:00,0,5
src\routes\projects\weehive\+page.svelte,10,svelte,a6cabc81,Jin G,2024-09-16,08:13:38,-04:00,2024-09-16T08:13:38-04:00,0,79
src\routes\projects\weehive\+page.svelte,11,svelte,a6cabc81,Jin G,2024-09-16,08:13:38,-04:00,2024-09-16T08:13:38-04:00,0,259
src\routes\projects\weehive\+page.svelte,12,svelte,a6cabc81,Jin G,2024-09-16,08:13:38,-04:00,2024-09-16T08:13:38-04:00,0,278
src\routes\projects\weehive\+page.svelte,13,svelte,a6cabc81,Jin G,2024-09-16,08:13:38,-04:00,2024-09-16T08:13:38-04:00,0,0
src\routes\projects\weehive\+page.svelte,14,svelte,a6cabc81,Jin G,2024-09-16,08:13:38,-04:00,2024-09-16T08:13:38-04:00,0,30
src\routes\projects\weehive\+page.svelte,15,svelte,a6cabc81,Jin G,2024-09-16,08:13:38,-04:00,2024-09-16T08:13:38-04:00,0,327
src\routes\projects\weehive\+page.svelte,16,svelte,a6cabc81,Jin G,2024-09-16,08:13:38,-04:00,2024-09-16T08:13:38-04:00,0,5
src\routes\projects\weehive\+page.svelte,17,svelte,a6cabc81,Jin G,2024-09-16,08:13:38,-04:00,2024-09-16T08:13:38-04:00,0,0
src\routes\projects\weehive\+page.svelte,18,svelte,a6cabc81,Jin G,2024-09-16,08:13:38,-04:00,2024-09-16T08:13:38-04:00,0,28
src\routes\projects\weehive\+page.svelte,19,svelte,9d554aca,Jin G,2024-09-18,14:58:26,-04:00,2024-09-18T14:58:26-04:00,0,81
src\routes\projects\weehive\+page.svelte,20,svelte,9d554aca,Jin G,2024-09-18,14:58:26,-04:00,2024-09-18T14:58:26-04:00,0,81
src\routes\projects\weehive\+page.svelte,21,svelte,9d554aca,Jin G,2024-09-18,14:58:26,-04:00,2024-09-18T14:58:26-04:00,0,81
src\routes\projects\weehive\+page.svelte,22,svelte,9d554aca,Jin G,2024-09-18,14:58:26,-04:00,2024-09-18T14:58:26-04:00,0,81
src\routes\projects\weehive\+page.svelte,23,svelte,9d554aca,Jin G,2024-09-18,14:58:26,-04:00,2024-09-18T14:58:26-04:00,0,85
src\routes\projects\weehive\+page.svelte,24,svelte,a6cabc81,Jin G,2024-09-16,08:13:38,-04:00,2024-09-16T08:13:38-04:00,0,0
src\routes\projects\weehive\+page.svelte,25,svelte,a6cabc81,Jin G,2024-09-16,08:13:38,-04:00,2024-09-16T08:13:38-04:00,0,0
src\routes\projects\weehive\+page.svelte,26,svelte,9d554aca,Jin G,2024-09-18,14:58:26,-04:00,2024-09-18T14:58:26-04:00,0,99
src\routes\projects\weehive\+page.svelte,27,svelte,a6cabc81,Jin G,2024-09-16,08:13:38,-04:00,2024-09-16T08:13:38-04:00,0,0
src\routes\projects\weehive\+page.svelte,28,svelte,a6cabc81,Jin G,2024-09-16,08:13:38,-04:00,2024-09-16T08:13:38-04:00,0,22
src\routes\projects\weehive\+page.svelte,29,svelte,9d554aca,Jin G,2024-09-18,14:58:26,-04:00,2024-09-18T14:58:26-04:00,0,99
src\routes\projects\weehive\+page.svelte,30,svelte,9d554aca,Jin G,2024-09-18,14:58:26,-04:00,2024-09-18T14:58:26-04:00,0,99
src\routes\projects\weehive\+page.svelte,31,svelte,a6cabc81,Jin G,2024-09-16,08:13:38,-04:00,2024-09-16T08:13:38-04:00,0,0
src\routes\projects\weehive\+page.svelte,32,svelte,a6cabc81,Jin G,2024-09-16,08:13:38,-04:00,2024-09-16T08:13:38-04:00,0,17
src\routes\projects\weehive\+page.svelte,33,svelte,9d554aca,Jin G,2024-09-18,14:58:26,-04:00,2024-09-18T14:58:26-04:00,0,99
src\routes\projects\weehive\+page.svelte,34,svelte,9d554aca,Jin G,2024-09-18,14:58:26,-04:00,2024-09-18T14:58:26-04:00,0,99
src\routes\projects\weehive\+page.svelte,35,svelte,a6cabc81,Jin G,2024-09-16,08:13:38,-04:00,2024-09-16T08:13:38-04:00,0,0
src\routes\projects\weehive\+page.svelte,36,svelte,a6cabc81,Jin G,2024-09-16,08:13:38,-04:00,2024-09-16T08:13:38-04:00,0,0
src\routes\projects\weehive\+page.svelte,37,svelte,a6cabc81,Jin G,2024-09-16,08:13:38,-04:00,2024-09-16T08:13:38-04:00,0,32
src\routes\projects\weehive\+page.svelte,38,svelte,a6cabc81,Jin G,2024-09-16,08:13:38,-04:00,2024-09-16T08:13:38-04:00,0,0
src\routes\projects\weehive\+page.svelte,39,svelte,a6cabc81,Jin G,2024-09-16,08:13:38,-04:00,2024-09-16T08:13:38-04:00,0,32
src\routes\projects\weehive\+page.svelte,40,svelte,9d554aca,Jin G,2024-09-18,14:58:26,-04:00,2024-09-18T14:58:26-04:00,0,136
src\routes\projects\weehive\+page.svelte,41,svelte,9d554aca,Jin G,2024-09-18,14:58:26,-04:00,2024-09-18T14:58:26-04:00,0,99
src\routes\projects\weehive\+page.svelte,42,svelte,a6cabc81,Jin G,2024-09-16,08:13:38,-04:00,2024-09-16T08:13:38-04:00,0,0
src\routes\projects\weehive\+page.svelte,43,svelte,a6cabc81,Jin G,2024-09-16,08:13:38,-04:00,2024-09-16T08:13:38-04:00,0,0
src\routes\projects\weehive\+page.svelte,44,svelte,a6cabc81,Jin G,2024-09-16,08:13:38,-04:00,2024-09-16T08:13:38-04:00,0,31
src\routes\projects\weehive\+page.svelte,45,svelte,9d554aca,Jin G,2024-09-18,14:58:26,-04:00,2024-09-18T14:58:26-04:00,0,125
src\routes\projects\weehive\+page.svelte,46,svelte,a6cabc81,Jin G,2024-09-16,08:13:38,-04:00,2024-09-16T08:13:38-04:00,0,0
src\routes\projects\weehive\+page.svelte,47,svelte,a6cabc81,Jin G,2024-09-16,08:13:38,-04:00,2024-09-16T08:13:38-04:00,0,0
src\routes\projects\weehive\+page.svelte,48,svelte,a6cabc81,Jin G,2024-09-16,08:13:38,-04:00,2024-09-16T08:13:38-04:00,0,40
src\routes\projects\weehive\+page.svelte,49,svelte,a6cabc81,Jin G,2024-09-16,08:13:38,-04:00,2024-09-16T08:13:38-04:00,0,0
src\routes\projects\weehive\+page.svelte,50,svelte,a6cabc81,Jin G,2024-09-16,08:13:38,-04:00,2024-09-16T08:13:38-04:00,0,29
src\routes\projects\weehive\+page.svelte,51,svelte,a6cabc81,Jin G,2024-09-16,08:13:38,-04:00,2024-09-16T08:13:38-04:00,0,97
src\routes\projects\weehive\+page.svelte,52,svelte,9d554aca,Jin G,2024-09-18,14:58:26,-04:00,2024-09-18T14:58:26-04:00,0,112
src\routes\projects\weehive\+page.svelte,53,svelte,a6cabc81,Jin G,2024-09-16,08:13:38,-04:00,2024-09-16T08:13:38-04:00,0,0
src\routes\projects\weehive\+page.svelte,54,svelte,a6cabc81,Jin G,2024-09-16,08:13:38,-04:00,2024-09-16T08:13:38-04:00,0,43
src\routes\projects\weehive\+page.svelte,55,svelte,a6cabc81,Jin G,2024-09-16,08:13:38,-04:00,2024-09-16T08:13:38-04:00,0,255
src\routes\projects\weehive\+page.svelte,56,svelte,9d554aca,Jin G,2024-09-18,14:58:26,-04:00,2024-09-18T14:58:26-04:00,0,127
src\routes\projects\weehive\+page.svelte,57,svelte,a6cabc81,Jin G,2024-09-16,08:13:38,-04:00,2024-09-16T08:13:38-04:00,0,0
src\routes\projects\weehive\+page.svelte,58,svelte,a6cabc81,Jin G,2024-09-16,08:13:38,-04:00,2024-09-16T08:13:38-04:00,0,26
src\routes\projects\weehive\+page.svelte,59,svelte,a6cabc81,Jin G,2024-09-16,08:13:38,-04:00,2024-09-16T08:13:38-04:00,0,138
src\routes\projects\weehive\+page.svelte,60,svelte,9d554aca,Jin G,2024-09-18,14:58:26,-04:00,2024-09-18T14:58:26-04:00,0,110
src\routes\projects\weehive\+page.svelte,61,svelte,a6cabc81,Jin G,2024-09-16,08:13:38,-04:00,2024-09-16T08:13:38-04:00,0,0
src\routes\projects\weehive\+page.svelte,62,svelte,a6cabc81,Jin G,2024-09-16,08:13:38,-04:00,2024-09-16T08:13:38-04:00,0,32
src\routes\projects\weehive\+page.svelte,63,svelte,a6cabc81,Jin G,2024-09-16,08:13:38,-04:00,2024-09-16T08:13:38-04:00,0,183
src\routes\projects\weehive\+page.svelte,64,svelte,9d554aca,Jin G,2024-09-18,14:58:26,-04:00,2024-09-18T14:58:26-04:00,0,116
src\routes\projects\weehive\+page.svelte,65,svelte,a6cabc81,Jin G,2024-09-16,08:13:38,-04:00,2024-09-16T08:13:38-04:00,0,0
src\routes\projects\weehive\+page.svelte,66,svelte,a6cabc81,Jin G,2024-09-16,08:13:38,-04:00,2024-09-16T08:13:38-04:00,0,34
src\routes\projects\weehive\+page.svelte,67,svelte,a6cabc81,Jin G,2024-09-16,08:13:38,-04:00,2024-09-16T08:13:38-04:00,0,157
src\routes\projects\weehive\+page.svelte,68,svelte,9d554aca,Jin G,2024-09-18,14:58:26,-04:00,2024-09-18T14:58:26-04:00,0,118
src\routes\projects\weehive\+page.svelte,69,svelte,a6cabc81,Jin G,2024-09-16,08:13:38,-04:00,2024-09-16T08:13:38-04:00,0,0
src\routes\projects\weehive\+page.svelte,70,svelte,a6cabc81,Jin G,2024-09-16,08:13:38,-04:00,2024-09-16T08:13:38-04:00,0,53
src\routes\projects\weehive\+page.svelte,71,svelte,9d554aca,Jin G,2024-09-18,14:58:26,-04:00,2024-09-18T14:58:26-04:00,0,137
src\routes\projects\weehive\+page.svelte,72,svelte,a6cabc81,Jin G,2024-09-16,08:13:38,-04:00,2024-09-16T08:13:38-04:00,0,0
src\routes\projects\weehive\+page.svelte,73,svelte,a6cabc81,Jin G,2024-09-16,08:13:38,-04:00,2024-09-16T08:13:38-04:00,0,0
src\routes\projects\weehive\+page.svelte,74,svelte,a6cabc81,Jin G,2024-09-16,08:13:38,-04:00,2024-09-16T08:13:38-04:00,0,0
src\routes\projects\weehive\+page.svelte,75,svelte,a6cabc81,Jin G,2024-09-16,08:13:38,-04:00,2024-09-16T08:13:38-04:00,0,0
src\routes\projects\weehive\+page.svelte,76,svelte,a6cabc81,Jin G,2024-09-16,08:13:38,-04:00,2024-09-16T08:13:38-04:00,0,6
src\routes\projects\weehive\+page.svelte,77,svelte,a6cabc81,Jin G,2024-09-16,08:13:38,-04:00,2024-09-16T08:13:38-04:00,0,0
src\routes\projects\weehive\+page.svelte,78,svelte,a6cabc81,Jin G,2024-09-16,08:13:38,-04:00,2024-09-16T08:13:38-04:00,0,6
src\routes\projects\weehive\+page.svelte,79,css,a6cabc81,Jin G,2024-09-16,08:13:38,-04:00,2024-09-16T08:13:38-04:00,0,19
src\routes\projects\weehive\+page.svelte,80,css,a6cabc81,Jin G,2024-09-16,08:13:38,-04:00,2024-09-16T08:13:38-04:00,0,18
src\routes\projects\weehive\+page.svelte,81,css,a6cabc81,Jin G,2024-09-16,08:13:38,-04:00,2024-09-16T08:13:38-04:00,0,16
src\routes\projects\weehive\+page.svelte,82,css,a6cabc81,Jin G,2024-09-16,08:13:38,-04:00,2024-09-16T08:13:38-04:00,0,11
src\routes\projects\weehive\+page.svelte,83,css,a6cabc81,Jin G,2024-09-16,08:13:38,-04:00,2024-09-16T08:13:38-04:00,0,19
src\routes\projects\weehive\+page.svelte,84,css,a6cabc81,Jin G,2024-09-16,08:13:38,-04:00,2024-09-16T08:13:38-04:00,0,0
src\routes\projects\weehive\+page.svelte,85,css,a6cabc81,Jin G,2024-09-16,08:13:38,-04:00,2024-09-16T08:13:38-04:00,0,26
src\routes\projects\weehive\+page.svelte,86,css,a6cabc81,Jin G,2024-09-16,08:13:38,-04:00,2024-09-16T08:13:38-04:00,0,18
src\routes\projects\weehive\+page.svelte,87,css,a6cabc81,Jin G,2024-09-16,08:13:38,-04:00,2024-09-16T08:13:38-04:00,0,6
src\routes\projects\weehive\+page.svelte,88,css,a6cabc81,Jin G,2024-09-16,08:13:38,-04:00,2024-09-16T08:13:38-04:00,0,7
src\routes\projects\weehive\+page.svelte,89,css,a6cabc81,Jin G,2024-09-16,08:13:38,-04:00,2024-09-16T08:13:38-04:00,0,11
src\routes\projects\weehive\+page.svelte,90,css,a6cabc81,Jin G,2024-09-16,08:13:38,-04:00,2024-09-16T08:13:38-04:00,0,12
src\routes\projects\weehive\+page.svelte,91,css,a6cabc81,Jin G,2024-09-16,08:13:38,-04:00,2024-09-16T08:13:38-04:00,0,0
src\routes\projects\weehive\+page.svelte,92,css,a6cabc81,Jin G,2024-09-16,08:13:38,-04:00,2024-09-16T08:13:38-04:00,0,4
src\routes\projects\weehive\+page.svelte,93,css,a6cabc81,Jin G,2024-09-16,08:13:38,-04:00,2024-09-16T08:13:38-04:00,0,11
src\routes\projects\weehive\+page.svelte,94,css,a6cabc81,Jin G,2024-09-16,08:13:38,-04:00,2024-09-16T08:13:38-04:00,0,12
src\routes\projects\weehive\+page.svelte,95,css,a6cabc81,Jin G,2024-09-16,08:13:38,-04:00,2024-09-16T08:13:38-04:00,0,16
src\routes\projects\weehive\+page.svelte,96,css,a6cabc81,Jin G,2024-09-16,08:13:38,-04:00,2024-09-16T08:13:38-04:00,0,0
src\routes\projects\weehive\+page.svelte,97,svelte,a6cabc81,Jin G,2024-09-16,08:13:38,-04:00,2024-09-16T08:13:38-04:00,0,7
src\routes\projects\urban_mediators\+page.svelte,1,svelte,d8a4349e,Jin G,2024-09-15,18:32:45,-04:00,2024-09-15T18:32:45-04:00,0,12
src\routes\projects\urban_mediators\+page.svelte,2,svelte,0a71d677,Jin G,2024-09-16,09:33:34,-04:00,2024-09-16T09:33:34-04:00,0,29
src\routes\projects\urban_mediators\+page.svelte,3,svelte,a6cabc81,Jin G,2024-09-16,08:13:38,-04:00,2024-09-16T08:13:38-04:00,0,13
src\routes\projects\urban_mediators\+page.svelte,4,svelte,a6cabc81,Jin G,2024-09-16,08:13:38,-04:00,2024-09-16T08:13:38-04:00,0,0
src\routes\projects\urban_mediators\+page.svelte,5,svelte,2126c3a8,Jin G,2024-09-18,15:17:00,-04:00,2024-09-18T15:17:00-04:00,0,7
src\routes\projects\urban_mediators\+page.svelte,6,js,2126c3a8,Jin G,2024-09-18,15:17:00,-04:00,2024-09-18T15:17:00-04:00,0,33
src\routes\projects\urban_mediators\+page.svelte,7,svelte,2126c3a8,Jin G,2024-09-18,15:17:00,-04:00,2024-09-18T15:17:00-04:00,0,8
src\routes\projects\urban_mediators\+page.svelte,8,svelte,2126c3a8,Jin G,2024-09-18,15:17:00,-04:00,2024-09-18T15:17:00-04:00,0,0
src\routes\projects\urban_mediators\+page.svelte,9,svelte,a6cabc81,Jin G,2024-09-16,08:13:38,-04:00,2024-09-16T08:13:38-04:00,0,5
src\routes\projects\urban_mediators\+page.svelte,10,svelte,0a71d677,Jin G,2024-09-16,09:33:34,-04:00,2024-09-16T09:33:34-04:00,0,23
src\routes\projects\urban_mediators\+page.svelte,11,svelte,0a71d677,Jin G,2024-09-16,09:33:34,-04:00,2024-09-16T09:33:34-04:00,0,58
src\routes\projects\urban_mediators\+page.svelte,12,svelte,0a71d677,Jin G,2024-09-16,09:33:34,-04:00,2024-09-16T09:33:34-04:00,0,0
src\routes\projects\urban_mediators\+page.svelte,13,svelte,0a71d677,Jin G,2024-09-16,09:33:34,-04:00,2024-09-16T09:33:34-04:00,0,26
src\routes\projects\urban_mediators\+page.svelte,14,svelte,0a71d677,Jin G,2024-09-16,09:33:34,-04:00,2024-09-16T09:33:34-04:00,0,0
src\routes\projects\urban_mediators\+page.svelte,15,svelte,0a71d677,Jin G,2024-09-16,09:33:34,-04:00,2024-09-16T09:33:34-04:00,0,3
src\routes\projects\urban_mediators\+page.svelte,16,svelte,0a71d677,Jin G,2024-09-16,09:33:34,-04:00,2024-09-16T09:33:34-04:00,0,16
src\routes\projects\urban_mediators\+page.svelte,17,svelte,9d554aca,Jin G,2024-09-18,14:58:26,-04:00,2024-09-18T14:58:26-04:00,0,65
src\routes\projects\urban_mediators\+page.svelte,18,svelte,0a71d677,Jin G,2024-09-16,09:33:34,-04:00,2024-09-16T09:33:34-04:00,0,32
src\routes\projects\urban_mediators\+page.svelte,19,svelte,0a71d677,Jin G,2024-09-16,09:33:34,-04:00,2024-09-16T09:33:34-04:00,0,1
src\routes\projects\urban_mediators\+page.svelte,20,svelte,0a71d677,Jin G,2024-09-16,09:33:34,-04:00,2024-09-16T09:33:34-04:00,0,0
src\routes\projects\urban_mediators\+page.svelte,21,svelte,0a71d677,Jin G,2024-09-16,09:33:34,-04:00,2024-09-16T09:33:34-04:00,0,2
src\routes\projects\urban_mediators\+page.svelte,22,svelte,0a71d677,Jin G,2024-09-16,09:33:34,-04:00,2024-09-16T09:33:34-04:00,0,67
src\routes\projects\urban_mediators\+page.svelte,23,svelte,0a71d677,Jin G,2024-09-16,09:33:34,-04:00,2024-09-16T09:33:34-04:00,0,64
src\routes\projects\urban_mediators\+page.svelte,24,svelte,0a71d677,Jin G,2024-09-16,09:33:34,-04:00,2024-09-16T09:33:34-04:00,0,74
src\routes\projects\urban_mediators\+page.svelte,25,svelte,0a71d677,Jin G,2024-09-16,09:33:34,-04:00,2024-09-16T09:33:34-04:00,0,69
src\routes\projects\urban_mediators\+page.svelte,26,svelte,0a71d677,Jin G,2024-09-16,09:33:34,-04:00,2024-09-16T09:33:34-04:00,0,57
src\routes\projects\urban_mediators\+page.svelte,27,svelte,0a71d677,Jin G,2024-09-16,09:33:34,-04:00,2024-09-16T09:33:34-04:00,0,3
src\routes\projects\urban_mediators\+page.svelte,28,svelte,0a71d677,Jin G,2024-09-16,09:33:34,-04:00,2024-09-16T09:33:34-04:00,0,0
src\routes\projects\urban_mediators\+page.svelte,29,svelte,0a71d677,Jin G,2024-09-16,09:33:34,-04:00,2024-09-16T09:33:34-04:00,0,3
src\routes\projects\urban_mediators\+page.svelte,30,svelte,9d554aca,Jin G,2024-09-18,14:58:26,-04:00,2024-09-18T14:58:26-04:00,0,64
src\routes\projects\urban_mediators\+page.svelte,31,svelte,0a71d677,Jin G,2024-09-16,09:33:34,-04:00,2024-09-16T09:33:34-04:00,0,32
src\routes\projects\urban_mediators\+page.svelte,32,svelte,0a71d677,Jin G,2024-09-16,09:33:34,-04:00,2024-09-16T09:33:34-04:00,0,1
src\routes\projects\urban_mediators\+page.svelte,33,svelte,0a71d677,Jin G,2024-09-16,09:33:34,-04:00,2024-09-16T09:33:34-04:00,0,0
src\routes\projects\urban_mediators\+page.svelte,34,svelte,0a71d677,Jin G,2024-09-16,09:33:34,-04:00,2024-09-16T09:33:34-04:00,0,32
src\routes\projects\urban_mediators\+page.svelte,35,svelte,0a71d677,Jin G,2024-09-16,09:33:34,-04:00,2024-09-16T09:33:34-04:00,0,71
src\routes\projects\urban_mediators\+page.svelte,36,svelte,0a71d677,Jin G,2024-09-16,09:33:34,-04:00,2024-09-16T09:33:34-04:00,0,12
src\routes\projects\urban_mediators\+page.svelte,37,svelte,0a71d677,Jin G,2024-09-16,09:33:34,-04:00,2024-09-16T09:33:34-04:00,0,0
src\routes\projects\urban_mediators\+page.svelte,38,svelte,0a71d677,Jin G,2024-09-16,09:33:34,-04:00,2024-09-16T09:33:34-04:00,0,4
src\routes\projects\urban_mediators\+page.svelte,39,svelte,0a71d677,Jin G,2024-09-16,09:33:34,-04:00,2024-09-16T09:33:34-04:00,0,0
src\routes\projects\urban_mediators\+page.svelte,40,svelte,0a71d677,Jin G,2024-09-16,09:33:34,-04:00,2024-09-16T09:33:34-04:00,0,23
src\routes\projects\urban_mediators\+page.svelte,41,svelte,0a71d677,Jin G,2024-09-16,09:33:34,-04:00,2024-09-16T09:33:34-04:00,0,0
src\routes\projects\urban_mediators\+page.svelte,42,svelte,0a71d677,Jin G,2024-09-16,09:33:34,-04:00,2024-09-16T09:33:34-04:00,0,3
src\routes\projects\urban_mediators\+page.svelte,43,svelte,0a71d677,Jin G,2024-09-16,09:33:34,-04:00,2024-09-16T09:33:34-04:00,0,16
src\routes\projects\urban_mediators\+page.svelte,44,svelte,9d554aca,Jin G,2024-09-18,14:58:26,-04:00,2024-09-18T14:58:26-04:00,0,65
src\routes\projects\urban_mediators\+page.svelte,45,svelte,0a71d677,Jin G,2024-09-16,09:33:34,-04:00,2024-09-16T09:33:34-04:00,0,32
src\routes\projects\urban_mediators\+page.svelte,46,svelte,0a71d677,Jin G,2024-09-16,09:33:34,-04:00,2024-09-16T09:33:34-04:00,0,1
src\routes\projects\urban_mediators\+page.svelte,47,svelte,0a71d677,Jin G,2024-09-16,09:33:34,-04:00,2024-09-16T09:33:34-04:00,0,0
src\routes\projects\urban_mediators\+page.svelte,48,svelte,0a71d677,Jin G,2024-09-16,09:33:34,-04:00,2024-09-16T09:33:34-04:00,0,3
src\routes\projects\urban_mediators\+page.svelte,49,svelte,0a71d677,Jin G,2024-09-16,09:33:34,-04:00,2024-09-16T09:33:34-04:00,0,3
src\routes\projects\urban_mediators\+page.svelte,50,svelte,0a71d677,Jin G,2024-09-16,09:33:34,-04:00,2024-09-16T09:33:34-04:00,0,67
src\routes\projects\urban_mediators\+page.svelte,51,svelte,0a71d677,Jin G,2024-09-16,09:33:34,-04:00,2024-09-16T09:33:34-04:00,0,66
src\routes\projects\urban_mediators\+page.svelte,52,svelte,0a71d677,Jin G,2024-09-16,09:33:34,-04:00,2024-09-16T09:33:34-04:00,0,4
src\routes\projects\urban_mediators\+page.svelte,53,svelte,0a71d677,Jin G,2024-09-16,09:33:34,-04:00,2024-09-16T09:33:34-04:00,0,0
src\routes\projects\urban_mediators\+page.svelte,54,svelte,0a71d677,Jin G,2024-09-16,09:33:34,-04:00,2024-09-16T09:33:34-04:00,0,3
src\routes\projects\urban_mediators\+page.svelte,55,svelte,0a71d677,Jin G,2024-09-16,09:33:34,-04:00,2024-09-16T09:33:34-04:00,0,16
src\routes\projects\urban_mediators\+page.svelte,56,svelte,9d554aca,Jin G,2024-09-18,14:58:26,-04:00,2024-09-18T14:58:26-04:00,0,66
src\routes\projects\urban_mediators\+page.svelte,57,svelte,0a71d677,Jin G,2024-09-16,09:33:34,-04:00,2024-09-16T09:33:34-04:00,0,32
src\routes\projects\urban_mediators\+page.svelte,58,svelte,0a71d677,Jin G,2024-09-16,09:33:34,-04:00,2024-09-16T09:33:34-04:00,0,1
src\routes\projects\urban_mediators\+page.svelte,59,svelte,0a71d677,Jin G,2024-09-16,09:33:34,-04:00,2024-09-16T09:33:34-04:00,0,0
src\routes\projects\urban_mediators\+page.svelte,60,svelte,0a71d677,Jin G,2024-09-16,09:33:34,-04:00,2024-09-16T09:33:34-04:00,0,3
src\routes\projects\urban_mediators\+page.svelte,61,svelte,0a71d677,Jin G,2024-09-16,09:33:34,-04:00,2024-09-16T09:33:34-04:00,0,72
src\routes\projects\urban_mediators\+page.svelte,62,svelte,0a71d677,Jin G,2024-09-16,09:33:34,-04:00,2024-09-16T09:33:34-04:00,0,69
src\routes\projects\urban_mediators\+page.svelte,63,svelte,0a71d677,Jin G,2024-09-16,09:33:34,-04:00,2024-09-16T09:33:34-04:00,0,46
src\routes\projects\urban_mediators\+page.svelte,64,svelte,0a71d677,Jin G,2024-09-16,09:33:34,-04:00,2024-09-16T09:33:34-04:00,0,4
src\routes\projects\urban_mediators\+page.svelte,65,svelte,0a71d677,Jin G,2024-09-16,09:33:34,-04:00,2024-09-16T09:33:34-04:00,0,0
src\routes\projects\urban_mediators\+page.svelte,66,svelte,0a71d677,Jin G,2024-09-16,09:33:34,-04:00,2024-09-16T09:33:34-04:00,0,3
src\routes\projects\urban_mediators\+page.svelte,67,svelte,9d554aca,Jin G,2024-09-18,14:58:26,-04:00,2024-09-18T14:58:26-04:00,0,65
src\routes\projects\urban_mediators\+page.svelte,68,svelte,0a71d677,Jin G,2024-09-16,09:33:34,-04:00,2024-09-16T09:33:34-04:00,0,32
src\routes\projects\urban_mediators\+page.svelte,69,svelte,0a71d677,Jin G,2024-09-16,09:33:34,-04:00,2024-09-16T09:33:34-04:00,0,1
src\routes\projects\urban_mediators\+page.svelte,70,svelte,0a71d677,Jin G,2024-09-16,09:33:34,-04:00,2024-09-16T09:33:34-04:00,0,0
src\routes\projects\urban_mediators\+page.svelte,71,svelte,0a71d677,Jin G,2024-09-16,09:33:34,-04:00,2024-09-16T09:33:34-04:00,0,0
src\routes\projects\urban_mediators\+page.svelte,72,svelte,0a71d677,Jin G,2024-09-16,09:33:34,-04:00,2024-09-16T09:33:34-04:00,0,0
src\routes\projects\urban_mediators\+page.svelte,73,svelte,0a71d677,Jin G,2024-09-16,09:33:34,-04:00,2024-09-16T09:33:34-04:00,0,3
src\routes\projects\urban_mediators\+page.svelte,74,svelte,0a71d677,Jin G,2024-09-16,09:33:34,-04:00,2024-09-16T09:33:34-04:00,0,67
src\routes\projects\urban_mediators\+page.svelte,75,svelte,0a71d677,Jin G,2024-09-16,09:33:34,-04:00,2024-09-16T09:33:34-04:00,0,27
src\routes\projects\urban_mediators\+page.svelte,76,svelte,0a71d677,Jin G,2024-09-16,09:33:34,-04:00,2024-09-16T09:33:34-04:00,0,4
src\routes\projects\urban_mediators\+page.svelte,77,svelte,0a71d677,Jin G,2024-09-16,09:33:34,-04:00,2024-09-16T09:33:34-04:00,0,3
src\routes\projects\urban_mediators\+page.svelte,78,svelte,0a71d677,Jin G,2024-09-16,09:33:34,-04:00,2024-09-16T09:33:34-04:00,0,73
src\routes\projects\urban_mediators\+page.svelte,79,svelte,0a71d677,Jin G,2024-09-16,09:33:34,-04:00,2024-09-16T09:33:34-04:00,0,29
src\routes\projects\urban_mediators\+page.svelte,80,svelte,0a71d677,Jin G,2024-09-16,09:33:34,-04:00,2024-09-16T09:33:34-04:00,0,4
src\routes\projects\urban_mediators\+page.svelte,81,svelte,0a71d677,Jin G,2024-09-16,09:33:34,-04:00,2024-09-16T09:33:34-04:00,0,3
src\routes\projects\urban_mediators\+page.svelte,82,svelte,0a71d677,Jin G,2024-09-16,09:33:34,-04:00,2024-09-16T09:33:34-04:00,0,72
src\routes\projects\urban_mediators\+page.svelte,83,svelte,0a71d677,Jin G,2024-09-16,09:33:34,-04:00,2024-09-16T09:33:34-04:00,0,60
src\routes\projects\urban_mediators\+page.svelte,84,svelte,0a71d677,Jin G,2024-09-16,09:33:34,-04:00,2024-09-16T09:33:34-04:00,0,4
src\routes\projects\urban_mediators\+page.svelte,85,svelte,0a71d677,Jin G,2024-09-16,09:33:34,-04:00,2024-09-16T09:33:34-04:00,0,4
src\routes\projects\urban_mediators\+page.svelte,86,svelte,0a71d677,Jin G,2024-09-16,09:33:34,-04:00,2024-09-16T09:33:34-04:00,0,0
src\routes\projects\urban_mediators\+page.svelte,87,svelte,0a71d677,Jin G,2024-09-16,09:33:34,-04:00,2024-09-16T09:33:34-04:00,0,26
src\routes\projects\urban_mediators\+page.svelte,88,svelte,0a71d677,Jin G,2024-09-16,09:33:34,-04:00,2024-09-16T09:33:34-04:00,0,0
src\routes\projects\urban_mediators\+page.svelte,89,svelte,0a71d677,Jin G,2024-09-16,09:33:34,-04:00,2024-09-16T09:33:34-04:00,0,3
src\routes\projects\urban_mediators\+page.svelte,90,svelte,9d554aca,Jin G,2024-09-18,14:58:26,-04:00,2024-09-18T14:58:26-04:00,0,65
src\routes\projects\urban_mediators\+page.svelte,91,svelte,0a71d677,Jin G,2024-09-16,09:33:34,-04:00,2024-09-16T09:33:34-04:00,0,32
src\routes\projects\urban_mediators\+page.svelte,92,svelte,0a71d677,Jin G,2024-09-16,09:33:34,-04:00,2024-09-16T09:33:34-04:00,0,1
src\routes\projects\urban_mediators\+page.svelte,93,svelte,0a71d677,Jin G,2024-09-16,09:33:34,-04:00,2024-09-16T09:33:34-04:00,0,0
src\routes\projects\urban_mediators\+page.svelte,94,svelte,0a71d677,Jin G,2024-09-16,09:33:34,-04:00,2024-09-16T09:33:34-04:00,0,2
src\routes\projects\urban_mediators\+page.svelte,95,svelte,0a71d677,Jin G,2024-09-16,09:33:34,-04:00,2024-09-16T09:33:34-04:00,0,75
src\routes\projects\urban_mediators\+page.svelte,96,svelte,0a71d677,Jin G,2024-09-16,09:33:34,-04:00,2024-09-16T09:33:34-04:00,0,72
src\routes\projects\urban_mediators\+page.svelte,97,svelte,0a71d677,Jin G,2024-09-16,09:33:34,-04:00,2024-09-16T09:33:34-04:00,0,30
src\routes\projects\urban_mediators\+page.svelte,98,svelte,0a71d677,Jin G,2024-09-16,09:33:34,-04:00,2024-09-16T09:33:34-04:00,0,3
src\routes\projects\urban_mediators\+page.svelte,99,svelte,0a71d677,Jin G,2024-09-16,09:33:34,-04:00,2024-09-16T09:33:34-04:00,0,3
src\routes\projects\urban_mediators\+page.svelte,100,svelte,0a71d677,Jin G,2024-09-16,09:33:34,-04:00,2024-09-16T09:33:34-04:00,0,3
src\routes\projects\urban_mediators\+page.svelte,101,svelte,0a71d677,Jin G,2024-09-16,09:33:34,-04:00,2024-09-16T09:33:34-04:00,0,70
src\routes\projects\urban_mediators\+page.svelte,102,svelte,0a71d677,Jin G,2024-09-16,09:33:34,-04:00,2024-09-16T09:33:34-04:00,0,73
src\routes\projects\urban_mediators\+page.svelte,103,svelte,0a71d677,Jin G,2024-09-16,09:33:34,-04:00,2024-09-16T09:33:34-04:00,0,29
src\routes\projects\urban_mediators\+page.svelte,104,svelte,0a71d677,Jin G,2024-09-16,09:33:34,-04:00,2024-09-16T09:33:34-04:00,0,4
src\routes\projects\urban_mediators\+page.svelte,105,svelte,0a71d677,Jin G,2024-09-16,09:33:34,-04:00,2024-09-16T09:33:34-04:00,0,3
src\routes\projects\urban_mediators\+page.svelte,106,svelte,0a71d677,Jin G,2024-09-16,09:33:34,-04:00,2024-09-16T09:33:34-04:00,0,70
src\routes\projects\urban_mediators\+page.svelte,107,svelte,0a71d677,Jin G,2024-09-16,09:33:34,-04:00,2024-09-16T09:33:34-04:00,0,69
src\routes\projects\urban_mediators\+page.svelte,108,svelte,0a71d677,Jin G,2024-09-16,09:33:34,-04:00,2024-09-16T09:33:34-04:00,0,21
src\routes\projects\urban_mediators\+page.svelte,109,svelte,0a71d677,Jin G,2024-09-16,09:33:34,-04:00,2024-09-16T09:33:34-04:00,0,4
src\routes\projects\urban_mediators\+page.svelte,110,svelte,0a71d677,Jin G,2024-09-16,09:33:34,-04:00,2024-09-16T09:33:34-04:00,0,0
src\routes\projects\urban_mediators\+page.svelte,111,svelte,0a71d677,Jin G,2024-09-16,09:33:34,-04:00,2024-09-16T09:33:34-04:00,0,3
src\routes\projects\urban_mediators\+page.svelte,112,svelte,9d554aca,Jin G,2024-09-18,14:58:26,-04:00,2024-09-18T14:58:26-04:00,0,65
src\routes\projects\urban_mediators\+page.svelte,113,svelte,0a71d677,Jin G,2024-09-16,09:33:34,-04:00,2024-09-16T09:33:34-04:00,0,32
src\routes\projects\urban_mediators\+page.svelte,114,svelte,0a71d677,Jin G,2024-09-16,09:33:34,-04:00,2024-09-16T09:33:34-04:00,0,1
src\routes\projects\urban_mediators\+page.svelte,115,svelte,0a71d677,Jin G,2024-09-16,09:33:34,-04:00,2024-09-16T09:33:34-04:00,0,0
src\routes\projects\urban_mediators\+page.svelte,116,svelte,0a71d677,Jin G,2024-09-16,09:33:34,-04:00,2024-09-16T09:33:34-04:00,0,0
src\routes\projects\urban_mediators\+page.svelte,117,svelte,0a71d677,Jin G,2024-09-16,09:33:34,-04:00,2024-09-16T09:33:34-04:00,0,3
src\routes\projects\urban_mediators\+page.svelte,118,svelte,0a71d677,Jin G,2024-09-16,09:33:34,-04:00,2024-09-16T09:33:34-04:00,0,66
src\routes\projects\urban_mediators\+page.svelte,119,svelte,0a71d677,Jin G,2024-09-16,09:33:34,-04:00,2024-09-16T09:33:34-04:00,0,69
src\routes\projects\urban_mediators\+page.svelte,120,svelte,0a71d677,Jin G,2024-09-16,09:33:34,-04:00,2024-09-16T09:33:34-04:00,0,68
src\routes\projects\urban_mediators\+page.svelte,121,svelte,0a71d677,Jin G,2024-09-16,09:33:34,-04:00,2024-09-16T09:33:34-04:00,0,4
src\routes\projects\urban_mediators\+page.svelte,122,svelte,0a71d677,Jin G,2024-09-16,09:33:34,-04:00,2024-09-16T09:33:34-04:00,0,4
src\routes\projects\urban_mediators\+page.svelte,123,svelte,0a71d677,Jin G,2024-09-16,09:33:34,-04:00,2024-09-16T09:33:34-04:00,0,3
src\routes\projects\urban_mediators\+page.svelte,124,svelte,0a71d677,Jin G,2024-09-16,09:33:34,-04:00,2024-09-16T09:33:34-04:00,0,16
src\routes\projects\urban_mediators\+page.svelte,125,svelte,9d554aca,Jin G,2024-09-18,14:58:26,-04:00,2024-09-18T14:58:26-04:00,0,65
src\routes\projects\urban_mediators\+page.svelte,126,svelte,0a71d677,Jin G,2024-09-16,09:33:34,-04:00,2024-09-16T09:33:34-04:00,0,32
src\routes\projects\urban_mediators\+page.svelte,127,svelte,0a71d677,Jin G,2024-09-16,09:33:34,-04:00,2024-09-16T09:33:34-04:00,0,1
src\routes\projects\urban_mediators\+page.svelte,128,svelte,0a71d677,Jin G,2024-09-16,09:33:34,-04:00,2024-09-16T09:33:34-04:00,0,0
src\routes\projects\urban_mediators\+page.svelte,129,svelte,0a71d677,Jin G,2024-09-16,09:33:34,-04:00,2024-09-16T09:33:34-04:00,0,3
src\routes\projects\urban_mediators\+page.svelte,130,svelte,0a71d677,Jin G,2024-09-16,09:33:34,-04:00,2024-09-16T09:33:34-04:00,0,71
src\routes\projects\urban_mediators\+page.svelte,131,svelte,0a71d677,Jin G,2024-09-16,09:33:34,-04:00,2024-09-16T09:33:34-04:00,0,49
src\routes\projects\urban_mediators\+page.svelte,132,svelte,0a71d677,Jin G,2024-09-16,09:33:34,-04:00,2024-09-16T09:33:34-04:00,0,4
src\routes\projects\urban_mediators\+page.svelte,133,svelte,0a71d677,Jin G,2024-09-16,09:33:34,-04:00,2024-09-16T09:33:34-04:00,0,3
src\routes\projects\urban_mediators\+page.svelte,134,svelte,0a71d677,Jin G,2024-09-16,09:33:34,-04:00,2024-09-16T09:33:34-04:00,0,63
src\routes\projects\urban_mediators\+page.svelte,135,svelte,0a71d677,Jin G,2024-09-16,09:33:34,-04:00,2024-09-16T09:33:34-04:00,0,73
src\routes\projects\urban_mediators\+page.svelte,136,svelte,0a71d677,Jin G,2024-09-16,09:33:34,-04:00,2024-09-16T09:33:34-04:00,0,56
src\routes\projects\urban_mediators\+page.svelte,137,svelte,0a71d677,Jin G,2024-09-16,09:33:34,-04:00,2024-09-16T09:33:34-04:00,0,4
src\routes\projects\urban_mediators\+page.svelte,138,svelte,0a71d677,Jin G,2024-09-16,09:33:34,-04:00,2024-09-16T09:33:34-04:00,0,4
src\routes\projects\urban_mediators\+page.svelte,139,svelte,0a71d677,Jin G,2024-09-16,09:33:34,-04:00,2024-09-16T09:33:34-04:00,0,0
src\routes\projects\urban_mediators\+page.svelte,140,svelte,0a71d677,Jin G,2024-09-16,09:33:34,-04:00,2024-09-16T09:33:34-04:00,0,41
src\routes\projects\urban_mediators\+page.svelte,141,svelte,0a71d677,Jin G,2024-09-16,09:33:34,-04:00,2024-09-16T09:33:34-04:00,0,47
src\routes\projects\urban_mediators\+page.svelte,142,svelte,0a71d677,Jin G,2024-09-16,09:33:34,-04:00,2024-09-16T09:33:34-04:00,0,3
src\routes\projects\urban_mediators\+page.svelte,143,svelte,0a71d677,Jin G,2024-09-16,09:33:34,-04:00,2024-09-16T09:33:34-04:00,0,3
src\routes\projects\urban_mediators\+page.svelte,144,svelte,0a71d677,Jin G,2024-09-16,09:33:34,-04:00,2024-09-16T09:33:34-04:00,0,70
src\routes\projects\urban_mediators\+page.svelte,145,svelte,0a71d677,Jin G,2024-09-16,09:33:34,-04:00,2024-09-16T09:33:34-04:00,0,63
src\routes\projects\urban_mediators\+page.svelte,146,svelte,0a71d677,Jin G,2024-09-16,09:33:34,-04:00,2024-09-16T09:33:34-04:00,0,51
src\routes\projects\urban_mediators\+page.svelte,147,svelte,0a71d677,Jin G,2024-09-16,09:33:34,-04:00,2024-09-16T09:33:34-04:00,0,4
src\routes\projects\urban_mediators\+page.svelte,148,svelte,0a71d677,Jin G,2024-09-16,09:33:34,-04:00,2024-09-16T09:33:34-04:00,0,3
src\routes\projects\urban_mediators\+page.svelte,149,svelte,0a71d677,Jin G,2024-09-16,09:33:34,-04:00,2024-09-16T09:33:34-04:00,0,72
src\routes\projects\urban_mediators\+page.svelte,150,svelte,0a71d677,Jin G,2024-09-16,09:33:34,-04:00,2024-09-16T09:33:34-04:00,0,68
src\routes\projects\urban_mediators\+page.svelte,151,svelte,0a71d677,Jin G,2024-09-16,09:33:34,-04:00,2024-09-16T09:33:34-04:00,0,45
src\routes\projects\urban_mediators\+page.svelte,152,svelte,0a71d677,Jin G,2024-09-16,09:33:34,-04:00,2024-09-16T09:33:34-04:00,0,4
src\routes\projects\urban_mediators\+page.svelte,153,svelte,0a71d677,Jin G,2024-09-16,09:33:34,-04:00,2024-09-16T09:33:34-04:00,0,4
src\routes\projects\urban_mediators\+page.svelte,154,svelte,a6cabc81,Jin G,2024-09-16,08:13:38,-04:00,2024-09-16T08:13:38-04:00,0,6
src\routes\projects\urban_mediators\+page.svelte,155,svelte,a6cabc81,Jin G,2024-09-16,08:13:38,-04:00,2024-09-16T08:13:38-04:00,0,0
src\routes\projects\urban_mediators\+page.svelte,156,svelte,a6cabc81,Jin G,2024-09-16,08:13:38,-04:00,2024-09-16T08:13:38-04:00,0,6
src\routes\projects\urban_mediators\+page.svelte,157,css,0a71d677,Jin G,2024-09-16,09:33:34,-04:00,2024-09-16T09:33:34-04:00,0,4
src\routes\projects\urban_mediators\+page.svelte,158,css,0a71d677,Jin G,2024-09-16,09:33:34,-04:00,2024-09-16T09:33:34-04:00,0,11
src\routes\projects\urban_mediators\+page.svelte,159,css,0a71d677,Jin G,2024-09-16,09:33:34,-04:00,2024-09-16T09:33:34-04:00,0,12
src\routes\projects\urban_mediators\+page.svelte,160,css,0a71d677,Jin G,2024-09-16,09:33:34,-04:00,2024-09-16T09:33:34-04:00,0,53
src\routes\projects\urban_mediators\+page.svelte,161,css,0a71d677,Jin G,2024-09-16,09:33:34,-04:00,2024-09-16T09:33:34-04:00,0,67
src\routes\projects\urban_mediators\+page.svelte,162,css,0a71d677,Jin G,2024-09-16,09:33:34,-04:00,2024-09-16T09:33:34-04:00,0,0
src\routes\projects\urban_mediators\+page.svelte,163,css,0a71d677,Jin G,2024-09-16,09:33:34,-04:00,2024-09-16T09:33:34-04:00,0,0
src\routes\projects\urban_mediators\+page.svelte,164,css,0a71d677,Jin G,2024-09-16,09:33:34,-04:00,2024-09-16T09:33:34-04:00,0,11
src\routes\projects\urban_mediators\+page.svelte,165,css,0a71d677,Jin G,2024-09-16,09:33:34,-04:00,2024-09-16T09:33:34-04:00,0,10
src\routes\projects\urban_mediators\+page.svelte,166,css,0a71d677,Jin G,2024-09-16,09:33:34,-04:00,2024-09-16T09:33:34-04:00,0,12
src\routes\projects\urban_mediators\+page.svelte,167,css,0a71d677,Jin G,2024-09-16,09:33:34,-04:00,2024-09-16T09:33:34-04:00,0,16
src\routes\projects\urban_mediators\+page.svelte,168,css,0a71d677,Jin G,2024-09-16,09:33:34,-04:00,2024-09-16T09:33:34-04:00,0,0
src\routes\projects\urban_mediators\+page.svelte,169,svelte,0a71d677,Jin G,2024-09-16,09:33:34,-04:00,2024-09-16T09:33:34-04:00,0,7
src\routes\projects\the_third_nature\+page.svelte,1,svelte,d8a4349e,Jin G,2024-09-15,18:32:45,-04:00,2024-09-15T18:32:45-04:00,0,12
src\routes\projects\the_third_nature\+page.svelte,2,svelte,e23a9043,Jin G,2024-09-16,00:27:49,-04:00,2024-09-16T00:27:49-04:00,0,30
src\routes\projects\the_third_nature\+page.svelte,3,svelte,e23a9043,Jin G,2024-09-16,00:27:49,-04:00,2024-09-16T00:27:49-04:00,0,13
src\routes\projects\the_third_nature\+page.svelte,4,svelte,e23a9043,Jin G,2024-09-16,00:27:49,-04:00,2024-09-16T00:27:49-04:00,0,0
src\routes\projects\the_third_nature\+page.svelte,5,svelte,2126c3a8,Jin G,2024-09-18,15:17:00,-04:00,2024-09-18T15:17:00-04:00,0,7
src\routes\projects\the_third_nature\+page.svelte,6,js,2126c3a8,Jin G,2024-09-18,15:17:00,-04:00,2024-09-18T15:17:00-04:00,0,33
src\routes\projects\the_third_nature\+page.svelte,7,svelte,2126c3a8,Jin G,2024-09-18,15:17:00,-04:00,2024-09-18T15:17:00-04:00,0,8
src\routes\projects\the_third_nature\+page.svelte,8,svelte,2126c3a8,Jin G,2024-09-18,15:17:00,-04:00,2024-09-18T15:17:00-04:00,0,0
src\routes\projects\the_third_nature\+page.svelte,9,svelte,e23a9043,Jin G,2024-09-16,00:27:49,-04:00,2024-09-16T00:27:49-04:00,0,5
src\routes\projects\the_third_nature\+page.svelte,10,svelte,e23a9043,Jin G,2024-09-16,00:27:49,-04:00,2024-09-16T00:27:49-04:00,0,24
src\routes\projects\the_third_nature\+page.svelte,11,svelte,e23a9043,Jin G,2024-09-16,00:27:49,-04:00,2024-09-16T00:27:49-04:00,0,43
src\routes\projects\the_third_nature\+page.svelte,12,svelte,e23a9043,Jin G,2024-09-16,00:27:49,-04:00,2024-09-16T00:27:49-04:00,0,26
src\routes\projects\the_third_nature\+page.svelte,13,svelte,e23a9043,Jin G,2024-09-16,00:27:49,-04:00,2024-09-16T00:27:49-04:00,0,26
src\routes\projects\the_third_nature\+page.svelte,14,svelte,e23a9043,Jin G,2024-09-16,00:27:49,-04:00,2024-09-16T00:27:49-04:00,0,0
src\routes\projects\the_third_nature\+page.svelte,15,svelte,e23a9043,Jin G,2024-09-16,00:27:49,-04:00,2024-09-16T00:27:49-04:00,0,16
src\routes\projects\the_third_nature\+page.svelte,16,svelte,e23a9043,Jin G,2024-09-16,00:27:49,-04:00,2024-09-16T00:27:49-04:00,0,2
src\routes\projects\the_third_nature\+page.svelte,17,svelte,e23a9043,Jin G,2024-09-16,00:27:49,-04:00,2024-09-16T00:27:49-04:00,0,545
src\routes\projects\the_third_nature\+page.svelte,18,svelte,e23a9043,Jin G,2024-09-16,00:27:49,-04:00,2024-09-16T00:27:49-04:00,0,3
src\routes\projects\the_third_nature\+page.svelte,19,svelte,e23a9043,Jin G,2024-09-16,00:27:49,-04:00,2024-09-16T00:27:49-04:00,0,2
src\routes\projects\the_third_nature\+page.svelte,20,svelte,e23a9043,Jin G,2024-09-16,00:27:49,-04:00,2024-09-16T00:27:49-04:00,0,468
src\routes\projects\the_third_nature\+page.svelte,21,svelte,e23a9043,Jin G,2024-09-16,00:27:49,-04:00,2024-09-16T00:27:49-04:00,0,3
src\routes\projects\the_third_nature\+page.svelte,22,svelte,e23a9043,Jin G,2024-09-16,00:27:49,-04:00,2024-09-16T00:27:49-04:00,0,0
src\routes\projects\the_third_nature\+page.svelte,23,svelte,e23a9043,Jin G,2024-09-16,00:27:49,-04:00,2024-09-16T00:27:49-04:00,0,42
src\routes\projects\the_third_nature\+page.svelte,24,svelte,9d554aca,Jin G,2024-09-18,14:58:26,-04:00,2024-09-18T14:58:26-04:00,0,115
src\routes\projects\the_third_nature\+page.svelte,25,svelte,e23a9043,Jin G,2024-09-16,00:27:49,-04:00,2024-09-16T00:27:49-04:00,0,0
src\routes\projects\the_third_nature\+page.svelte,26,svelte,e23a9043,Jin G,2024-09-16,00:27:49,-04:00,2024-09-16T00:27:49-04:00,0,44
src\routes\projects\the_third_nature\+page.svelte,27,svelte,e23a9043,Jin G,2024-09-16,00:27:49,-04:00,2024-09-16T00:27:49-04:00,0,149
src\routes\projects\the_third_nature\+page.svelte,28,svelte,9d554aca,Jin G,2024-09-18,14:58:26,-04:00,2024-09-18T14:58:26-04:00,0,117
src\routes\projects\the_third_nature\+page.svelte,29,svelte,e23a9043,Jin G,2024-09-16,00:27:49,-04:00,2024-09-16T00:27:49-04:00,0,0
src\routes\projects\the_third_nature\+page.svelte,30,svelte,e23a9043,Jin G,2024-09-16,00:27:49,-04:00,2024-09-16T00:27:49-04:00,0,28
src\routes\projects\the_third_nature\+page.svelte,31,svelte,9d554aca,Jin G,2024-09-18,14:58:26,-04:00,2024-09-18T14:58:26-04:00,0,101
src\routes\projects\the_third_nature\+page.svelte,32,svelte,e23a9043,Jin G,2024-09-16,00:27:49,-04:00,2024-09-16T00:27:49-04:00,0,68
src\routes\projects\the_third_nature\+page.svelte,33,svelte,e23a9043,Jin G,2024-09-16,00:27:49,-04:00,2024-09-16T00:27:49-04:00,0,73
src\routes\projects\the_third_nature\+page.svelte,34,svelte,e23a9043,Jin G,2024-09-16,00:27:49,-04:00,2024-09-16T00:27:49-04:00,0,6
src\routes\projects\the_third_nature\+page.svelte,35,svelte,e23a9043,Jin G,2024-09-16,00:27:49,-04:00,2024-09-16T00:27:49-04:00,0,0
src\routes\projects\the_third_nature\+page.svelte,36,svelte,e23a9043,Jin G,2024-09-16,00:27:49,-04:00,2024-09-16T00:27:49-04:00,0,6
src\routes\projects\the_third_nature\+page.svelte,37,css,e23a9043,Jin G,2024-09-16,00:27:49,-04:00,2024-09-16T00:27:49-04:00,0,0
src\routes\projects\the_third_nature\+page.svelte,38,css,e23a9043,Jin G,2024-09-16,00:27:49,-04:00,2024-09-16T00:27:49-04:00,0,11
src\routes\projects\the_third_nature\+page.svelte,39,css,e23a9043,Jin G,2024-09-16,00:27:49,-04:00,2024-09-16T00:27:49-04:00,0,14
src\routes\projects\the_third_nature\+page.svelte,40,css,e23a9043,Jin G,2024-09-16,00:27:49,-04:00,2024-09-16T00:27:49-04:00,0,17
src\routes\projects\the_third_nature\+page.svelte,41,css,e23a9043,Jin G,2024-09-16,00:27:49,-04:00,2024-09-16T00:27:49-04:00,0,0
src\routes\projects\the_third_nature\+page.svelte,42,css,e23a9043,Jin G,2024-09-16,00:27:49,-04:00,2024-09-16T00:27:49-04:00,0,2
src\routes\projects\the_third_nature\+page.svelte,43,css,e23a9043,Jin G,2024-09-16,00:27:49,-04:00,2024-09-16T00:27:49-04:00,0,16
src\routes\projects\the_third_nature\+page.svelte,44,css,e23a9043,Jin G,2024-09-16,00:27:49,-04:00,2024-09-16T00:27:49-04:00,0,16
src\routes\projects\the_third_nature\+page.svelte,45,css,e23a9043,Jin G,2024-09-16,00:27:49,-04:00,2024-09-16T00:27:49-04:00,0,19
src\routes\projects\the_third_nature\+page.svelte,46,css,e23a9043,Jin G,2024-09-16,00:27:49,-04:00,2024-09-16T00:27:49-04:00,0,0
src\routes\projects\the_third_nature\+page.svelte,47,css,e23a9043,Jin G,2024-09-16,00:27:49,-04:00,2024-09-16T00:27:49-04:00,0,4
src\routes\projects\the_third_nature\+page.svelte,48,css,e23a9043,Jin G,2024-09-16,00:27:49,-04:00,2024-09-16T00:27:49-04:00,0,11
src\routes\projects\the_third_nature\+page.svelte,49,css,e23a9043,Jin G,2024-09-16,00:27:49,-04:00,2024-09-16T00:27:49-04:00,0,12
src\routes\projects\the_third_nature\+page.svelte,50,css,e23a9043,Jin G,2024-09-16,00:27:49,-04:00,2024-09-16T00:27:49-04:00,0,16
src\routes\projects\the_third_nature\+page.svelte,51,css,e23a9043,Jin G,2024-09-16,00:27:49,-04:00,2024-09-16T00:27:49-04:00,0,0
src\routes\projects\the_third_nature\+page.svelte,52,svelte,e23a9043,Jin G,2024-09-16,00:27:49,-04:00,2024-09-16T00:27:49-04:00,0,7
src\routes\projects\tangible_ideas\+page.svelte,1,svelte,d296da73,Jin G,2024-09-19,09:23:23,-04:00,2024-09-19T09:23:23-04:00,0,12
src\routes\projects\tangible_ideas\+page.svelte,2,svelte,d296da73,Jin G,2024-09-19,09:23:23,-04:00,2024-09-19T09:23:23-04:00,0,28
src\routes\projects\tangible_ideas\+page.svelte,3,svelte,d296da73,Jin G,2024-09-19,09:23:23,-04:00,2024-09-19T09:23:23-04:00,0,13
src\routes\projects\tangible_ideas\+page.svelte,4,svelte,d296da73,Jin G,2024-09-19,09:23:23,-04:00,2024-09-19T09:23:23-04:00,0,0
src\routes\projects\tangible_ideas\+page.svelte,5,svelte,d296da73,Jin G,2024-09-19,09:23:23,-04:00,2024-09-19T09:23:23-04:00,0,7
src\routes\projects\tangible_ideas\+page.svelte,6,js,d296da73,Jin G,2024-09-19,09:23:23,-04:00,2024-09-19T09:23:23-04:00,0,33
src\routes\projects\tangible_ideas\+page.svelte,7,svelte,d296da73,Jin G,2024-09-19,09:23:23,-04:00,2024-09-19T09:23:23-04:00,0,8
src\routes\projects\tangible_ideas\+page.svelte,8,svelte,d296da73,Jin G,2024-09-19,09:23:23,-04:00,2024-09-19T09:23:23-04:00,0,0
src\routes\projects\tangible_ideas\+page.svelte,9,svelte,d296da73,Jin G,2024-09-19,09:23:23,-04:00,2024-09-19T09:23:23-04:00,0,5
src\routes\projects\tangible_ideas\+page.svelte,10,svelte,d296da73,Jin G,2024-09-19,09:23:23,-04:00,2024-09-19T09:23:23-04:00,0,0
src\routes\projects\tangible_ideas\+page.svelte,11,svelte,d296da73,Jin G,2024-09-19,09:23:23,-04:00,2024-09-19T09:23:23-04:00,0,22
src\routes\projects\tangible_ideas\+page.svelte,12,svelte,d296da73,Jin G,2024-09-19,09:23:23,-04:00,2024-09-19T09:23:23-04:00,0,0
src\routes\projects\tangible_ideas\+page.svelte,13,svelte,d296da73,Jin G,2024-09-19,09:23:23,-04:00,2024-09-19T09:23:23-04:00,0,73
src\routes\projects\tangible_ideas\+page.svelte,14,svelte,d296da73,Jin G,2024-09-19,09:23:23,-04:00,2024-09-19T09:23:23-04:00,0,0
src\routes\projects\tangible_ideas\+page.svelte,15,svelte,d296da73,Jin G,2024-09-19,09:23:23,-04:00,2024-09-19T09:23:23-04:00,0,55
src\routes\projects\tangible_ideas\+page.svelte,16,svelte,d296da73,Jin G,2024-09-19,09:23:23,-04:00,2024-09-19T09:23:23-04:00,0,58
src\routes\projects\tangible_ideas\+page.svelte,17,svelte,d296da73,Jin G,2024-09-19,09:23:23,-04:00,2024-09-19T09:23:23-04:00,0,41
src\routes\projects\tangible_ideas\+page.svelte,18,svelte,d296da73,Jin G,2024-09-19,09:23:23,-04:00,2024-09-19T09:23:23-04:00,0,0
src\routes\projects\tangible_ideas\+page.svelte,19,svelte,d296da73,Jin G,2024-09-19,09:23:23,-04:00,2024-09-19T09:23:23-04:00,0,30
src\routes\projects\tangible_ideas\+page.svelte,20,svelte,d296da73,Jin G,2024-09-19,09:23:23,-04:00,2024-09-19T09:23:23-04:00,0,6
src\routes\projects\tangible_ideas\+page.svelte,21,svelte,92193072,Jin G,2024-09-19,09:43:32,-04:00,2024-09-19T09:43:32-04:00,0,11
src\routes\projects\tangible_ideas\+page.svelte,22,svelte,92193072,Jin G,2024-09-19,09:43:32,-04:00,2024-09-19T09:43:32-04:00,0,13
src\routes\projects\tangible_ideas\+page.svelte,23,svelte,d296da73,Jin G,2024-09-19,09:23:23,-04:00,2024-09-19T09:23:23-04:00,0,46
src\routes\projects\tangible_ideas\+page.svelte,24,svelte,d296da73,Jin G,2024-09-19,09:23:23,-04:00,2024-09-19T09:23:23-04:00,0,27
src\routes\projects\tangible_ideas\+page.svelte,25,svelte,d296da73,Jin G,2024-09-19,09:23:23,-04:00,2024-09-19T09:23:23-04:00,0,14
src\routes\projects\tangible_ideas\+page.svelte,26,svelte,d296da73,Jin G,2024-09-19,09:23:23,-04:00,2024-09-19T09:23:23-04:00,0,106
src\routes\projects\tangible_ideas\+page.svelte,27,svelte,d296da73,Jin G,2024-09-19,09:23:23,-04:00,2024-09-19T09:23:23-04:00,0,47
src\routes\projects\tangible_ideas\+page.svelte,28,svelte,d296da73,Jin G,2024-09-19,09:23:23,-04:00,2024-09-19T09:23:23-04:00,0,15
src\routes\projects\tangible_ideas\+page.svelte,29,svelte,d296da73,Jin G,2024-09-19,09:23:23,-04:00,2024-09-19T09:23:23-04:00,0,8
src\routes\projects\tangible_ideas\+page.svelte,30,svelte,d296da73,Jin G,2024-09-19,09:23:23,-04:00,2024-09-19T09:23:23-04:00,0,5
src\routes\projects\tangible_ideas\+page.svelte,31,svelte,d296da73,Jin G,2024-09-19,09:23:23,-04:00,2024-09-19T09:23:23-04:00,0,0
src\routes\projects\tangible_ideas\+page.svelte,32,svelte,d296da73,Jin G,2024-09-19,09:23:23,-04:00,2024-09-19T09:23:23-04:00,0,16
src\routes\projects\tangible_ideas\+page.svelte,33,svelte,d296da73,Jin G,2024-09-19,09:23:23,-04:00,2024-09-19T09:23:23-04:00,0,95
src\routes\projects\tangible_ideas\+page.svelte,34,svelte,d296da73,Jin G,2024-09-19,09:23:23,-04:00,2024-09-19T09:23:23-04:00,0,0
src\routes\projects\tangible_ideas\+page.svelte,35,svelte,d296da73,Jin G,2024-09-19,09:23:23,-04:00,2024-09-19T09:23:23-04:00,0,17
src\routes\projects\tangible_ideas\+page.svelte,36,svelte,d296da73,Jin G,2024-09-19,09:23:23,-04:00,2024-09-19T09:23:23-04:00,0,85
src\routes\projects\tangible_ideas\+page.svelte,37,svelte,d296da73,Jin G,2024-09-19,09:23:23,-04:00,2024-09-19T09:23:23-04:00,0,0
src\routes\projects\tangible_ideas\+page.svelte,38,svelte,d296da73,Jin G,2024-09-19,09:23:23,-04:00,2024-09-19T09:23:23-04:00,0,27
src\routes\projects\tangible_ideas\+page.svelte,39,svelte,d296da73,Jin G,2024-09-19,09:23:23,-04:00,2024-09-19T09:23:23-04:00,0,95
src\routes\projects\tangible_ideas\+page.svelte,40,svelte,d296da73,Jin G,2024-09-19,09:23:23,-04:00,2024-09-19T09:23:23-04:00,0,0
src\routes\projects\tangible_ideas\+page.svelte,41,svelte,d296da73,Jin G,2024-09-19,09:23:23,-04:00,2024-09-19T09:23:23-04:00,0,30
src\routes\projects\tangible_ideas\+page.svelte,42,svelte,d296da73,Jin G,2024-09-19,09:23:23,-04:00,2024-09-19T09:23:23-04:00,0,86
src\routes\projects\tangible_ideas\+page.svelte,43,svelte,d296da73,Jin G,2024-09-19,09:23:23,-04:00,2024-09-19T09:23:23-04:00,0,93
src\routes\projects\tangible_ideas\+page.svelte,44,svelte,d296da73,Jin G,2024-09-19,09:23:23,-04:00,2024-09-19T09:23:23-04:00,0,0
src\routes\projects\tangible_ideas\+page.svelte,45,svelte,d296da73,Jin G,2024-09-19,09:23:23,-04:00,2024-09-19T09:23:23-04:00,0,32
src\routes\projects\tangible_ideas\+page.svelte,46,svelte,d296da73,Jin G,2024-09-19,09:23:23,-04:00,2024-09-19T09:23:23-04:00,0,92
src\routes\projects\tangible_ideas\+page.svelte,47,svelte,d296da73,Jin G,2024-09-19,09:23:23,-04:00,2024-09-19T09:23:23-04:00,0,0
src\routes\projects\tangible_ideas\+page.svelte,48,svelte,d296da73,Jin G,2024-09-19,09:23:23,-04:00,2024-09-19T09:23:23-04:00,0,42
src\routes\projects\tangible_ideas\+page.svelte,49,svelte,d296da73,Jin G,2024-09-19,09:23:23,-04:00,2024-09-19T09:23:23-04:00,0,101
src\routes\projects\tangible_ideas\+page.svelte,50,svelte,d296da73,Jin G,2024-09-19,09:23:23,-04:00,2024-09-19T09:23:23-04:00,0,0
src\routes\projects\tangible_ideas\+page.svelte,51,svelte,d296da73,Jin G,2024-09-19,09:23:23,-04:00,2024-09-19T09:23:23-04:00,0,6
src\routes\projects\tangible_ideas\+page.svelte,52,svelte,d296da73,Jin G,2024-09-19,09:23:23,-04:00,2024-09-19T09:23:23-04:00,0,0
src\routes\projects\tangible_ideas\+page.svelte,53,svelte,d296da73,Jin G,2024-09-19,09:23:23,-04:00,2024-09-19T09:23:23-04:00,0,6
src\routes\projects\tangible_ideas\+page.svelte,54,css,d296da73,Jin G,2024-09-19,09:23:23,-04:00,2024-09-19T09:23:23-04:00,0,4
src\routes\projects\tangible_ideas\+page.svelte,55,css,d296da73,Jin G,2024-09-19,09:23:23,-04:00,2024-09-19T09:23:23-04:00,0,11
src\routes\projects\tangible_ideas\+page.svelte,56,css,d296da73,Jin G,2024-09-19,09:23:23,-04:00,2024-09-19T09:23:23-04:00,0,12
src\routes\projects\tangible_ideas\+page.svelte,57,css,d296da73,Jin G,2024-09-19,09:23:23,-04:00,2024-09-19T09:23:23-04:00,0,16
src\routes\projects\tangible_ideas\+page.svelte,58,css,d296da73,Jin G,2024-09-19,09:23:23,-04:00,2024-09-19T09:23:23-04:00,0,0
src\routes\projects\tangible_ideas\+page.svelte,59,svelte,d296da73,Jin G,2024-09-19,09:23:23,-04:00,2024-09-19T09:23:23-04:00,0,7
src\routes\projects\silkroad_urbanism\+page.svelte,1,svelte,d8a4349e,Jin G,2024-09-15,18:32:45,-04:00,2024-09-15T18:32:45-04:00,0,12
src\routes\projects\silkroad_urbanism\+page.svelte,2,svelte,a6cabc81,Jin G,2024-09-16,08:13:38,-04:00,2024-09-16T08:13:38-04:00,0,31
src\routes\projects\silkroad_urbanism\+page.svelte,3,svelte,e23a9043,Jin G,2024-09-16,00:27:49,-04:00,2024-09-16T00:27:49-04:00,0,13
src\routes\projects\silkroad_urbanism\+page.svelte,4,svelte,e23a9043,Jin G,2024-09-16,00:27:49,-04:00,2024-09-16T00:27:49-04:00,0,0
src\routes\projects\silkroad_urbanism\+page.svelte,5,svelte,2126c3a8,Jin G,2024-09-18,15:17:00,-04:00,2024-09-18T15:17:00-04:00,0,7
src\routes\projects\silkroad_urbanism\+page.svelte,6,js,2126c3a8,Jin G,2024-09-18,15:17:00,-04:00,2024-09-18T15:17:00-04:00,0,33
src\routes\projects\silkroad_urbanism\+page.svelte,7,svelte,2126c3a8,Jin G,2024-09-18,15:17:00,-04:00,2024-09-18T15:17:00-04:00,0,8
src\routes\projects\silkroad_urbanism\+page.svelte,8,svelte,2126c3a8,Jin G,2024-09-18,15:17:00,-04:00,2024-09-18T15:17:00-04:00,0,0
src\routes\projects\silkroad_urbanism\+page.svelte,9,svelte,e23a9043,Jin G,2024-09-16,00:27:49,-04:00,2024-09-16T00:27:49-04:00,0,5
src\routes\projects\silkroad_urbanism\+page.svelte,10,svelte,a6cabc81,Jin G,2024-09-16,08:13:38,-04:00,2024-09-16T08:13:38-04:00,0,25
src\routes\projects\silkroad_urbanism\+page.svelte,11,svelte,a6cabc81,Jin G,2024-09-16,08:13:38,-04:00,2024-09-16T08:13:38-04:00,0,44
src\routes\projects\silkroad_urbanism\+page.svelte,12,svelte,0a71d677,Jin G,2024-09-16,09:33:34,-04:00,2024-09-16T09:33:34-04:00,0,63
src\routes\projects\silkroad_urbanism\+page.svelte,13,svelte,a6cabc81,Jin G,2024-09-16,08:13:38,-04:00,2024-09-16T08:13:38-04:00,0,0
src\routes\projects\silkroad_urbanism\+page.svelte,14,svelte,a6cabc81,Jin G,2024-09-16,08:13:38,-04:00,2024-09-16T08:13:38-04:00,0,2
src\routes\projects\silkroad_urbanism\+page.svelte,15,svelte,a6cabc81,Jin G,2024-09-16,08:13:38,-04:00,2024-09-16T08:13:38-04:00,0,75
src\routes\projects\silkroad_urbanism\+page.svelte,16,svelte,a6cabc81,Jin G,2024-09-16,08:13:38,-04:00,2024-09-16T08:13:38-04:00,0,65
src\routes\projects\silkroad_urbanism\+page.svelte,17,svelte,a6cabc81,Jin G,2024-09-16,08:13:38,-04:00,2024-09-16T08:13:38-04:00,0,69
src\routes\projects\silkroad_urbanism\+page.svelte,18,svelte,a6cabc81,Jin G,2024-09-16,08:13:38,-04:00,2024-09-16T08:13:38-04:00,0,69
src\routes\projects\silkroad_urbanism\+page.svelte,19,svelte,a6cabc81,Jin G,2024-09-16,08:13:38,-04:00,2024-09-16T08:13:38-04:00,0,69
src\routes\projects\silkroad_urbanism\+page.svelte,20,svelte,a6cabc81,Jin G,2024-09-16,08:13:38,-04:00,2024-09-16T08:13:38-04:00,0,74
src\routes\projects\silkroad_urbanism\+page.svelte,21,svelte,a6cabc81,Jin G,2024-09-16,08:13:38,-04:00,2024-09-16T08:13:38-04:00,0,65
src\routes\projects\silkroad_urbanism\+page.svelte,22,svelte,a6cabc81,Jin G,2024-09-16,08:13:38,-04:00,2024-09-16T08:13:38-04:00,0,75
src\routes\projects\silkroad_urbanism\+page.svelte,23,svelte,a6cabc81,Jin G,2024-09-16,08:13:38,-04:00,2024-09-16T08:13:38-04:00,0,69
src\routes\projects\silkroad_urbanism\+page.svelte,24,svelte,a6cabc81,Jin G,2024-09-16,08:13:38,-04:00,2024-09-16T08:13:38-04:00,0,70
src\routes\projects\silkroad_urbanism\+page.svelte,25,svelte,a6cabc81,Jin G,2024-09-16,08:13:38,-04:00,2024-09-16T08:13:38-04:00,0,70
src\routes\projects\silkroad_urbanism\+page.svelte,26,svelte,a6cabc81,Jin G,2024-09-16,08:13:38,-04:00,2024-09-16T08:13:38-04:00,0,72
src\routes\projects\silkroad_urbanism\+page.svelte,27,svelte,a6cabc81,Jin G,2024-09-16,08:13:38,-04:00,2024-09-16T08:13:38-04:00,0,67
src\routes\projects\silkroad_urbanism\+page.svelte,28,svelte,a6cabc81,Jin G,2024-09-16,08:13:38,-04:00,2024-09-16T08:13:38-04:00,0,38
src\routes\projects\silkroad_urbanism\+page.svelte,29,svelte,a6cabc81,Jin G,2024-09-16,08:13:38,-04:00,2024-09-16T08:13:38-04:00,0,3
src\routes\projects\silkroad_urbanism\+page.svelte,30,svelte,a6cabc81,Jin G,2024-09-16,08:13:38,-04:00,2024-09-16T08:13:38-04:00,0,3
src\routes\projects\silkroad_urbanism\+page.svelte,31,svelte,9d554aca,Jin G,2024-09-18,14:58:26,-04:00,2024-09-18T14:58:26-04:00,0,68
src\routes\projects\silkroad_urbanism\+page.svelte,32,svelte,a6cabc81,Jin G,2024-09-16,08:13:38,-04:00,2024-09-16T08:13:38-04:00,0,30
src\routes\projects\silkroad_urbanism\+page.svelte,33,svelte,a6cabc81,Jin G,2024-09-16,08:13:38,-04:00,2024-09-16T08:13:38-04:00,0,1
src\routes\projects\silkroad_urbanism\+page.svelte,34,svelte,0a71d677,Jin G,2024-09-16,09:33:34,-04:00,2024-09-16T09:33:34-04:00,0,0
src\routes\projects\silkroad_urbanism\+page.svelte,35,svelte,a6cabc81,Jin G,2024-09-16,08:13:38,-04:00,2024-09-16T08:13:38-04:00,0,3
src\routes\projects\silkroad_urbanism\+page.svelte,36,svelte,9d554aca,Jin G,2024-09-18,14:58:26,-04:00,2024-09-18T14:58:26-04:00,0,68
src\routes\projects\silkroad_urbanism\+page.svelte,37,svelte,0a71d677,Jin G,2024-09-16,09:33:34,-04:00,2024-09-16T09:33:34-04:00,0,30
src\routes\projects\silkroad_urbanism\+page.svelte,38,svelte,0a71d677,Jin G,2024-09-16,09:33:34,-04:00,2024-09-16T09:33:34-04:00,0,1
src\routes\projects\silkroad_urbanism\+page.svelte,39,svelte,0a71d677,Jin G,2024-09-16,09:33:34,-04:00,2024-09-16T09:33:34-04:00,0,66
src\routes\projects\silkroad_urbanism\+page.svelte,40,svelte,0a71d677,Jin G,2024-09-16,09:33:34,-04:00,2024-09-16T09:33:34-04:00,0,2
src\routes\projects\silkroad_urbanism\+page.svelte,41,svelte,0a71d677,Jin G,2024-09-16,09:33:34,-04:00,2024-09-16T09:33:34-04:00,0,73
src\routes\projects\silkroad_urbanism\+page.svelte,42,svelte,0a71d677,Jin G,2024-09-16,09:33:34,-04:00,2024-09-16T09:33:34-04:00,0,74
src\routes\projects\silkroad_urbanism\+page.svelte,43,svelte,0a71d677,Jin G,2024-09-16,09:33:34,-04:00,2024-09-16T09:33:34-04:00,0,73
src\routes\projects\silkroad_urbanism\+page.svelte,44,svelte,0a71d677,Jin G,2024-09-16,09:33:34,-04:00,2024-09-16T09:33:34-04:00,0,69
src\routes\projects\silkroad_urbanism\+page.svelte,45,svelte,0a71d677,Jin G,2024-09-16,09:33:34,-04:00,2024-09-16T09:33:34-04:00,0,73
src\routes\projects\silkroad_urbanism\+page.svelte,46,svelte,0a71d677,Jin G,2024-09-16,09:33:34,-04:00,2024-09-16T09:33:34-04:00,0,52
src\routes\projects\silkroad_urbanism\+page.svelte,47,svelte,0a71d677,Jin G,2024-09-16,09:33:34,-04:00,2024-09-16T09:33:34-04:00,0,3
src\routes\projects\silkroad_urbanism\+page.svelte,48,svelte,0a71d677,Jin G,2024-09-16,09:33:34,-04:00,2024-09-16T09:33:34-04:00,0,0
src\routes\projects\silkroad_urbanism\+page.svelte,49,svelte,a6cabc81,Jin G,2024-09-16,08:13:38,-04:00,2024-09-16T08:13:38-04:00,0,3
src\routes\projects\silkroad_urbanism\+page.svelte,50,svelte,9d554aca,Jin G,2024-09-18,14:58:26,-04:00,2024-09-18T14:58:26-04:00,0,69
src\routes\projects\silkroad_urbanism\+page.svelte,51,svelte,0a71d677,Jin G,2024-09-16,09:33:34,-04:00,2024-09-16T09:33:34-04:00,0,31
src\routes\projects\silkroad_urbanism\+page.svelte,52,svelte,0a71d677,Jin G,2024-09-16,09:33:34,-04:00,2024-09-16T09:33:34-04:00,0,1
src\routes\projects\silkroad_urbanism\+page.svelte,53,svelte,0a71d677,Jin G,2024-09-16,09:33:34,-04:00,2024-09-16T09:33:34-04:00,0,52
src\routes\projects\silkroad_urbanism\+page.svelte,54,svelte,0a71d677,Jin G,2024-09-16,09:33:34,-04:00,2024-09-16T09:33:34-04:00,0,2
src\routes\projects\silkroad_urbanism\+page.svelte,55,svelte,0a71d677,Jin G,2024-09-16,09:33:34,-04:00,2024-09-16T09:33:34-04:00,0,75
src\routes\projects\silkroad_urbanism\+page.svelte,56,svelte,0a71d677,Jin G,2024-09-16,09:33:34,-04:00,2024-09-16T09:33:34-04:00,0,74
src\routes\projects\silkroad_urbanism\+page.svelte,57,svelte,0a71d677,Jin G,2024-09-16,09:33:34,-04:00,2024-09-16T09:33:34-04:00,0,72
src\routes\projects\silkroad_urbanism\+page.svelte,58,svelte,0a71d677,Jin G,2024-09-16,09:33:34,-04:00,2024-09-16T09:33:34-04:00,0,5
src\routes\projects\silkroad_urbanism\+page.svelte,59,svelte,0a71d677,Jin G,2024-09-16,09:33:34,-04:00,2024-09-16T09:33:34-04:00,0,3
src\routes\projects\silkroad_urbanism\+page.svelte,60,svelte,0a71d677,Jin G,2024-09-16,09:33:34,-04:00,2024-09-16T09:33:34-04:00,0,2
src\routes\projects\silkroad_urbanism\+page.svelte,61,svelte,0a71d677,Jin G,2024-09-16,09:33:34,-04:00,2024-09-16T09:33:34-04:00,0,71
src\routes\projects\silkroad_urbanism\+page.svelte,62,svelte,0a71d677,Jin G,2024-09-16,09:33:34,-04:00,2024-09-16T09:33:34-04:00,0,73
src\routes\projects\silkroad_urbanism\+page.svelte,63,svelte,0a71d677,Jin G,2024-09-16,09:33:34,-04:00,2024-09-16T09:33:34-04:00,0,72
src\routes\projects\silkroad_urbanism\+page.svelte,64,svelte,0a71d677,Jin G,2024-09-16,09:33:34,-04:00,2024-09-16T09:33:34-04:00,0,74
src\routes\projects\silkroad_urbanism\+page.svelte,65,svelte,0a71d677,Jin G,2024-09-16,09:33:34,-04:00,2024-09-16T09:33:34-04:00,0,73
src\routes\projects\silkroad_urbanism\+page.svelte,66,svelte,0a71d677,Jin G,2024-09-16,09:33:34,-04:00,2024-09-16T09:33:34-04:00,0,74
src\routes\projects\silkroad_urbanism\+page.svelte,67,svelte,0a71d677,Jin G,2024-09-16,09:33:34,-04:00,2024-09-16T09:33:34-04:00,0,74
src\routes\projects\silkroad_urbanism\+page.svelte,68,svelte,0a71d677,Jin G,2024-09-16,09:33:34,-04:00,2024-09-16T09:33:34-04:00,0,70
src\routes\projects\silkroad_urbanism\+page.svelte,69,svelte,0a71d677,Jin G,2024-09-16,09:33:34,-04:00,2024-09-16T09:33:34-04:00,0,13
src\routes\projects\silkroad_urbanism\+page.svelte,70,svelte,0a71d677,Jin G,2024-09-16,09:33:34,-04:00,2024-09-16T09:33:34-04:00,0,3
src\routes\projects\silkroad_urbanism\+page.svelte,71,svelte,0a71d677,Jin G,2024-09-16,09:33:34,-04:00,2024-09-16T09:33:34-04:00,0,0
src\routes\projects\silkroad_urbanism\+page.svelte,72,svelte,e23a9043,Jin G,2024-09-16,00:27:49,-04:00,2024-09-16T00:27:49-04:00,0,6
src\routes\projects\silkroad_urbanism\+page.svelte,73,svelte,e23a9043,Jin G,2024-09-16,00:27:49,-04:00,2024-09-16T00:27:49-04:00,0,0
src\routes\projects\silkroad_urbanism\+page.svelte,74,svelte,e23a9043,Jin G,2024-09-16,00:27:49,-04:00,2024-09-16T00:27:49-04:00,0,6
src\routes\projects\silkroad_urbanism\+page.svelte,75,css,a6cabc81,Jin G,2024-09-16,08:13:38,-04:00,2024-09-16T08:13:38-04:00,0,4
src\routes\projects\silkroad_urbanism\+page.svelte,76,css,a6cabc81,Jin G,2024-09-16,08:13:38,-04:00,2024-09-16T08:13:38-04:00,0,11
src\routes\projects\silkroad_urbanism\+page.svelte,77,css,a6cabc81,Jin G,2024-09-16,08:13:38,-04:00,2024-09-16T08:13:38-04:00,0,12
src\routes\projects\silkroad_urbanism\+page.svelte,78,css,a6cabc81,Jin G,2024-09-16,08:13:38,-04:00,2024-09-16T08:13:38-04:00,0,16
src\routes\projects\silkroad_urbanism\+page.svelte,79,css,a6cabc81,Jin G,2024-09-16,08:13:38,-04:00,2024-09-16T08:13:38-04:00,0,0
src\routes\projects\silkroad_urbanism\+page.svelte,80,svelte,a6cabc81,Jin G,2024-09-16,08:13:38,-04:00,2024-09-16T08:13:38-04:00,0,7
src\routes\projects\police_misconduct\+page.svelte,1,svelte,f94476fb,Jin G,2024-09-15,16:12:34,-04:00,2024-09-15T16:12:34-04:00,0,7
src\routes\projects\police_misconduct\+page.svelte,2,js,9d554aca,Jin G,2024-09-18,14:58:26,-04:00,2024-09-18T14:58:26-04:00,0,33
src\routes\projects\police_misconduct\+page.svelte,3,js,f94476fb,Jin G,2024-09-15,16:12:34,-04:00,2024-09-15T16:12:34-04:00,0,24
src\routes\projects\police_misconduct\+page.svelte,4,js,f94476fb,Jin G,2024-09-15,16:12:34,-04:00,2024-09-15T16:12:34-04:00,0,39
src\routes\projects\police_misconduct\+page.svelte,5,js,f94476fb,Jin G,2024-09-15,16:12:34,-04:00,2024-09-15T16:12:34-04:00,0,41
src\routes\projects\police_misconduct\+page.svelte,6,js,f94476fb,Jin G,2024-09-15,16:12:34,-04:00,2024-09-15T16:12:34-04:00,0,40
src\routes\projects\police_misconduct\+page.svelte,7,js,f94476fb,Jin G,2024-09-15,16:12:34,-04:00,2024-09-15T16:12:34-04:00,0,0
src\routes\projects\police_misconduct\+page.svelte,8,js,f94476fb,Jin G,2024-09-15,16:12:34,-04:00,2024-09-15T16:12:34-04:00,0,30
src\routes\projects\police_misconduct\+page.svelte,9,js,f94476fb,Jin G,2024-09-15,16:12:34,-04:00,2024-09-15T16:12:34-04:00,0,0
src\routes\projects\police_misconduct\+page.svelte,10,js,f94476fb,Jin G,2024-09-15,16:12:34,-04:00,2024-09-15T16:12:34-04:00,0,8
src\routes\projects\police_misconduct\+page.svelte,11,js,f94476fb,Jin G,2024-09-15,16:12:34,-04:00,2024-09-15T16:12:34-04:00,0,0
src\routes\projects\police_misconduct\+page.svelte,12,js,f94476fb,Jin G,2024-09-15,16:12:34,-04:00,2024-09-15T16:12:34-04:00,0,20
src\routes\projects\police_misconduct\+page.svelte,13,js,f263caf0,Jin G,2024-09-18,15:27:57,-04:00,2024-09-18T15:27:57-04:00,0,65
src\routes\projects\police_misconduct\+page.svelte,14,js,f94476fb,Jin G,2024-09-15,16:12:34,-04:00,2024-09-15T16:12:34-04:00,0,14
src\routes\projects\police_misconduct\+page.svelte,15,js,f94476fb,Jin G,2024-09-15,16:12:34,-04:00,2024-09-15T16:12:34-04:00,0,1
src\routes\projects\police_misconduct\+page.svelte,16,js,f94476fb,Jin G,2024-09-15,16:12:34,-04:00,2024-09-15T16:12:34-04:00,0,0
src\routes\projects\police_misconduct\+page.svelte,17,js,f94476fb,Jin G,2024-09-15,16:12:34,-04:00,2024-09-15T16:12:34-04:00,0,40
src\routes\projects\police_misconduct\+page.svelte,18,js,f94476fb,Jin G,2024-09-15,16:12:34,-04:00,2024-09-15T16:12:34-04:00,0,18
src\routes\projects\police_misconduct\+page.svelte,19,js,f94476fb,Jin G,2024-09-15,16:12:34,-04:00,2024-09-15T16:12:34-04:00,0,19
src\routes\projects\police_misconduct\+page.svelte,20,js,f94476fb,Jin G,2024-09-15,16:12:34,-04:00,2024-09-15T16:12:34-04:00,0,0
src\routes\projects\police_misconduct\+page.svelte,21,js,f94476fb,Jin G,2024-09-15,16:12:34,-04:00,2024-09-15T16:12:34-04:00,0,50
src\routes\projects\police_misconduct\+page.svelte,22,js,f94476fb,Jin G,2024-09-15,16:12:34,-04:00,2024-09-15T16:12:34-04:00,0,0
src\routes\projects\police_misconduct\+page.svelte,23,js,f94476fb,Jin G,2024-09-15,16:12:34,-04:00,2024-09-15T16:12:34-04:00,0,57
src\routes\projects\police_misconduct\+page.svelte,24,js,f94476fb,Jin G,2024-09-15,16:12:34,-04:00,2024-09-15T16:12:34-04:00,0,57
src\routes\projects\police_misconduct\+page.svelte,25,js,f94476fb,Jin G,2024-09-15,16:12:34,-04:00,2024-09-15T16:12:34-04:00,0,0
src\routes\projects\police_misconduct\+page.svelte,26,js,f94476fb,Jin G,2024-09-15,16:12:34,-04:00,2024-09-15T16:12:34-04:00,0,54
src\routes\projects\police_misconduct\+page.svelte,27,js,f94476fb,Jin G,2024-09-15,16:12:34,-04:00,2024-09-15T16:12:34-04:00,0,30
src\routes\projects\police_misconduct\+page.svelte,28,js,f94476fb,Jin G,2024-09-15,16:12:34,-04:00,2024-09-15T16:12:34-04:00,0,57
src\routes\projects\police_misconduct\+page.svelte,29,js,f94476fb,Jin G,2024-09-15,16:12:34,-04:00,2024-09-15T16:12:34-04:00,0,57
src\routes\projects\police_misconduct\+page.svelte,30,js,f94476fb,Jin G,2024-09-15,16:12:34,-04:00,2024-09-15T16:12:34-04:00,0,0
src\routes\projects\police_misconduct\+page.svelte,31,js,f94476fb,Jin G,2024-09-15,16:12:34,-04:00,2024-09-15T16:12:34-04:00,0,71
src\routes\projects\police_misconduct\+page.svelte,32,js,f94476fb,Jin G,2024-09-15,16:12:34,-04:00,2024-09-15T16:12:34-04:00,0,28
src\routes\projects\police_misconduct\+page.svelte,33,js,f94476fb,Jin G,2024-09-15,16:12:34,-04:00,2024-09-15T16:12:34-04:00,0,56
src\routes\projects\police_misconduct\+page.svelte,34,js,f94476fb,Jin G,2024-09-15,16:12:34,-04:00,2024-09-15T16:12:34-04:00,0,34
src\routes\projects\police_misconduct\+page.svelte,35,js,f94476fb,Jin G,2024-09-15,16:12:34,-04:00,2024-09-15T16:12:34-04:00,0,34
src\routes\projects\police_misconduct\+page.svelte,36,js,f94476fb,Jin G,2024-09-15,16:12:34,-04:00,2024-09-15T16:12:34-04:00,0,0
src\routes\projects\police_misconduct\+page.svelte,37,js,f94476fb,Jin G,2024-09-15,16:12:34,-04:00,2024-09-15T16:12:34-04:00,0,0
src\routes\projects\police_misconduct\+page.svelte,38,js,f94476fb,Jin G,2024-09-15,16:12:34,-04:00,2024-09-15T16:12:34-04:00,0,57
src\routes\projects\police_misconduct\+page.svelte,39,js,f94476fb,Jin G,2024-09-15,16:12:34,-04:00,2024-09-15T16:12:34-04:00,0,24
src\routes\projects\police_misconduct\+page.svelte,40,js,f94476fb,Jin G,2024-09-15,16:12:34,-04:00,2024-09-15T16:12:34-04:00,0,26
src\routes\projects\police_misconduct\+page.svelte,41,js,f94476fb,Jin G,2024-09-15,16:12:34,-04:00,2024-09-15T16:12:34-04:00,0,26
src\routes\projects\police_misconduct\+page.svelte,42,js,f94476fb,Jin G,2024-09-15,16:12:34,-04:00,2024-09-15T16:12:34-04:00,0,0
src\routes\projects\police_misconduct\+page.svelte,43,js,f94476fb,Jin G,2024-09-15,16:12:34,-04:00,2024-09-15T16:12:34-04:00,0,0
src\routes\projects\police_misconduct\+page.svelte,44,js,f94476fb,Jin G,2024-09-15,16:12:34,-04:00,2024-09-15T16:12:34-04:00,0,71
src\routes\projects\police_misconduct\+page.svelte,45,js,f94476fb,Jin G,2024-09-15,16:12:34,-04:00,2024-09-15T16:12:34-04:00,0,67
src\routes\projects\police_misconduct\+page.svelte,46,js,f94476fb,Jin G,2024-09-15,16:12:34,-04:00,2024-09-15T16:12:34-04:00,0,26
src\routes\projects\police_misconduct\+page.svelte,47,js,f94476fb,Jin G,2024-09-15,16:12:34,-04:00,2024-09-15T16:12:34-04:00,0,44
src\routes\projects\police_misconduct\+page.svelte,48,js,f94476fb,Jin G,2024-09-15,16:12:34,-04:00,2024-09-15T16:12:34-04:00,0,23
src\routes\projects\police_misconduct\+page.svelte,49,js,f94476fb,Jin G,2024-09-15,16:12:34,-04:00,2024-09-15T16:12:34-04:00,0,23
src\routes\projects\police_misconduct\+page.svelte,50,js,f94476fb,Jin G,2024-09-15,16:12:34,-04:00,2024-09-15T16:12:34-04:00,0,0
src\routes\projects\police_misconduct\+page.svelte,51,js,f94476fb,Jin G,2024-09-15,16:12:34,-04:00,2024-09-15T16:12:34-04:00,0,0
src\routes\projects\police_misconduct\+page.svelte,52,js,f94476fb,Jin G,2024-09-15,16:12:34,-04:00,2024-09-15T16:12:34-04:00,0,42
src\routes\projects\police_misconduct\+page.svelte,53,js,f94476fb,Jin G,2024-09-15,16:12:34,-04:00,2024-09-15T16:12:34-04:00,0,20
src\routes\projects\police_misconduct\+page.svelte,54,js,f94476fb,Jin G,2024-09-15,16:12:34,-04:00,2024-09-15T16:12:34-04:00,0,22
src\routes\projects\police_misconduct\+page.svelte,55,js,f94476fb,Jin G,2024-09-15,16:12:34,-04:00,2024-09-15T16:12:34-04:00,0,6
src\routes\projects\police_misconduct\+page.svelte,56,js,f94476fb,Jin G,2024-09-15,16:12:34,-04:00,2024-09-15T16:12:34-04:00,0,6
src\routes\projects\police_misconduct\+page.svelte,57,js,f94476fb,Jin G,2024-09-15,16:12:34,-04:00,2024-09-15T16:12:34-04:00,0,34
src\routes\projects\police_misconduct\+page.svelte,58,js,f94476fb,Jin G,2024-09-15,16:12:34,-04:00,2024-09-15T16:12:34-04:00,0,0
src\routes\projects\police_misconduct\+page.svelte,59,js,f94476fb,Jin G,2024-09-15,16:12:34,-04:00,2024-09-15T16:12:34-04:00,0,50
src\routes\projects\police_misconduct\+page.svelte,60,js,f94476fb,Jin G,2024-09-15,16:12:34,-04:00,2024-09-15T16:12:34-04:00,0,46
src\routes\projects\police_misconduct\+page.svelte,61,js,f94476fb,Jin G,2024-09-15,16:12:34,-04:00,2024-09-15T16:12:34-04:00,0,48
src\routes\projects\police_misconduct\+page.svelte,62,js,f94476fb,Jin G,2024-09-15,16:12:34,-04:00,2024-09-15T16:12:34-04:00,0,0
src\routes\projects\police_misconduct\+page.svelte,63,js,f94476fb,Jin G,2024-09-15,16:12:34,-04:00,2024-09-15T16:12:34-04:00,0,13
src\routes\projects\police_misconduct\+page.svelte,64,js,f94476fb,Jin G,2024-09-15,16:12:34,-04:00,2024-09-15T16:12:34-04:00,0,13
src\routes\projects\police_misconduct\+page.svelte,65,js,f94476fb,Jin G,2024-09-15,16:12:34,-04:00,2024-09-15T16:12:34-04:00,0,20
src\routes\projects\police_misconduct\+page.svelte,66,js,f94476fb,Jin G,2024-09-15,16:12:34,-04:00,2024-09-15T16:12:34-04:00,0,22
src\routes\projects\police_misconduct\+page.svelte,67,js,f94476fb,Jin G,2024-09-15,16:12:34,-04:00,2024-09-15T16:12:34-04:00,0,54
src\routes\projects\police_misconduct\+page.svelte,68,js,f94476fb,Jin G,2024-09-15,16:12:34,-04:00,2024-09-15T16:12:34-04:00,0,5
src\routes\projects\police_misconduct\+page.svelte,69,js,f94476fb,Jin G,2024-09-15,16:12:34,-04:00,2024-09-15T16:12:34-04:00,0,7
src\routes\projects\police_misconduct\+page.svelte,70,js,f94476fb,Jin G,2024-09-15,16:12:34,-04:00,2024-09-15T16:12:34-04:00,0,56
src\routes\projects\police_misconduct\+page.svelte,71,js,f94476fb,Jin G,2024-09-15,16:12:34,-04:00,2024-09-15T16:12:34-04:00,0,1
src\routes\projects\police_misconduct\+page.svelte,72,js,f94476fb,Jin G,2024-09-15,16:12:34,-04:00,2024-09-15T16:12:34-04:00,0,0
src\routes\projects\police_misconduct\+page.svelte,73,js,f94476fb,Jin G,2024-09-15,16:12:34,-04:00,2024-09-15T16:12:34-04:00,0,15
src\routes\projects\police_misconduct\+page.svelte,74,js,f94476fb,Jin G,2024-09-15,16:12:34,-04:00,2024-09-15T16:12:34-04:00,0,11
src\routes\projects\police_misconduct\+page.svelte,75,js,f94476fb,Jin G,2024-09-15,16:12:34,-04:00,2024-09-15T16:12:34-04:00,0,22
src\routes\projects\police_misconduct\+page.svelte,76,js,f94476fb,Jin G,2024-09-15,16:12:34,-04:00,2024-09-15T16:12:34-04:00,0,27
src\routes\projects\police_misconduct\+page.svelte,77,js,f94476fb,Jin G,2024-09-15,16:12:34,-04:00,2024-09-15T16:12:34-04:00,0,17
src\routes\projects\police_misconduct\+page.svelte,78,js,f94476fb,Jin G,2024-09-15,16:12:34,-04:00,2024-09-15T16:12:34-04:00,0,11
src\routes\projects\police_misconduct\+page.svelte,79,js,f94476fb,Jin G,2024-09-15,16:12:34,-04:00,2024-09-15T16:12:34-04:00,0,12
src\routes\projects\police_misconduct\+page.svelte,80,js,f94476fb,Jin G,2024-09-15,16:12:34,-04:00,2024-09-15T16:12:34-04:00,0,48
src\routes\projects\police_misconduct\+page.svelte,81,js,f94476fb,Jin G,2024-09-15,16:12:34,-04:00,2024-09-15T16:12:34-04:00,0,0
src\routes\projects\police_misconduct\+page.svelte,82,js,f94476fb,Jin G,2024-09-15,16:12:34,-04:00,2024-09-15T16:12:34-04:00,0,14
src\routes\projects\police_misconduct\+page.svelte,83,js,f94476fb,Jin G,2024-09-15,16:12:34,-04:00,2024-09-15T16:12:34-04:00,0,11
src\routes\projects\police_misconduct\+page.svelte,84,js,f94476fb,Jin G,2024-09-15,16:12:34,-04:00,2024-09-15T16:12:34-04:00,0,18
src\routes\projects\police_misconduct\+page.svelte,85,js,f94476fb,Jin G,2024-09-15,16:12:34,-04:00,2024-09-15T16:12:34-04:00,0,9
src\routes\projects\police_misconduct\+page.svelte,86,js,f94476fb,Jin G,2024-09-15,16:12:34,-04:00,2024-09-15T16:12:34-04:00,0,12
src\routes\projects\police_misconduct\+page.svelte,87,js,f94476fb,Jin G,2024-09-15,16:12:34,-04:00,2024-09-15T16:12:34-04:00,0,10
src\routes\projects\police_misconduct\+page.svelte,88,js,f94476fb,Jin G,2024-09-15,16:12:34,-04:00,2024-09-15T16:12:34-04:00,0,11
src\routes\projects\police_misconduct\+page.svelte,89,js,f94476fb,Jin G,2024-09-15,16:12:34,-04:00,2024-09-15T16:12:34-04:00,0,16
src\routes\projects\police_misconduct\+page.svelte,90,js,f94476fb,Jin G,2024-09-15,16:12:34,-04:00,2024-09-15T16:12:34-04:00,0,1
src\routes\projects\police_misconduct\+page.svelte,91,js,f94476fb,Jin G,2024-09-15,16:12:34,-04:00,2024-09-15T16:12:34-04:00,0,0
src\routes\projects\police_misconduct\+page.svelte,92,js,f94476fb,Jin G,2024-09-15,16:12:34,-04:00,2024-09-15T16:12:34-04:00,0,20
src\routes\projects\police_misconduct\+page.svelte,93,js,f94476fb,Jin G,2024-09-15,16:12:34,-04:00,2024-09-15T16:12:34-04:00,0,13
src\routes\projects\police_misconduct\+page.svelte,94,js,f94476fb,Jin G,2024-09-15,16:12:34,-04:00,2024-09-15T16:12:34-04:00,0,29
src\routes\projects\police_misconduct\+page.svelte,95,js,f94476fb,Jin G,2024-09-15,16:12:34,-04:00,2024-09-15T16:12:34-04:00,0,62
src\routes\projects\police_misconduct\+page.svelte,96,js,f94476fb,Jin G,2024-09-15,16:12:34,-04:00,2024-09-15T16:12:34-04:00,0,31
src\routes\projects\police_misconduct\+page.svelte,97,js,f94476fb,Jin G,2024-09-15,16:12:34,-04:00,2024-09-15T16:12:34-04:00,0,0
src\routes\projects\police_misconduct\+page.svelte,98,js,f94476fb,Jin G,2024-09-15,16:12:34,-04:00,2024-09-15T16:12:34-04:00,0,15
src\routes\projects\police_misconduct\+page.svelte,99,js,f94476fb,Jin G,2024-09-15,16:12:34,-04:00,2024-09-15T16:12:34-04:00,0,11
src\routes\projects\police_misconduct\+page.svelte,100,js,f94476fb,Jin G,2024-09-15,16:12:34,-04:00,2024-09-15T16:12:34-04:00,0,22
src\routes\projects\police_misconduct\+page.svelte,101,js,f94476fb,Jin G,2024-09-15,16:12:34,-04:00,2024-09-15T16:12:34-04:00,0,25
src\routes\projects\police_misconduct\+page.svelte,102,js,f94476fb,Jin G,2024-09-15,16:12:34,-04:00,2024-09-15T16:12:34-04:00,0,19
src\routes\projects\police_misconduct\+page.svelte,103,js,f94476fb,Jin G,2024-09-15,16:12:34,-04:00,2024-09-15T16:12:34-04:00,0,11
src\routes\projects\police_misconduct\+page.svelte,104,js,f94476fb,Jin G,2024-09-15,16:12:34,-04:00,2024-09-15T16:12:34-04:00,0,14
src\routes\projects\police_misconduct\+page.svelte,105,js,f94476fb,Jin G,2024-09-15,16:12:34,-04:00,2024-09-15T16:12:34-04:00,0,37
src\routes\projects\police_misconduct\+page.svelte,106,js,f94476fb,Jin G,2024-09-15,16:12:34,-04:00,2024-09-15T16:12:34-04:00,0,45
src\routes\projects\police_misconduct\+page.svelte,107,js,f94476fb,Jin G,2024-09-15,16:12:34,-04:00,2024-09-15T16:12:34-04:00,0,21
src\routes\projects\police_misconduct\+page.svelte,108,js,f94476fb,Jin G,2024-09-15,16:12:34,-04:00,2024-09-15T16:12:34-04:00,0,69
src\routes\projects\police_misconduct\+page.svelte,109,js,f94476fb,Jin G,2024-09-15,16:12:34,-04:00,2024-09-15T16:12:34-04:00,0,68
src\routes\projects\police_misconduct\+page.svelte,110,js,f94476fb,Jin G,2024-09-15,16:12:34,-04:00,2024-09-15T16:12:34-04:00,0,2
src\routes\projects\police_misconduct\+page.svelte,111,js,f94476fb,Jin G,2024-09-15,16:12:34,-04:00,2024-09-15T16:12:34-04:00,0,0
src\routes\projects\police_misconduct\+page.svelte,112,js,f94476fb,Jin G,2024-09-15,16:12:34,-04:00,2024-09-15T16:12:34-04:00,0,16
src\routes\projects\police_misconduct\+page.svelte,113,js,f94476fb,Jin G,2024-09-15,16:12:34,-04:00,2024-09-15T16:12:34-04:00,0,11
src\routes\projects\police_misconduct\+page.svelte,114,js,f94476fb,Jin G,2024-09-15,16:12:34,-04:00,2024-09-15T16:12:34-04:00,0,17
src\routes\projects\police_misconduct\+page.svelte,115,js,f94476fb,Jin G,2024-09-15,16:12:34,-04:00,2024-09-15T16:12:34-04:00,0,23
src\routes\projects\police_misconduct\+page.svelte,116,js,f94476fb,Jin G,2024-09-15,16:12:34,-04:00,2024-09-15T16:12:34-04:00,0,12
src\routes\projects\police_misconduct\+page.svelte,117,js,f94476fb,Jin G,2024-09-15,16:12:34,-04:00,2024-09-15T16:12:34-04:00,0,21
src\routes\projects\police_misconduct\+page.svelte,118,js,f94476fb,Jin G,2024-09-15,16:12:34,-04:00,2024-09-15T16:12:34-04:00,0,21
src\routes\projects\police_misconduct\+page.svelte,119,js,f94476fb,Jin G,2024-09-15,16:12:34,-04:00,2024-09-15T16:12:34-04:00,0,69
src\routes\projects\police_misconduct\+page.svelte,120,js,f94476fb,Jin G,2024-09-15,16:12:34,-04:00,2024-09-15T16:12:34-04:00,0,5
src\routes\projects\police_misconduct\+page.svelte,121,js,f94476fb,Jin G,2024-09-15,16:12:34,-04:00,2024-09-15T16:12:34-04:00,0,66
src\routes\projects\police_misconduct\+page.svelte,122,js,f94476fb,Jin G,2024-09-15,16:12:34,-04:00,2024-09-15T16:12:34-04:00,0,40
src\routes\projects\police_misconduct\+page.svelte,123,js,f94476fb,Jin G,2024-09-15,16:12:34,-04:00,2024-09-15T16:12:34-04:00,0,0
src\routes\projects\police_misconduct\+page.svelte,124,js,f94476fb,Jin G,2024-09-15,16:12:34,-04:00,2024-09-15T16:12:34-04:00,0,89
src\routes\projects\police_misconduct\+page.svelte,125,js,f94476fb,Jin G,2024-09-15,16:12:34,-04:00,2024-09-15T16:12:34-04:00,0,25
src\routes\projects\police_misconduct\+page.svelte,126,js,f94476fb,Jin G,2024-09-15,16:12:34,-04:00,2024-09-15T16:12:34-04:00,0,49
src\routes\projects\police_misconduct\+page.svelte,127,js,f94476fb,Jin G,2024-09-15,16:12:34,-04:00,2024-09-15T16:12:34-04:00,0,21
src\routes\projects\police_misconduct\+page.svelte,128,js,f94476fb,Jin G,2024-09-15,16:12:34,-04:00,2024-09-15T16:12:34-04:00,0,86
src\routes\projects\police_misconduct\+page.svelte,129,js,f94476fb,Jin G,2024-09-15,16:12:34,-04:00,2024-09-15T16:12:34-04:00,0,50
src\routes\projects\police_misconduct\+page.svelte,130,js,f94476fb,Jin G,2024-09-15,16:12:34,-04:00,2024-09-15T16:12:34-04:00,0,0
src\routes\projects\police_misconduct\+page.svelte,131,js,f94476fb,Jin G,2024-09-15,16:12:34,-04:00,2024-09-15T16:12:34-04:00,0,38
src\routes\projects\police_misconduct\+page.svelte,132,js,f94476fb,Jin G,2024-09-15,16:12:34,-04:00,2024-09-15T16:12:34-04:00,0,0
src\routes\projects\police_misconduct\+page.svelte,133,js,f94476fb,Jin G,2024-09-15,16:12:34,-04:00,2024-09-15T16:12:34-04:00,0,22
src\routes\projects\police_misconduct\+page.svelte,134,js,f94476fb,Jin G,2024-09-15,16:12:34,-04:00,2024-09-15T16:12:34-04:00,0,9
src\routes\projects\police_misconduct\+page.svelte,135,js,f94476fb,Jin G,2024-09-15,16:12:34,-04:00,2024-09-15T16:12:34-04:00,0,1
src\routes\projects\police_misconduct\+page.svelte,136,js,f94476fb,Jin G,2024-09-15,16:12:34,-04:00,2024-09-15T16:12:34-04:00,0,6
src\routes\projects\police_misconduct\+page.svelte,137,js,f94476fb,Jin G,2024-09-15,16:12:34,-04:00,2024-09-15T16:12:34-04:00,0,24
src\routes\projects\police_misconduct\+page.svelte,138,js,f94476fb,Jin G,2024-09-15,16:12:34,-04:00,2024-09-15T16:12:34-04:00,0,19
src\routes\projects\police_misconduct\+page.svelte,139,js,f94476fb,Jin G,2024-09-15,16:12:34,-04:00,2024-09-15T16:12:34-04:00,0,20
src\routes\projects\police_misconduct\+page.svelte,140,js,f94476fb,Jin G,2024-09-15,16:12:34,-04:00,2024-09-15T16:12:34-04:00,0,1
src\routes\projects\police_misconduct\+page.svelte,141,js,f94476fb,Jin G,2024-09-15,16:12:34,-04:00,2024-09-15T16:12:34-04:00,0,0
src\routes\projects\police_misconduct\+page.svelte,142,js,f94476fb,Jin G,2024-09-15,16:12:34,-04:00,2024-09-15T16:12:34-04:00,0,28
src\routes\projects\police_misconduct\+page.svelte,143,js,f94476fb,Jin G,2024-09-15,16:12:34,-04:00,2024-09-15T16:12:34-04:00,0,3
src\routes\projects\police_misconduct\+page.svelte,144,js,f94476fb,Jin G,2024-09-15,16:12:34,-04:00,2024-09-15T16:12:34-04:00,0,29
src\routes\projects\police_misconduct\+page.svelte,145,js,f94476fb,Jin G,2024-09-15,16:12:34,-04:00,2024-09-15T16:12:34-04:00,0,29
src\routes\projects\police_misconduct\+page.svelte,146,js,f94476fb,Jin G,2024-09-15,16:12:34,-04:00,2024-09-15T16:12:34-04:00,0,29
src\routes\projects\police_misconduct\+page.svelte,147,js,f94476fb,Jin G,2024-09-15,16:12:34,-04:00,2024-09-15T16:12:34-04:00,0,30
src\routes\projects\police_misconduct\+page.svelte,148,js,f94476fb,Jin G,2024-09-15,16:12:34,-04:00,2024-09-15T16:12:34-04:00,0,0
src\routes\projects\police_misconduct\+page.svelte,149,js,f94476fb,Jin G,2024-09-15,16:12:34,-04:00,2024-09-15T16:12:34-04:00,0,50
src\routes\projects\police_misconduct\+page.svelte,150,js,f94476fb,Jin G,2024-09-15,16:12:34,-04:00,2024-09-15T16:12:34-04:00,0,0
src\routes\projects\police_misconduct\+page.svelte,151,js,f94476fb,Jin G,2024-09-15,16:12:34,-04:00,2024-09-15T16:12:34-04:00,0,37
src\routes\projects\police_misconduct\+page.svelte,152,js,f94476fb,Jin G,2024-09-15,16:12:34,-04:00,2024-09-15T16:12:34-04:00,0,2
src\routes\projects\police_misconduct\+page.svelte,153,js,f94476fb,Jin G,2024-09-15,16:12:34,-04:00,2024-09-15T16:12:34-04:00,0,17
src\routes\projects\police_misconduct\+page.svelte,154,js,f94476fb,Jin G,2024-09-15,16:12:34,-04:00,2024-09-15T16:12:34-04:00,0,21
src\routes\projects\police_misconduct\+page.svelte,155,js,f94476fb,Jin G,2024-09-15,16:12:34,-04:00,2024-09-15T16:12:34-04:00,0,22
src\routes\projects\police_misconduct\+page.svelte,156,js,f94476fb,Jin G,2024-09-15,16:12:34,-04:00,2024-09-15T16:12:34-04:00,0,2
src\routes\projects\police_misconduct\+page.svelte,157,js,f94476fb,Jin G,2024-09-15,16:12:34,-04:00,2024-09-15T16:12:34-04:00,0,0
src\routes\projects\police_misconduct\+page.svelte,158,js,f94476fb,Jin G,2024-09-15,16:12:34,-04:00,2024-09-15T16:12:34-04:00,0,59
src\routes\projects\police_misconduct\+page.svelte,159,js,f94476fb,Jin G,2024-09-15,16:12:34,-04:00,2024-09-15T16:12:34-04:00,0,0
src\routes\projects\police_misconduct\+page.svelte,160,js,f94476fb,Jin G,2024-09-15,16:12:34,-04:00,2024-09-15T16:12:34-04:00,0,0
src\routes\projects\police_misconduct\+page.svelte,161,js,f94476fb,Jin G,2024-09-15,16:12:34,-04:00,2024-09-15T16:12:34-04:00,0,31
src\routes\projects\police_misconduct\+page.svelte,162,js,f94476fb,Jin G,2024-09-15,16:12:34,-04:00,2024-09-15T16:12:34-04:00,0,2
src\routes\projects\police_misconduct\+page.svelte,163,svelte,f94476fb,Jin G,2024-09-15,16:12:34,-04:00,2024-09-15T16:12:34-04:00,0,8
src\routes\projects\police_misconduct\+page.svelte,164,svelte,f94476fb,Jin G,2024-09-15,16:12:34,-04:00,2024-09-15T16:12:34-04:00,0,0
src\routes\projects\police_misconduct\+page.svelte,165,svelte,f94476fb,Jin G,2024-09-15,16:12:34,-04:00,2024-09-15T16:12:34-04:00,0,0
src\routes\projects\police_misconduct\+page.svelte,166,svelte,d8a4349e,Jin G,2024-09-15,18:32:45,-04:00,2024-09-15T18:32:45-04:00,0,78
src\routes\projects\police_misconduct\+page.svelte,167,svelte,d8a4349e,Jin G,2024-09-15,18:32:45,-04:00,2024-09-15T18:32:45-04:00,0,4
src\routes\projects\police_misconduct\+page.svelte,168,svelte,d8a4349e,Jin G,2024-09-15,18:32:45,-04:00,2024-09-15T18:32:45-04:00,0,64
src\routes\projects\police_misconduct\+page.svelte,169,svelte,d8a4349e,Jin G,2024-09-15,18:32:45,-04:00,2024-09-15T18:32:45-04:00,0,0
src\routes\projects\police_misconduct\+page.svelte,170,svelte,d8a4349e,Jin G,2024-09-15,18:32:45,-04:00,2024-09-15T18:32:45-04:00,0,3
src\routes\projects\police_misconduct\+page.svelte,171,svelte,52f43f62,Jin G,2024-09-18,15:04:19,-04:00,2024-09-18T15:04:19-04:00,0,67
src\routes\projects\police_misconduct\+page.svelte,172,svelte,d8a4349e,Jin G,2024-09-15,18:32:45,-04:00,2024-09-15T18:32:45-04:00,0,4
src\routes\projects\police_misconduct\+page.svelte,173,svelte,d8a4349e,Jin G,2024-09-15,18:32:45,-04:00,2024-09-15T18:32:45-04:00,0,0
src\routes\projects\police_misconduct\+page.svelte,174,svelte,f94476fb,Jin G,2024-09-15,16:12:34,-04:00,2024-09-15T16:12:34-04:00,0,0
src\routes\projects\police_misconduct\+page.svelte,175,svelte,f94476fb,Jin G,2024-09-15,16:12:34,-04:00,2024-09-15T16:12:34-04:00,0,25
src\routes\projects\police_misconduct\+page.svelte,176,svelte,f94476fb,Jin G,2024-09-15,16:12:34,-04:00,2024-09-15T16:12:34-04:00,0,0
src\routes\projects\police_misconduct\+page.svelte,177,svelte,f94476fb,Jin G,2024-09-15,16:12:34,-04:00,2024-09-15T16:12:34-04:00,0,6
src\routes\projects\police_misconduct\+page.svelte,178,css,f94476fb,Jin G,2024-09-15,16:12:34,-04:00,2024-09-15T16:12:34-04:00,0,3
src\routes\projects\police_misconduct\+page.svelte,179,css,f94476fb,Jin G,2024-09-15,16:12:34,-04:00,2024-09-15T16:12:34-04:00,0,16
src\routes\projects\police_misconduct\+page.svelte,180,css,f94476fb,Jin G,2024-09-15,16:12:34,-04:00,2024-09-15T16:12:34-04:00,0,17
src\routes\projects\police_misconduct\+page.svelte,181,css,f94476fb,Jin G,2024-09-15,16:12:34,-04:00,2024-09-15T16:12:34-04:00,0,15
src\routes\projects\police_misconduct\+page.svelte,182,css,f94476fb,Jin G,2024-09-15,16:12:34,-04:00,2024-09-15T16:12:34-04:00,0,18
src\routes\projects\police_misconduct\+page.svelte,183,css,f94476fb,Jin G,2024-09-15,16:12:34,-04:00,2024-09-15T16:12:34-04:00,0,0
src\routes\projects\police_misconduct\+page.svelte,184,css,f94476fb,Jin G,2024-09-15,16:12:34,-04:00,2024-09-15T16:12:34-04:00,0,0
src\routes\projects\police_misconduct\+page.svelte,185,css,f94476fb,Jin G,2024-09-15,16:12:34,-04:00,2024-09-15T16:12:34-04:00,0,3
src\routes\projects\police_misconduct\+page.svelte,186,css,f94476fb,Jin G,2024-09-15,16:12:34,-04:00,2024-09-15T16:12:34-04:00,0,14
src\routes\projects\police_misconduct\+page.svelte,187,css,f94476fb,Jin G,2024-09-15,16:12:34,-04:00,2024-09-15T16:12:34-04:00,0,17
src\routes\projects\police_misconduct\+page.svelte,188,css,f94476fb,Jin G,2024-09-15,16:12:34,-04:00,2024-09-15T16:12:34-04:00,0,15
src\routes\projects\police_misconduct\+page.svelte,189,css,f94476fb,Jin G,2024-09-15,16:12:34,-04:00,2024-09-15T16:12:34-04:00,0,18
src\routes\projects\police_misconduct\+page.svelte,190,css,f94476fb,Jin G,2024-09-15,16:12:34,-04:00,2024-09-15T16:12:34-04:00,0,0
src\routes\projects\police_misconduct\+page.svelte,191,css,f94476fb,Jin G,2024-09-15,16:12:34,-04:00,2024-09-15T16:12:34-04:00,0,0
src\routes\projects\police_misconduct\+page.svelte,192,css,f94476fb,Jin G,2024-09-15,16:12:34,-04:00,2024-09-15T16:12:34-04:00,0,11
src\routes\projects\police_misconduct\+page.svelte,193,css,f94476fb,Jin G,2024-09-15,16:12:34,-04:00,2024-09-15T16:12:34-04:00,0,15
src\routes\projects\police_misconduct\+page.svelte,194,css,f94476fb,Jin G,2024-09-15,16:12:34,-04:00,2024-09-15T16:12:34-04:00,0,0
src\routes\projects\police_misconduct\+page.svelte,195,svelte,f94476fb,Jin G,2024-09-15,16:12:34,-04:00,2024-09-15T16:12:34-04:00,0,7
src\routes\projects\police_misconduct\+page.svelte,196,svelte,f94476fb,Jin G,2024-09-15,16:12:34,-04:00,2024-09-15T16:12:34-04:00,0,0
src\routes\projects\mbta_upzone\+page.svelte,1,svelte,d8a4349e,Jin G,2024-09-15,18:32:45,-04:00,2024-09-15T18:32:45-04:00,0,12
src\routes\projects\mbta_upzone\+page.svelte,2,svelte,d8a4349e,Jin G,2024-09-15,18:32:45,-04:00,2024-09-15T18:32:45-04:00,0,27
src\routes\projects\mbta_upzone\+page.svelte,3,svelte,d8a4349e,Jin G,2024-09-15,18:32:45,-04:00,2024-09-15T18:32:45-04:00,0,13
src\routes\projects\mbta_upzone\+page.svelte,4,svelte,d8a4349e,Jin G,2024-09-15,18:32:45,-04:00,2024-09-15T18:32:45-04:00,0,0
src\routes\projects\mbta_upzone\+page.svelte,5,svelte,2126c3a8,Jin G,2024-09-18,15:17:00,-04:00,2024-09-18T15:17:00-04:00,0,7
src\routes\projects\mbta_upzone\+page.svelte,6,js,2126c3a8,Jin G,2024-09-18,15:17:00,-04:00,2024-09-18T15:17:00-04:00,0,33
src\routes\projects\mbta_upzone\+page.svelte,7,svelte,2126c3a8,Jin G,2024-09-18,15:17:00,-04:00,2024-09-18T15:17:00-04:00,0,8
src\routes\projects\mbta_upzone\+page.svelte,8,svelte,2126c3a8,Jin G,2024-09-18,15:17:00,-04:00,2024-09-18T15:17:00-04:00,0,0
src\routes\projects\mbta_upzone\+page.svelte,9,svelte,d8a4349e,Jin G,2024-09-15,18:32:45,-04:00,2024-09-15T18:32:45-04:00,0,5
src\routes\projects\mbta_upzone\+page.svelte,10,svelte,d8a4349e,Jin G,2024-09-15,18:32:45,-04:00,2024-09-15T18:32:45-04:00,0,21
src\routes\projects\mbta_upzone\+page.svelte,11,svelte,d8a4349e,Jin G,2024-09-15,18:32:45,-04:00,2024-09-15T18:32:45-04:00,0,27
src\routes\projects\mbta_upzone\+page.svelte,12,svelte,d8a4349e,Jin G,2024-09-15,18:32:45,-04:00,2024-09-15T18:32:45-04:00,0,3
src\routes\projects\mbta_upzone\+page.svelte,13,svelte,d8a4349e,Jin G,2024-09-15,18:32:45,-04:00,2024-09-15T18:32:45-04:00,0,74
src\routes\projects\mbta_upzone\+page.svelte,14,svelte,d8a4349e,Jin G,2024-09-15,18:32:45,-04:00,2024-09-15T18:32:45-04:00,0,4
src\routes\projects\mbta_upzone\+page.svelte,15,svelte,d8a4349e,Jin G,2024-09-15,18:32:45,-04:00,2024-09-15T18:32:45-04:00,0,0
src\routes\projects\mbta_upzone\+page.svelte,16,svelte,d8a4349e,Jin G,2024-09-15,18:32:45,-04:00,2024-09-15T18:32:45-04:00,0,70
src\routes\projects\mbta_upzone\+page.svelte,17,svelte,d8a4349e,Jin G,2024-09-15,18:32:45,-04:00,2024-09-15T18:32:45-04:00,0,0
src\routes\projects\mbta_upzone\+page.svelte,18,svelte,d8a4349e,Jin G,2024-09-15,18:32:45,-04:00,2024-09-15T18:32:45-04:00,0,330
src\routes\projects\mbta_upzone\+page.svelte,19,svelte,d8a4349e,Jin G,2024-09-15,18:32:45,-04:00,2024-09-15T18:32:45-04:00,0,0
src\routes\projects\mbta_upzone\+page.svelte,20,svelte,d8a4349e,Jin G,2024-09-15,18:32:45,-04:00,2024-09-15T18:32:45-04:00,0,0
src\routes\projects\mbta_upzone\+page.svelte,21,svelte,d8a4349e,Jin G,2024-09-15,18:32:45,-04:00,2024-09-15T18:32:45-04:00,0,16
src\routes\projects\mbta_upzone\+page.svelte,22,svelte,d8a4349e,Jin G,2024-09-15,18:32:45,-04:00,2024-09-15T18:32:45-04:00,0,0
src\routes\projects\mbta_upzone\+page.svelte,23,svelte,d8a4349e,Jin G,2024-09-15,18:32:45,-04:00,2024-09-15T18:32:45-04:00,0,20
src\routes\projects\mbta_upzone\+page.svelte,24,svelte,d8a4349e,Jin G,2024-09-15,18:32:45,-04:00,2024-09-15T18:32:45-04:00,0,22
src\routes\projects\mbta_upzone\+page.svelte,25,svelte,d8a4349e,Jin G,2024-09-15,18:32:45,-04:00,2024-09-15T18:32:45-04:00,0,2
src\routes\projects\mbta_upzone\+page.svelte,26,svelte,d8a4349e,Jin G,2024-09-15,18:32:45,-04:00,2024-09-15T18:32:45-04:00,0,760
src\routes\projects\mbta_upzone\+page.svelte,27,svelte,d8a4349e,Jin G,2024-09-15,18:32:45,-04:00,2024-09-15T18:32:45-04:00,0,3
src\routes\projects\mbta_upzone\+page.svelte,28,svelte,d8a4349e,Jin G,2024-09-15,18:32:45,-04:00,2024-09-15T18:32:45-04:00,0,5
src\routes\projects\mbta_upzone\+page.svelte,29,svelte,d8a4349e,Jin G,2024-09-15,18:32:45,-04:00,2024-09-15T18:32:45-04:00,0,5
src\routes\projects\mbta_upzone\+page.svelte,30,svelte,d8a4349e,Jin G,2024-09-15,18:32:45,-04:00,2024-09-15T18:32:45-04:00,0,0
src\routes\projects\mbta_upzone\+page.svelte,31,svelte,d8a4349e,Jin G,2024-09-15,18:32:45,-04:00,2024-09-15T18:32:45-04:00,0,18
src\routes\projects\mbta_upzone\+page.svelte,32,svelte,d8a4349e,Jin G,2024-09-15,18:32:45,-04:00,2024-09-15T18:32:45-04:00,0,0
src\routes\projects\mbta_upzone\+page.svelte,33,svelte,d8a4349e,Jin G,2024-09-15,18:32:45,-04:00,2024-09-15T18:32:45-04:00,0,25
src\routes\projects\mbta_upzone\+page.svelte,34,svelte,d8a4349e,Jin G,2024-09-15,18:32:45,-04:00,2024-09-15T18:32:45-04:00,0,0
src\routes\projects\mbta_upzone\+page.svelte,35,svelte,d8a4349e,Jin G,2024-09-15,18:32:45,-04:00,2024-09-15T18:32:45-04:00,0,22
src\routes\projects\mbta_upzone\+page.svelte,36,svelte,d8a4349e,Jin G,2024-09-15,18:32:45,-04:00,2024-09-15T18:32:45-04:00,0,2
src\routes\projects\mbta_upzone\+page.svelte,37,svelte,d8a4349e,Jin G,2024-09-15,18:32:45,-04:00,2024-09-15T18:32:45-04:00,0,374
src\routes\projects\mbta_upzone\+page.svelte,38,svelte,d8a4349e,Jin G,2024-09-15,18:32:45,-04:00,2024-09-15T18:32:45-04:00,0,3
src\routes\projects\mbta_upzone\+page.svelte,39,svelte,d8a4349e,Jin G,2024-09-15,18:32:45,-04:00,2024-09-15T18:32:45-04:00,0,2
src\routes\projects\mbta_upzone\+page.svelte,40,svelte,d8a4349e,Jin G,2024-09-15,18:32:45,-04:00,2024-09-15T18:32:45-04:00,0,586
src\routes\projects\mbta_upzone\+page.svelte,41,svelte,d8a4349e,Jin G,2024-09-15,18:32:45,-04:00,2024-09-15T18:32:45-04:00,0,3
src\routes\projects\mbta_upzone\+page.svelte,42,svelte,d8a4349e,Jin G,2024-09-15,18:32:45,-04:00,2024-09-15T18:32:45-04:00,0,2
src\routes\projects\mbta_upzone\+page.svelte,43,svelte,d8a4349e,Jin G,2024-09-15,18:32:45,-04:00,2024-09-15T18:32:45-04:00,0,285
src\routes\projects\mbta_upzone\+page.svelte,44,svelte,d8a4349e,Jin G,2024-09-15,18:32:45,-04:00,2024-09-15T18:32:45-04:00,0,3
src\routes\projects\mbta_upzone\+page.svelte,45,svelte,d8a4349e,Jin G,2024-09-15,18:32:45,-04:00,2024-09-15T18:32:45-04:00,0,0
src\routes\projects\mbta_upzone\+page.svelte,46,svelte,d8a4349e,Jin G,2024-09-15,18:32:45,-04:00,2024-09-15T18:32:45-04:00,0,23
src\routes\projects\mbta_upzone\+page.svelte,47,svelte,9d554aca,Jin G,2024-09-18,14:58:26,-04:00,2024-09-18T14:58:26-04:00,0,87
src\routes\projects\mbta_upzone\+page.svelte,48,svelte,d8a4349e,Jin G,2024-09-15,18:32:45,-04:00,2024-09-15T18:32:45-04:00,0,0
src\routes\projects\mbta_upzone\+page.svelte,49,svelte,d8a4349e,Jin G,2024-09-15,18:32:45,-04:00,2024-09-15T18:32:45-04:00,0,5
src\routes\projects\mbta_upzone\+page.svelte,50,svelte,d8a4349e,Jin G,2024-09-15,18:32:45,-04:00,2024-09-15T18:32:45-04:00,0,0
src\routes\projects\mbta_upzone\+page.svelte,51,svelte,d8a4349e,Jin G,2024-09-15,18:32:45,-04:00,2024-09-15T18:32:45-04:00,0,34
src\routes\projects\mbta_upzone\+page.svelte,52,svelte,d8a4349e,Jin G,2024-09-15,18:32:45,-04:00,2024-09-15T18:32:45-04:00,0,20
src\routes\projects\mbta_upzone\+page.svelte,53,svelte,d8a4349e,Jin G,2024-09-15,18:32:45,-04:00,2024-09-15T18:32:45-04:00,0,22
src\routes\projects\mbta_upzone\+page.svelte,54,svelte,d8a4349e,Jin G,2024-09-15,18:32:45,-04:00,2024-09-15T18:32:45-04:00,0,2
src\routes\projects\mbta_upzone\+page.svelte,55,svelte,d8a4349e,Jin G,2024-09-15,18:32:45,-04:00,2024-09-15T18:32:45-04:00,0,210
src\routes\projects\mbta_upzone\+page.svelte,56,svelte,d8a4349e,Jin G,2024-09-15,18:32:45,-04:00,2024-09-15T18:32:45-04:00,0,3
src\routes\projects\mbta_upzone\+page.svelte,57,svelte,d8a4349e,Jin G,2024-09-15,18:32:45,-04:00,2024-09-15T18:32:45-04:00,0,5
src\routes\projects\mbta_upzone\+page.svelte,58,svelte,d8a4349e,Jin G,2024-09-15,18:32:45,-04:00,2024-09-15T18:32:45-04:00,0,24
src\routes\projects\mbta_upzone\+page.svelte,59,svelte,9d554aca,Jin G,2024-09-18,14:58:26,-04:00,2024-09-18T14:58:26-04:00,0,109
src\routes\projects\mbta_upzone\+page.svelte,60,svelte,d8a4349e,Jin G,2024-09-15,18:32:45,-04:00,2024-09-15T18:32:45-04:00,0,5
src\routes\projects\mbta_upzone\+page.svelte,61,svelte,d8a4349e,Jin G,2024-09-15,18:32:45,-04:00,2024-09-15T18:32:45-04:00,0,5
src\routes\projects\mbta_upzone\+page.svelte,62,svelte,d8a4349e,Jin G,2024-09-15,18:32:45,-04:00,2024-09-15T18:32:45-04:00,0,0
src\routes\projects\mbta_upzone\+page.svelte,63,svelte,d8a4349e,Jin G,2024-09-15,18:32:45,-04:00,2024-09-15T18:32:45-04:00,0,23
src\routes\projects\mbta_upzone\+page.svelte,64,svelte,d8a4349e,Jin G,2024-09-15,18:32:45,-04:00,2024-09-15T18:32:45-04:00,0,20
src\routes\projects\mbta_upzone\+page.svelte,65,svelte,d8a4349e,Jin G,2024-09-15,18:32:45,-04:00,2024-09-15T18:32:45-04:00,0,22
src\routes\projects\mbta_upzone\+page.svelte,66,svelte,d8a4349e,Jin G,2024-09-15,18:32:45,-04:00,2024-09-15T18:32:45-04:00,0,2
src\routes\projects\mbta_upzone\+page.svelte,67,svelte,d8a4349e,Jin G,2024-09-15,18:32:45,-04:00,2024-09-15T18:32:45-04:00,0,115
src\routes\projects\mbta_upzone\+page.svelte,68,svelte,d8a4349e,Jin G,2024-09-15,18:32:45,-04:00,2024-09-15T18:32:45-04:00,0,171
src\routes\projects\mbta_upzone\+page.svelte,69,svelte,d8a4349e,Jin G,2024-09-15,18:32:45,-04:00,2024-09-15T18:32:45-04:00,0,365
src\routes\projects\mbta_upzone\+page.svelte,70,svelte,d8a4349e,Jin G,2024-09-15,18:32:45,-04:00,2024-09-15T18:32:45-04:00,0,3
src\routes\projects\mbta_upzone\+page.svelte,71,svelte,d8a4349e,Jin G,2024-09-15,18:32:45,-04:00,2024-09-15T18:32:45-04:00,0,5
src\routes\projects\mbta_upzone\+page.svelte,72,svelte,d8a4349e,Jin G,2024-09-15,18:32:45,-04:00,2024-09-15T18:32:45-04:00,0,5
src\routes\projects\mbta_upzone\+page.svelte,73,svelte,d8a4349e,Jin G,2024-09-15,18:32:45,-04:00,2024-09-15T18:32:45-04:00,0,0
src\routes\projects\mbta_upzone\+page.svelte,74,svelte,d8a4349e,Jin G,2024-09-15,18:32:45,-04:00,2024-09-15T18:32:45-04:00,0,23
src\routes\projects\mbta_upzone\+page.svelte,75,svelte,d8a4349e,Jin G,2024-09-15,18:32:45,-04:00,2024-09-15T18:32:45-04:00,0,0
src\routes\projects\mbta_upzone\+page.svelte,76,svelte,d8a4349e,Jin G,2024-09-15,18:32:45,-04:00,2024-09-15T18:32:45-04:00,0,46
src\routes\projects\mbta_upzone\+page.svelte,77,svelte,d8a4349e,Jin G,2024-09-15,18:32:45,-04:00,2024-09-15T18:32:45-04:00,0,20
src\routes\projects\mbta_upzone\+page.svelte,78,svelte,d8a4349e,Jin G,2024-09-15,18:32:45,-04:00,2024-09-15T18:32:45-04:00,0,22
src\routes\projects\mbta_upzone\+page.svelte,79,svelte,d8a4349e,Jin G,2024-09-15,18:32:45,-04:00,2024-09-15T18:32:45-04:00,0,2
src\routes\projects\mbta_upzone\+page.svelte,80,svelte,d8a4349e,Jin G,2024-09-15,18:32:45,-04:00,2024-09-15T18:32:45-04:00,0,403
src\routes\projects\mbta_upzone\+page.svelte,81,svelte,d8a4349e,Jin G,2024-09-15,18:32:45,-04:00,2024-09-15T18:32:45-04:00,0,3
src\routes\projects\mbta_upzone\+page.svelte,82,svelte,d8a4349e,Jin G,2024-09-15,18:32:45,-04:00,2024-09-15T18:32:45-04:00,0,2
src\routes\projects\mbta_upzone\+page.svelte,83,svelte,d8a4349e,Jin G,2024-09-15,18:32:45,-04:00,2024-09-15T18:32:45-04:00,0,227
src\routes\projects\mbta_upzone\+page.svelte,84,svelte,d8a4349e,Jin G,2024-09-15,18:32:45,-04:00,2024-09-15T18:32:45-04:00,0,3
src\routes\projects\mbta_upzone\+page.svelte,85,svelte,d8a4349e,Jin G,2024-09-15,18:32:45,-04:00,2024-09-15T18:32:45-04:00,0,5
src\routes\projects\mbta_upzone\+page.svelte,86,svelte,d8a4349e,Jin G,2024-09-15,18:32:45,-04:00,2024-09-15T18:32:45-04:00,0,24
src\routes\projects\mbta_upzone\+page.svelte,87,svelte,9d554aca,Jin G,2024-09-18,14:58:26,-04:00,2024-09-18T14:58:26-04:00,0,109
src\routes\projects\mbta_upzone\+page.svelte,88,svelte,d8a4349e,Jin G,2024-09-15,18:32:45,-04:00,2024-09-15T18:32:45-04:00,0,5
src\routes\projects\mbta_upzone\+page.svelte,89,svelte,d8a4349e,Jin G,2024-09-15,18:32:45,-04:00,2024-09-15T18:32:45-04:00,0,5
src\routes\projects\mbta_upzone\+page.svelte,90,svelte,d8a4349e,Jin G,2024-09-15,18:32:45,-04:00,2024-09-15T18:32:45-04:00,0,0
src\routes\projects\mbta_upzone\+page.svelte,91,svelte,d8a4349e,Jin G,2024-09-15,18:32:45,-04:00,2024-09-15T18:32:45-04:00,0,26
src\routes\projects\mbta_upzone\+page.svelte,92,svelte,d8a4349e,Jin G,2024-09-15,18:32:45,-04:00,2024-09-15T18:32:45-04:00,0,20
src\routes\projects\mbta_upzone\+page.svelte,93,svelte,d8a4349e,Jin G,2024-09-15,18:32:45,-04:00,2024-09-15T18:32:45-04:00,0,22
src\routes\projects\mbta_upzone\+page.svelte,94,svelte,d8a4349e,Jin G,2024-09-15,18:32:45,-04:00,2024-09-15T18:32:45-04:00,0,2
src\routes\projects\mbta_upzone\+page.svelte,95,svelte,d8a4349e,Jin G,2024-09-15,18:32:45,-04:00,2024-09-15T18:32:45-04:00,0,430
src\routes\projects\mbta_upzone\+page.svelte,96,svelte,d8a4349e,Jin G,2024-09-15,18:32:45,-04:00,2024-09-15T18:32:45-04:00,0,3
src\routes\projects\mbta_upzone\+page.svelte,97,svelte,d8a4349e,Jin G,2024-09-15,18:32:45,-04:00,2024-09-15T18:32:45-04:00,0,5
src\routes\projects\mbta_upzone\+page.svelte,98,svelte,d8a4349e,Jin G,2024-09-15,18:32:45,-04:00,2024-09-15T18:32:45-04:00,0,24
src\routes\projects\mbta_upzone\+page.svelte,99,svelte,9d554aca,Jin G,2024-09-18,14:58:26,-04:00,2024-09-18T14:58:26-04:00,0,87
src\routes\projects\mbta_upzone\+page.svelte,100,svelte,d8a4349e,Jin G,2024-09-15,18:32:45,-04:00,2024-09-15T18:32:45-04:00,0,0
src\routes\projects\mbta_upzone\+page.svelte,101,svelte,d8a4349e,Jin G,2024-09-15,18:32:45,-04:00,2024-09-15T18:32:45-04:00,0,5
src\routes\projects\mbta_upzone\+page.svelte,102,svelte,d8a4349e,Jin G,2024-09-15,18:32:45,-04:00,2024-09-15T18:32:45-04:00,0,5
src\routes\projects\mbta_upzone\+page.svelte,103,svelte,d8a4349e,Jin G,2024-09-15,18:32:45,-04:00,2024-09-15T18:32:45-04:00,0,0
src\routes\projects\mbta_upzone\+page.svelte,104,svelte,d8a4349e,Jin G,2024-09-15,18:32:45,-04:00,2024-09-15T18:32:45-04:00,0,30
src\routes\projects\mbta_upzone\+page.svelte,105,svelte,d8a4349e,Jin G,2024-09-15,18:32:45,-04:00,2024-09-15T18:32:45-04:00,0,20
src\routes\projects\mbta_upzone\+page.svelte,106,svelte,d8a4349e,Jin G,2024-09-15,18:32:45,-04:00,2024-09-15T18:32:45-04:00,0,22
src\routes\projects\mbta_upzone\+page.svelte,107,svelte,d8a4349e,Jin G,2024-09-15,18:32:45,-04:00,2024-09-15T18:32:45-04:00,0,2
src\routes\projects\mbta_upzone\+page.svelte,108,svelte,d8a4349e,Jin G,2024-09-15,18:32:45,-04:00,2024-09-15T18:32:45-04:00,0,402
src\routes\projects\mbta_upzone\+page.svelte,109,svelte,d8a4349e,Jin G,2024-09-15,18:32:45,-04:00,2024-09-15T18:32:45-04:00,0,3
src\routes\projects\mbta_upzone\+page.svelte,110,svelte,d8a4349e,Jin G,2024-09-15,18:32:45,-04:00,2024-09-15T18:32:45-04:00,0,5
src\routes\projects\mbta_upzone\+page.svelte,111,svelte,d8a4349e,Jin G,2024-09-15,18:32:45,-04:00,2024-09-15T18:32:45-04:00,0,24
src\routes\projects\mbta_upzone\+page.svelte,112,svelte,9d554aca,Jin G,2024-09-18,14:58:26,-04:00,2024-09-18T14:58:26-04:00,0,87
src\routes\projects\mbta_upzone\+page.svelte,113,svelte,d8a4349e,Jin G,2024-09-15,18:32:45,-04:00,2024-09-15T18:32:45-04:00,0,0
src\routes\projects\mbta_upzone\+page.svelte,114,svelte,d8a4349e,Jin G,2024-09-15,18:32:45,-04:00,2024-09-15T18:32:45-04:00,0,5
src\routes\projects\mbta_upzone\+page.svelte,115,svelte,d8a4349e,Jin G,2024-09-15,18:32:45,-04:00,2024-09-15T18:32:45-04:00,0,5
src\routes\projects\mbta_upzone\+page.svelte,116,svelte,d8a4349e,Jin G,2024-09-15,18:32:45,-04:00,2024-09-15T18:32:45-04:00,0,0
src\routes\projects\mbta_upzone\+page.svelte,117,svelte,d8a4349e,Jin G,2024-09-15,18:32:45,-04:00,2024-09-15T18:32:45-04:00,0,32
src\routes\projects\mbta_upzone\+page.svelte,118,svelte,d8a4349e,Jin G,2024-09-15,18:32:45,-04:00,2024-09-15T18:32:45-04:00,0,20
src\routes\projects\mbta_upzone\+page.svelte,119,svelte,d8a4349e,Jin G,2024-09-15,18:32:45,-04:00,2024-09-15T18:32:45-04:00,0,22
src\routes\projects\mbta_upzone\+page.svelte,120,svelte,d8a4349e,Jin G,2024-09-15,18:32:45,-04:00,2024-09-15T18:32:45-04:00,0,2
src\routes\projects\mbta_upzone\+page.svelte,121,svelte,d8a4349e,Jin G,2024-09-15,18:32:45,-04:00,2024-09-15T18:32:45-04:00,0,363
src\routes\projects\mbta_upzone\+page.svelte,122,svelte,d8a4349e,Jin G,2024-09-15,18:32:45,-04:00,2024-09-15T18:32:45-04:00,0,3
src\routes\projects\mbta_upzone\+page.svelte,123,svelte,d8a4349e,Jin G,2024-09-15,18:32:45,-04:00,2024-09-15T18:32:45-04:00,0,5
src\routes\projects\mbta_upzone\+page.svelte,124,svelte,d8a4349e,Jin G,2024-09-15,18:32:45,-04:00,2024-09-15T18:32:45-04:00,0,24
src\routes\projects\mbta_upzone\+page.svelte,125,svelte,9d554aca,Jin G,2024-09-18,14:58:26,-04:00,2024-09-18T14:58:26-04:00,0,87
src\routes\projects\mbta_upzone\+page.svelte,126,svelte,d8a4349e,Jin G,2024-09-15,18:32:45,-04:00,2024-09-15T18:32:45-04:00,0,0
src\routes\projects\mbta_upzone\+page.svelte,127,svelte,d8a4349e,Jin G,2024-09-15,18:32:45,-04:00,2024-09-15T18:32:45-04:00,0,5
src\routes\projects\mbta_upzone\+page.svelte,128,svelte,d8a4349e,Jin G,2024-09-15,18:32:45,-04:00,2024-09-15T18:32:45-04:00,0,5
src\routes\projects\mbta_upzone\+page.svelte,129,svelte,d8a4349e,Jin G,2024-09-15,18:32:45,-04:00,2024-09-15T18:32:45-04:00,0,0
src\routes\projects\mbta_upzone\+page.svelte,130,svelte,d8a4349e,Jin G,2024-09-15,18:32:45,-04:00,2024-09-15T18:32:45-04:00,0,40
src\routes\projects\mbta_upzone\+page.svelte,131,svelte,d8a4349e,Jin G,2024-09-15,18:32:45,-04:00,2024-09-15T18:32:45-04:00,0,20
src\routes\projects\mbta_upzone\+page.svelte,132,svelte,d8a4349e,Jin G,2024-09-15,18:32:45,-04:00,2024-09-15T18:32:45-04:00,0,22
src\routes\projects\mbta_upzone\+page.svelte,133,svelte,d8a4349e,Jin G,2024-09-15,18:32:45,-04:00,2024-09-15T18:32:45-04:00,0,2
src\routes\projects\mbta_upzone\+page.svelte,134,svelte,d8a4349e,Jin G,2024-09-15,18:32:45,-04:00,2024-09-15T18:32:45-04:00,0,288
src\routes\projects\mbta_upzone\+page.svelte,135,svelte,d8a4349e,Jin G,2024-09-15,18:32:45,-04:00,2024-09-15T18:32:45-04:00,0,3
src\routes\projects\mbta_upzone\+page.svelte,136,svelte,d8a4349e,Jin G,2024-09-15,18:32:45,-04:00,2024-09-15T18:32:45-04:00,0,5
src\routes\projects\mbta_upzone\+page.svelte,137,svelte,d8a4349e,Jin G,2024-09-15,18:32:45,-04:00,2024-09-15T18:32:45-04:00,0,24
src\routes\projects\mbta_upzone\+page.svelte,138,svelte,9d554aca,Jin G,2024-09-18,14:58:26,-04:00,2024-09-18T14:58:26-04:00,0,87
src\routes\projects\mbta_upzone\+page.svelte,139,svelte,d8a4349e,Jin G,2024-09-15,18:32:45,-04:00,2024-09-15T18:32:45-04:00,0,0
src\routes\projects\mbta_upzone\+page.svelte,140,svelte,d8a4349e,Jin G,2024-09-15,18:32:45,-04:00,2024-09-15T18:32:45-04:00,0,5
src\routes\projects\mbta_upzone\+page.svelte,141,svelte,d8a4349e,Jin G,2024-09-15,18:32:45,-04:00,2024-09-15T18:32:45-04:00,0,5
src\routes\projects\mbta_upzone\+page.svelte,142,svelte,d8a4349e,Jin G,2024-09-15,18:32:45,-04:00,2024-09-15T18:32:45-04:00,0,0
src\routes\projects\mbta_upzone\+page.svelte,143,svelte,d8a4349e,Jin G,2024-09-15,18:32:45,-04:00,2024-09-15T18:32:45-04:00,0,21
src\routes\projects\mbta_upzone\+page.svelte,144,svelte,d8a4349e,Jin G,2024-09-15,18:32:45,-04:00,2024-09-15T18:32:45-04:00,0,0
src\routes\projects\mbta_upzone\+page.svelte,145,svelte,d8a4349e,Jin G,2024-09-15,18:32:45,-04:00,2024-09-15T18:32:45-04:00,0,20
src\routes\projects\mbta_upzone\+page.svelte,146,svelte,d8a4349e,Jin G,2024-09-15,18:32:45,-04:00,2024-09-15T18:32:45-04:00,0,22
src\routes\projects\mbta_upzone\+page.svelte,147,svelte,d8a4349e,Jin G,2024-09-15,18:32:45,-04:00,2024-09-15T18:32:45-04:00,0,2
src\routes\projects\mbta_upzone\+page.svelte,148,svelte,d8a4349e,Jin G,2024-09-15,18:32:45,-04:00,2024-09-15T18:32:45-04:00,0,637
src\routes\projects\mbta_upzone\+page.svelte,149,svelte,d8a4349e,Jin G,2024-09-15,18:32:45,-04:00,2024-09-15T18:32:45-04:00,0,3
src\routes\projects\mbta_upzone\+page.svelte,150,svelte,d8a4349e,Jin G,2024-09-15,18:32:45,-04:00,2024-09-15T18:32:45-04:00,0,5
src\routes\projects\mbta_upzone\+page.svelte,151,svelte,d8a4349e,Jin G,2024-09-15,18:32:45,-04:00,2024-09-15T18:32:45-04:00,0,5
src\routes\projects\mbta_upzone\+page.svelte,152,svelte,d8a4349e,Jin G,2024-09-15,18:32:45,-04:00,2024-09-15T18:32:45-04:00,0,0
src\routes\projects\mbta_upzone\+page.svelte,153,svelte,d8a4349e,Jin G,2024-09-15,18:32:45,-04:00,2024-09-15T18:32:45-04:00,0,42
src\routes\projects\mbta_upzone\+page.svelte,154,svelte,d8a4349e,Jin G,2024-09-15,18:32:45,-04:00,2024-09-15T18:32:45-04:00,0,0
src\routes\projects\mbta_upzone\+page.svelte,155,svelte,d8a4349e,Jin G,2024-09-15,18:32:45,-04:00,2024-09-15T18:32:45-04:00,0,20
src\routes\projects\mbta_upzone\+page.svelte,156,svelte,d8a4349e,Jin G,2024-09-15,18:32:45,-04:00,2024-09-15T18:32:45-04:00,0,22
src\routes\projects\mbta_upzone\+page.svelte,157,svelte,d8a4349e,Jin G,2024-09-15,18:32:45,-04:00,2024-09-15T18:32:45-04:00,0,2
src\routes\projects\mbta_upzone\+page.svelte,158,svelte,d8a4349e,Jin G,2024-09-15,18:32:45,-04:00,2024-09-15T18:32:45-04:00,0,620
src\routes\projects\mbta_upzone\+page.svelte,159,svelte,d8a4349e,Jin G,2024-09-15,18:32:45,-04:00,2024-09-15T18:32:45-04:00,0,3
src\routes\projects\mbta_upzone\+page.svelte,160,svelte,d8a4349e,Jin G,2024-09-15,18:32:45,-04:00,2024-09-15T18:32:45-04:00,0,5
src\routes\projects\mbta_upzone\+page.svelte,161,svelte,d8a4349e,Jin G,2024-09-15,18:32:45,-04:00,2024-09-15T18:32:45-04:00,0,24
src\routes\projects\mbta_upzone\+page.svelte,162,svelte,9d554aca,Jin G,2024-09-18,14:58:26,-04:00,2024-09-18T14:58:26-04:00,0,87
src\routes\projects\mbta_upzone\+page.svelte,163,svelte,d8a4349e,Jin G,2024-09-15,18:32:45,-04:00,2024-09-15T18:32:45-04:00,0,5
src\routes\projects\mbta_upzone\+page.svelte,164,svelte,d8a4349e,Jin G,2024-09-15,18:32:45,-04:00,2024-09-15T18:32:45-04:00,0,5
src\routes\projects\mbta_upzone\+page.svelte,165,svelte,d8a4349e,Jin G,2024-09-15,18:32:45,-04:00,2024-09-15T18:32:45-04:00,0,0
src\routes\projects\mbta_upzone\+page.svelte,166,svelte,d8a4349e,Jin G,2024-09-15,18:32:45,-04:00,2024-09-15T18:32:45-04:00,0,20
src\routes\projects\mbta_upzone\+page.svelte,167,svelte,d8a4349e,Jin G,2024-09-15,18:32:45,-04:00,2024-09-15T18:32:45-04:00,0,22
src\routes\projects\mbta_upzone\+page.svelte,168,svelte,d8a4349e,Jin G,2024-09-15,18:32:45,-04:00,2024-09-15T18:32:45-04:00,0,2
src\routes\projects\mbta_upzone\+page.svelte,169,svelte,d8a4349e,Jin G,2024-09-15,18:32:45,-04:00,2024-09-15T18:32:45-04:00,0,458
src\routes\projects\mbta_upzone\+page.svelte,170,svelte,d8a4349e,Jin G,2024-09-15,18:32:45,-04:00,2024-09-15T18:32:45-04:00,0,3
src\routes\projects\mbta_upzone\+page.svelte,171,svelte,d8a4349e,Jin G,2024-09-15,18:32:45,-04:00,2024-09-15T18:32:45-04:00,0,5
src\routes\projects\mbta_upzone\+page.svelte,172,svelte,d8a4349e,Jin G,2024-09-15,18:32:45,-04:00,2024-09-15T18:32:45-04:00,0,24
src\routes\projects\mbta_upzone\+page.svelte,173,svelte,9d554aca,Jin G,2024-09-18,14:58:26,-04:00,2024-09-18T14:58:26-04:00,0,87
src\routes\projects\mbta_upzone\+page.svelte,174,svelte,d8a4349e,Jin G,2024-09-15,18:32:45,-04:00,2024-09-15T18:32:45-04:00,0,5
src\routes\projects\mbta_upzone\+page.svelte,175,svelte,d8a4349e,Jin G,2024-09-15,18:32:45,-04:00,2024-09-15T18:32:45-04:00,0,5
src\routes\projects\mbta_upzone\+page.svelte,176,svelte,d8a4349e,Jin G,2024-09-15,18:32:45,-04:00,2024-09-15T18:32:45-04:00,0,0
src\routes\projects\mbta_upzone\+page.svelte,177,svelte,d8a4349e,Jin G,2024-09-15,18:32:45,-04:00,2024-09-15T18:32:45-04:00,0,29
src\routes\projects\mbta_upzone\+page.svelte,178,svelte,d8a4349e,Jin G,2024-09-15,18:32:45,-04:00,2024-09-15T18:32:45-04:00,0,0
src\routes\projects\mbta_upzone\+page.svelte,179,svelte,d8a4349e,Jin G,2024-09-15,18:32:45,-04:00,2024-09-15T18:32:45-04:00,0,20
src\routes\projects\mbta_upzone\+page.svelte,180,svelte,d8a4349e,Jin G,2024-09-15,18:32:45,-04:00,2024-09-15T18:32:45-04:00,0,22
src\routes\projects\mbta_upzone\+page.svelte,181,svelte,d8a4349e,Jin G,2024-09-15,18:32:45,-04:00,2024-09-15T18:32:45-04:00,0,2
src\routes\projects\mbta_upzone\+page.svelte,182,svelte,d8a4349e,Jin G,2024-09-15,18:32:45,-04:00,2024-09-15T18:32:45-04:00,0,561
src\routes\projects\mbta_upzone\+page.svelte,183,svelte,d8a4349e,Jin G,2024-09-15,18:32:45,-04:00,2024-09-15T18:32:45-04:00,0,3
src\routes\projects\mbta_upzone\+page.svelte,184,svelte,d8a4349e,Jin G,2024-09-15,18:32:45,-04:00,2024-09-15T18:32:45-04:00,0,5
src\routes\projects\mbta_upzone\+page.svelte,185,svelte,d8a4349e,Jin G,2024-09-15,18:32:45,-04:00,2024-09-15T18:32:45-04:00,0,5
src\routes\projects\mbta_upzone\+page.svelte,186,svelte,d8a4349e,Jin G,2024-09-15,18:32:45,-04:00,2024-09-15T18:32:45-04:00,0,0
src\routes\projects\mbta_upzone\+page.svelte,187,svelte,d8a4349e,Jin G,2024-09-15,18:32:45,-04:00,2024-09-15T18:32:45-04:00,0,20
src\routes\projects\mbta_upzone\+page.svelte,188,svelte,d8a4349e,Jin G,2024-09-15,18:32:45,-04:00,2024-09-15T18:32:45-04:00,0,22
src\routes\projects\mbta_upzone\+page.svelte,189,svelte,d8a4349e,Jin G,2024-09-15,18:32:45,-04:00,2024-09-15T18:32:45-04:00,0,2
src\routes\projects\mbta_upzone\+page.svelte,190,svelte,d8a4349e,Jin G,2024-09-15,18:32:45,-04:00,2024-09-15T18:32:45-04:00,0,382
src\routes\projects\mbta_upzone\+page.svelte,191,svelte,d8a4349e,Jin G,2024-09-15,18:32:45,-04:00,2024-09-15T18:32:45-04:00,0,3
src\routes\projects\mbta_upzone\+page.svelte,192,svelte,d8a4349e,Jin G,2024-09-15,18:32:45,-04:00,2024-09-15T18:32:45-04:00,0,5
src\routes\projects\mbta_upzone\+page.svelte,193,svelte,d8a4349e,Jin G,2024-09-15,18:32:45,-04:00,2024-09-15T18:32:45-04:00,0,24
src\routes\projects\mbta_upzone\+page.svelte,194,svelte,9d554aca,Jin G,2024-09-18,14:58:26,-04:00,2024-09-18T14:58:26-04:00,0,100
src\routes\projects\mbta_upzone\+page.svelte,195,svelte,d8a4349e,Jin G,2024-09-15,18:32:45,-04:00,2024-09-15T18:32:45-04:00,0,5
src\routes\projects\mbta_upzone\+page.svelte,196,svelte,d8a4349e,Jin G,2024-09-15,18:32:45,-04:00,2024-09-15T18:32:45-04:00,0,5
src\routes\projects\mbta_upzone\+page.svelte,197,svelte,d8a4349e,Jin G,2024-09-15,18:32:45,-04:00,2024-09-15T18:32:45-04:00,0,0
src\routes\projects\mbta_upzone\+page.svelte,198,svelte,d8a4349e,Jin G,2024-09-15,18:32:45,-04:00,2024-09-15T18:32:45-04:00,0,40
src\routes\projects\mbta_upzone\+page.svelte,199,svelte,d8a4349e,Jin G,2024-09-15,18:32:45,-04:00,2024-09-15T18:32:45-04:00,0,0
src\routes\projects\mbta_upzone\+page.svelte,200,svelte,d8a4349e,Jin G,2024-09-15,18:32:45,-04:00,2024-09-15T18:32:45-04:00,0,20
src\routes\projects\mbta_upzone\+page.svelte,201,svelte,d8a4349e,Jin G,2024-09-15,18:32:45,-04:00,2024-09-15T18:32:45-04:00,0,22
src\routes\projects\mbta_upzone\+page.svelte,202,svelte,d8a4349e,Jin G,2024-09-15,18:32:45,-04:00,2024-09-15T18:32:45-04:00,0,2
src\routes\projects\mbta_upzone\+page.svelte,203,svelte,d8a4349e,Jin G,2024-09-15,18:32:45,-04:00,2024-09-15T18:32:45-04:00,0,529
src\routes\projects\mbta_upzone\+page.svelte,204,svelte,d8a4349e,Jin G,2024-09-15,18:32:45,-04:00,2024-09-15T18:32:45-04:00,0,3
src\routes\projects\mbta_upzone\+page.svelte,205,svelte,d8a4349e,Jin G,2024-09-15,18:32:45,-04:00,2024-09-15T18:32:45-04:00,0,2
src\routes\projects\mbta_upzone\+page.svelte,206,svelte,d8a4349e,Jin G,2024-09-15,18:32:45,-04:00,2024-09-15T18:32:45-04:00,0,128
src\routes\projects\mbta_upzone\+page.svelte,207,svelte,d8a4349e,Jin G,2024-09-15,18:32:45,-04:00,2024-09-15T18:32:45-04:00,0,3
src\routes\projects\mbta_upzone\+page.svelte,208,svelte,d8a4349e,Jin G,2024-09-15,18:32:45,-04:00,2024-09-15T18:32:45-04:00,0,5
src\routes\projects\mbta_upzone\+page.svelte,209,svelte,d8a4349e,Jin G,2024-09-15,18:32:45,-04:00,2024-09-15T18:32:45-04:00,0,5
src\routes\projects\mbta_upzone\+page.svelte,210,svelte,d8a4349e,Jin G,2024-09-15,18:32:45,-04:00,2024-09-15T18:32:45-04:00,0,0
src\routes\projects\mbta_upzone\+page.svelte,211,svelte,d8a4349e,Jin G,2024-09-15,18:32:45,-04:00,2024-09-15T18:32:45-04:00,0,26
src\routes\projects\mbta_upzone\+page.svelte,212,svelte,d8a4349e,Jin G,2024-09-15,18:32:45,-04:00,2024-09-15T18:32:45-04:00,0,0
src\routes\projects\mbta_upzone\+page.svelte,213,svelte,d8a4349e,Jin G,2024-09-15,18:32:45,-04:00,2024-09-15T18:32:45-04:00,0,20
src\routes\projects\mbta_upzone\+page.svelte,214,svelte,d8a4349e,Jin G,2024-09-15,18:32:45,-04:00,2024-09-15T18:32:45-04:00,0,22
src\routes\projects\mbta_upzone\+page.svelte,215,svelte,d8a4349e,Jin G,2024-09-15,18:32:45,-04:00,2024-09-15T18:32:45-04:00,0,2
src\routes\projects\mbta_upzone\+page.svelte,216,svelte,d8a4349e,Jin G,2024-09-15,18:32:45,-04:00,2024-09-15T18:32:45-04:00,0,408
src\routes\projects\mbta_upzone\+page.svelte,217,svelte,d8a4349e,Jin G,2024-09-15,18:32:45,-04:00,2024-09-15T18:32:45-04:00,0,3
src\routes\projects\mbta_upzone\+page.svelte,218,svelte,d8a4349e,Jin G,2024-09-15,18:32:45,-04:00,2024-09-15T18:32:45-04:00,0,2
src\routes\projects\mbta_upzone\+page.svelte,219,svelte,d8a4349e,Jin G,2024-09-15,18:32:45,-04:00,2024-09-15T18:32:45-04:00,0,348
src\routes\projects\mbta_upzone\+page.svelte,220,svelte,d8a4349e,Jin G,2024-09-15,18:32:45,-04:00,2024-09-15T18:32:45-04:00,0,3
src\routes\projects\mbta_upzone\+page.svelte,221,svelte,d8a4349e,Jin G,2024-09-15,18:32:45,-04:00,2024-09-15T18:32:45-04:00,0,2
src\routes\projects\mbta_upzone\+page.svelte,222,svelte,d8a4349e,Jin G,2024-09-15,18:32:45,-04:00,2024-09-15T18:32:45-04:00,0,421
src\routes\projects\mbta_upzone\+page.svelte,223,svelte,d8a4349e,Jin G,2024-09-15,18:32:45,-04:00,2024-09-15T18:32:45-04:00,0,3
src\routes\projects\mbta_upzone\+page.svelte,224,svelte,d8a4349e,Jin G,2024-09-15,18:32:45,-04:00,2024-09-15T18:32:45-04:00,0,5
src\routes\projects\mbta_upzone\+page.svelte,225,svelte,d8a4349e,Jin G,2024-09-15,18:32:45,-04:00,2024-09-15T18:32:45-04:00,0,5
src\routes\projects\mbta_upzone\+page.svelte,226,svelte,d8a4349e,Jin G,2024-09-15,18:32:45,-04:00,2024-09-15T18:32:45-04:00,0,0
src\routes\projects\mbta_upzone\+page.svelte,227,svelte,d8a4349e,Jin G,2024-09-15,18:32:45,-04:00,2024-09-15T18:32:45-04:00,0,18
src\routes\projects\mbta_upzone\+page.svelte,228,svelte,d8a4349e,Jin G,2024-09-15,18:32:45,-04:00,2024-09-15T18:32:45-04:00,0,3
src\routes\projects\mbta_upzone\+page.svelte,229,svelte,d8a4349e,Jin G,2024-09-15,18:32:45,-04:00,2024-09-15T18:32:45-04:00,0,192
src\routes\projects\mbta_upzone\+page.svelte,230,svelte,d8a4349e,Jin G,2024-09-15,18:32:45,-04:00,2024-09-15T18:32:45-04:00,0,150
src\routes\projects\mbta_upzone\+page.svelte,231,svelte,d8a4349e,Jin G,2024-09-15,18:32:45,-04:00,2024-09-15T18:32:45-04:00,0,167
src\routes\projects\mbta_upzone\+page.svelte,232,svelte,d8a4349e,Jin G,2024-09-15,18:32:45,-04:00,2024-09-15T18:32:45-04:00,0,4
src\routes\projects\mbta_upzone\+page.svelte,233,svelte,d8a4349e,Jin G,2024-09-15,18:32:45,-04:00,2024-09-15T18:32:45-04:00,0,6
src\routes\projects\mbta_upzone\+page.svelte,234,svelte,d8a4349e,Jin G,2024-09-15,18:32:45,-04:00,2024-09-15T18:32:45-04:00,0,0
src\routes\projects\mbta_upzone\+page.svelte,235,svelte,d8a4349e,Jin G,2024-09-15,18:32:45,-04:00,2024-09-15T18:32:45-04:00,0,0
src\routes\projects\mbta_upzone\+page.svelte,236,svelte,d8a4349e,Jin G,2024-09-15,18:32:45,-04:00,2024-09-15T18:32:45-04:00,0,0
src\routes\projects\mbta_upzone\+page.svelte,237,svelte,d8a4349e,Jin G,2024-09-15,18:32:45,-04:00,2024-09-15T18:32:45-04:00,0,6
src\routes\projects\mbta_upzone\+page.svelte,238,css,d8a4349e,Jin G,2024-09-15,18:32:45,-04:00,2024-09-15T18:32:45-04:00,0,9
src\routes\projects\mbta_upzone\+page.svelte,239,css,d8a4349e,Jin G,2024-09-15,18:32:45,-04:00,2024-09-15T18:32:45-04:00,0,13
src\routes\projects\mbta_upzone\+page.svelte,240,css,d8a4349e,Jin G,2024-09-15,18:32:45,-04:00,2024-09-15T18:32:45-04:00,0,80
src\routes\projects\mbta_upzone\+page.svelte,241,css,d8a4349e,Jin G,2024-09-15,18:32:45,-04:00,2024-09-15T18:32:45-04:00,0,19
src\routes\projects\mbta_upzone\+page.svelte,242,css,d8a4349e,Jin G,2024-09-15,18:32:45,-04:00,2024-09-15T18:32:45-04:00,0,0
src\routes\projects\mbta_upzone\+page.svelte,243,css,d8a4349e,Jin G,2024-09-15,18:32:45,-04:00,2024-09-15T18:32:45-04:00,0,0
src\routes\projects\mbta_upzone\+page.svelte,244,css,d8a4349e,Jin G,2024-09-15,18:32:45,-04:00,2024-09-15T18:32:45-04:00,0,11
src\routes\projects\mbta_upzone\+page.svelte,245,css,d8a4349e,Jin G,2024-09-15,18:32:45,-04:00,2024-09-15T18:32:45-04:00,0,11
src\routes\projects\mbta_upzone\+page.svelte,246,css,d8a4349e,Jin G,2024-09-15,18:32:45,-04:00,2024-09-15T18:32:45-04:00,0,19
src\routes\projects\mbta_upzone\+page.svelte,247,css,d8a4349e,Jin G,2024-09-15,18:32:45,-04:00,2024-09-15T18:32:45-04:00,0,0
src\routes\projects\mbta_upzone\+page.svelte,248,css,d8a4349e,Jin G,2024-09-15,18:32:45,-04:00,2024-09-15T18:32:45-04:00,0,0
src\routes\projects\mbta_upzone\+page.svelte,249,css,d8a4349e,Jin G,2024-09-15,18:32:45,-04:00,2024-09-15T18:32:45-04:00,0,11
src\routes\projects\mbta_upzone\+page.svelte,250,css,d8a4349e,Jin G,2024-09-15,18:32:45,-04:00,2024-09-15T18:32:45-04:00,0,10
src\routes\projects\mbta_upzone\+page.svelte,251,css,d8a4349e,Jin G,2024-09-15,18:32:45,-04:00,2024-09-15T18:32:45-04:00,0,19
src\routes\projects\mbta_upzone\+page.svelte,252,css,d8a4349e,Jin G,2024-09-15,18:32:45,-04:00,2024-09-15T18:32:45-04:00,0,0
src\routes\projects\mbta_upzone\+page.svelte,253,css,d8a4349e,Jin G,2024-09-15,18:32:45,-04:00,2024-09-15T18:32:45-04:00,0,0
src\routes\projects\mbta_upzone\+page.svelte,254,css,d8a4349e,Jin G,2024-09-15,18:32:45,-04:00,2024-09-15T18:32:45-04:00,0,13
src\routes\projects\mbta_upzone\+page.svelte,255,css,d8a4349e,Jin G,2024-09-15,18:32:45,-04:00,2024-09-15T18:32:45-04:00,0,10
src\routes\projects\mbta_upzone\+page.svelte,256,css,d8a4349e,Jin G,2024-09-15,18:32:45,-04:00,2024-09-15T18:32:45-04:00,0,13
src\routes\projects\mbta_upzone\+page.svelte,257,css,d8a4349e,Jin G,2024-09-15,18:32:45,-04:00,2024-09-15T18:32:45-04:00,0,23
src\routes\projects\mbta_upzone\+page.svelte,258,css,d8a4349e,Jin G,2024-09-15,18:32:45,-04:00,2024-09-15T18:32:45-04:00,0,19
src\routes\projects\mbta_upzone\+page.svelte,259,css,d8a4349e,Jin G,2024-09-15,18:32:45,-04:00,2024-09-15T18:32:45-04:00,0,0
src\routes\projects\mbta_upzone\+page.svelte,260,css,d8a4349e,Jin G,2024-09-15,18:32:45,-04:00,2024-09-15T18:32:45-04:00,0,0
src\routes\projects\mbta_upzone\+page.svelte,261,css,d8a4349e,Jin G,2024-09-15,18:32:45,-04:00,2024-09-15T18:32:45-04:00,0,12
src\routes\projects\mbta_upzone\+page.svelte,262,css,d8a4349e,Jin G,2024-09-15,18:32:45,-04:00,2024-09-15T18:32:45-04:00,0,11
src\routes\projects\mbta_upzone\+page.svelte,263,css,d8a4349e,Jin G,2024-09-15,18:32:45,-04:00,2024-09-15T18:32:45-04:00,0,13
src\routes\projects\mbta_upzone\+page.svelte,264,css,d8a4349e,Jin G,2024-09-15,18:32:45,-04:00,2024-09-15T18:32:45-04:00,0,23
src\routes\projects\mbta_upzone\+page.svelte,265,css,d8a4349e,Jin G,2024-09-15,18:32:45,-04:00,2024-09-15T18:32:45-04:00,0,19
src\routes\projects\mbta_upzone\+page.svelte,266,css,d8a4349e,Jin G,2024-09-15,18:32:45,-04:00,2024-09-15T18:32:45-04:00,0,0
src\routes\projects\mbta_upzone\+page.svelte,267,css,d8a4349e,Jin G,2024-09-15,18:32:45,-04:00,2024-09-15T18:32:45-04:00,0,0
src\routes\projects\mbta_upzone\+page.svelte,268,css,d8a4349e,Jin G,2024-09-15,18:32:45,-04:00,2024-09-15T18:32:45-04:00,0,17
src\routes\projects\mbta_upzone\+page.svelte,269,css,d8a4349e,Jin G,2024-09-15,18:32:45,-04:00,2024-09-15T18:32:45-04:00,0,15
src\routes\projects\mbta_upzone\+page.svelte,270,css,d8a4349e,Jin G,2024-09-15,18:32:45,-04:00,2024-09-15T18:32:45-04:00,0,12
src\routes\projects\mbta_upzone\+page.svelte,271,css,d8a4349e,Jin G,2024-09-15,18:32:45,-04:00,2024-09-15T18:32:45-04:00,0,0
src\routes\projects\mbta_upzone\+page.svelte,272,css,d8a4349e,Jin G,2024-09-15,18:32:45,-04:00,2024-09-15T18:32:45-04:00,0,0
src\routes\projects\mbta_upzone\+page.svelte,273,css,d8a4349e,Jin G,2024-09-15,18:32:45,-04:00,2024-09-15T18:32:45-04:00,0,15
src\routes\projects\mbta_upzone\+page.svelte,274,css,d8a4349e,Jin G,2024-09-15,18:32:45,-04:00,2024-09-15T18:32:45-04:00,0,15
src\routes\projects\mbta_upzone\+page.svelte,275,css,d8a4349e,Jin G,2024-09-15,18:32:45,-04:00,2024-09-15T18:32:45-04:00,0,0
src\routes\projects\mbta_upzone\+page.svelte,276,svelte,d8a4349e,Jin G,2024-09-15,18:32:45,-04:00,2024-09-15T18:32:45-04:00,0,7
src\routes\projects\from_sketch_to_design\+page.svelte,1,svelte,d8a4349e,Jin G,2024-09-15,18:32:45,-04:00,2024-09-15T18:32:45-04:00,0,12
src\routes\projects\from_sketch_to_design\+page.svelte,2,svelte,d8a4349e,Jin G,2024-09-15,18:32:45,-04:00,2024-09-15T18:32:45-04:00,0,24
src\routes\projects\from_sketch_to_design\+page.svelte,3,svelte,d8a4349e,Jin G,2024-09-15,18:32:45,-04:00,2024-09-15T18:32:45-04:00,0,13
src\routes\projects\cre8ors\+page.svelte,1,svelte,d8a4349e,Jin G,2024-09-15,18:32:45,-04:00,2024-09-15T18:32:45-04:00,0,12
src\routes\projects\cre8ors\+page.svelte,2,svelte,e23a9043,Jin G,2024-09-16,00:27:49,-04:00,2024-09-16T00:27:49-04:00,0,45
src\routes\projects\cre8ors\+page.svelte,3,svelte,e23a9043,Jin G,2024-09-16,00:27:49,-04:00,2024-09-16T00:27:49-04:00,0,13
src\routes\projects\cre8ors\+page.svelte,4,svelte,e23a9043,Jin G,2024-09-16,00:27:49,-04:00,2024-09-16T00:27:49-04:00,0,0
src\routes\projects\cre8ors\+page.svelte,5,svelte,2126c3a8,Jin G,2024-09-18,15:17:00,-04:00,2024-09-18T15:17:00-04:00,0,7
src\routes\projects\cre8ors\+page.svelte,6,js,2126c3a8,Jin G,2024-09-18,15:17:00,-04:00,2024-09-18T15:17:00-04:00,0,33
src\routes\projects\cre8ors\+page.svelte,7,svelte,2126c3a8,Jin G,2024-09-18,15:17:00,-04:00,2024-09-18T15:17:00-04:00,0,8
src\routes\projects\cre8ors\+page.svelte,8,svelte,2126c3a8,Jin G,2024-09-18,15:17:00,-04:00,2024-09-18T15:17:00-04:00,0,0
src\routes\projects\cre8ors\+page.svelte,9,svelte,e23a9043,Jin G,2024-09-16,00:27:49,-04:00,2024-09-16T00:27:49-04:00,0,5
src\routes\projects\cre8ors\+page.svelte,10,svelte,e23a9043,Jin G,2024-09-16,00:27:49,-04:00,2024-09-16T00:27:49-04:00,0,15
src\routes\projects\cre8ors\+page.svelte,11,svelte,a6cabc81,Jin G,2024-09-16,08:13:38,-04:00,2024-09-16T08:13:38-04:00,0,45
src\routes\projects\cre8ors\+page.svelte,12,svelte,e23a9043,Jin G,2024-09-16,00:27:49,-04:00,2024-09-16T00:27:49-04:00,0,44
src\routes\projects\cre8ors\+page.svelte,13,svelte,a6cabc81,Jin G,2024-09-16,08:13:38,-04:00,2024-09-16T08:13:38-04:00,0,81
src\routes\projects\cre8ors\+page.svelte,14,svelte,e23a9043,Jin G,2024-09-16,00:27:49,-04:00,2024-09-16T00:27:49-04:00,0,43
src\routes\projects\cre8ors\+page.svelte,15,svelte,e23a9043,Jin G,2024-09-16,00:27:49,-04:00,2024-09-16T00:27:49-04:00,0,0
src\routes\projects\cre8ors\+page.svelte,16,svelte,e23a9043,Jin G,2024-09-16,00:27:49,-04:00,2024-09-16T00:27:49-04:00,0,0
src\routes\projects\cre8ors\+page.svelte,17,svelte,e23a9043,Jin G,2024-09-16,00:27:49,-04:00,2024-09-16T00:27:49-04:00,0,65
src\routes\projects\cre8ors\+page.svelte,18,svelte,e23a9043,Jin G,2024-09-16,00:27:49,-04:00,2024-09-16T00:27:49-04:00,0,64
src\routes\projects\cre8ors\+page.svelte,19,svelte,e23a9043,Jin G,2024-09-16,00:27:49,-04:00,2024-09-16T00:27:49-04:00,0,0
src\routes\projects\cre8ors\+page.svelte,20,svelte,e23a9043,Jin G,2024-09-16,00:27:49,-04:00,2024-09-16T00:27:49-04:00,0,0
src\routes\projects\cre8ors\+page.svelte,21,svelte,e23a9043,Jin G,2024-09-16,00:27:49,-04:00,2024-09-16T00:27:49-04:00,0,250
src\routes\projects\cre8ors\+page.svelte,22,svelte,e23a9043,Jin G,2024-09-16,00:27:49,-04:00,2024-09-16T00:27:49-04:00,0,0
src\routes\projects\cre8ors\+page.svelte,23,svelte,e23a9043,Jin G,2024-09-16,00:27:49,-04:00,2024-09-16T00:27:49-04:00,0,20
src\routes\projects\cre8ors\+page.svelte,24,svelte,e23a9043,Jin G,2024-09-16,00:27:49,-04:00,2024-09-16T00:27:49-04:00,0,37
src\routes\projects\cre8ors\+page.svelte,25,svelte,9d554aca,Jin G,2024-09-18,14:58:26,-04:00,2024-09-18T14:58:26-04:00,0,74
src\routes\projects\cre8ors\+page.svelte,26,svelte,e23a9043,Jin G,2024-09-16,00:27:49,-04:00,2024-09-16T00:27:49-04:00,0,37
src\routes\projects\cre8ors\+page.svelte,27,svelte,9d554aca,Jin G,2024-09-18,14:58:26,-04:00,2024-09-18T14:58:26-04:00,0,74
src\routes\projects\cre8ors\+page.svelte,28,svelte,e23a9043,Jin G,2024-09-16,00:27:49,-04:00,2024-09-16T00:27:49-04:00,0,39
src\routes\projects\cre8ors\+page.svelte,29,svelte,9d554aca,Jin G,2024-09-18,14:58:26,-04:00,2024-09-18T14:58:26-04:00,0,76
src\routes\projects\cre8ors\+page.svelte,30,svelte,e23a9043,Jin G,2024-09-16,00:27:49,-04:00,2024-09-16T00:27:49-04:00,0,34
src\routes\projects\cre8ors\+page.svelte,31,svelte,9d554aca,Jin G,2024-09-18,14:58:26,-04:00,2024-09-18T14:58:26-04:00,0,71
src\routes\projects\cre8ors\+page.svelte,32,svelte,e23a9043,Jin G,2024-09-16,00:27:49,-04:00,2024-09-16T00:27:49-04:00,0,33
src\routes\projects\cre8ors\+page.svelte,33,svelte,9d554aca,Jin G,2024-09-18,14:58:26,-04:00,2024-09-18T14:58:26-04:00,0,70
src\routes\projects\cre8ors\+page.svelte,34,svelte,e23a9043,Jin G,2024-09-16,00:27:49,-04:00,2024-09-16T00:27:49-04:00,0,47
src\routes\projects\cre8ors\+page.svelte,35,svelte,9d554aca,Jin G,2024-09-18,14:58:26,-04:00,2024-09-18T14:58:26-04:00,0,84
src\routes\projects\cre8ors\+page.svelte,36,svelte,e23a9043,Jin G,2024-09-16,00:27:49,-04:00,2024-09-16T00:27:49-04:00,0,5
src\routes\projects\cre8ors\+page.svelte,37,svelte,e23a9043,Jin G,2024-09-16,00:27:49,-04:00,2024-09-16T00:27:49-04:00,0,0
src\routes\projects\cre8ors\+page.svelte,38,svelte,e23a9043,Jin G,2024-09-16,00:27:49,-04:00,2024-09-16T00:27:49-04:00,0,0
src\routes\projects\cre8ors\+page.svelte,39,svelte,e23a9043,Jin G,2024-09-16,00:27:49,-04:00,2024-09-16T00:27:49-04:00,0,0
src\routes\projects\cre8ors\+page.svelte,40,svelte,e23a9043,Jin G,2024-09-16,00:27:49,-04:00,2024-09-16T00:27:49-04:00,0,0
src\routes\projects\cre8ors\+page.svelte,41,svelte,e23a9043,Jin G,2024-09-16,00:27:49,-04:00,2024-09-16T00:27:49-04:00,0,6
src\routes\projects\cre8ors\+page.svelte,42,svelte,e23a9043,Jin G,2024-09-16,00:27:49,-04:00,2024-09-16T00:27:49-04:00,0,0
src\routes\projects\cre8ors\+page.svelte,43,svelte,e23a9043,Jin G,2024-09-16,00:27:49,-04:00,2024-09-16T00:27:49-04:00,0,6
src\routes\projects\cre8ors\+page.svelte,44,css,e23a9043,Jin G,2024-09-16,00:27:49,-04:00,2024-09-16T00:27:49-04:00,0,0
src\routes\projects\cre8ors\+page.svelte,45,css,e23a9043,Jin G,2024-09-16,00:27:49,-04:00,2024-09-16T00:27:49-04:00,0,10
src\routes\projects\cre8ors\+page.svelte,46,css,e23a9043,Jin G,2024-09-16,00:27:49,-04:00,2024-09-16T00:27:49-04:00,0,16
src\routes\projects\cre8ors\+page.svelte,47,css,e23a9043,Jin G,2024-09-16,00:27:49,-04:00,2024-09-16T00:27:49-04:00,0,17
src\routes\projects\cre8ors\+page.svelte,48,css,e23a9043,Jin G,2024-09-16,00:27:49,-04:00,2024-09-16T00:27:49-04:00,0,15
src\routes\projects\cre8ors\+page.svelte,49,css,e23a9043,Jin G,2024-09-16,00:27:49,-04:00,2024-09-16T00:27:49-04:00,0,18
src\routes\projects\cre8ors\+page.svelte,50,css,e23a9043,Jin G,2024-09-16,00:27:49,-04:00,2024-09-16T00:27:49-04:00,0,0
src\routes\projects\cre8ors\+page.svelte,51,css,e23a9043,Jin G,2024-09-16,00:27:49,-04:00,2024-09-16T00:27:49-04:00,0,0
src\routes\projects\cre8ors\+page.svelte,52,css,e23a9043,Jin G,2024-09-16,00:27:49,-04:00,2024-09-16T00:27:49-04:00,0,9
src\routes\projects\cre8ors\+page.svelte,53,css,e23a9043,Jin G,2024-09-16,00:27:49,-04:00,2024-09-16T00:27:49-04:00,0,9
src\routes\projects\cre8ors\+page.svelte,54,css,e23a9043,Jin G,2024-09-16,00:27:49,-04:00,2024-09-16T00:27:49-04:00,0,16
src\routes\projects\cre8ors\+page.svelte,55,css,e23a9043,Jin G,2024-09-16,00:27:49,-04:00,2024-09-16T00:27:49-04:00,0,0
src\routes\projects\cre8ors\+page.svelte,56,css,e23a9043,Jin G,2024-09-16,00:27:49,-04:00,2024-09-16T00:27:49-04:00,0,0
src\routes\projects\cre8ors\+page.svelte,57,css,e23a9043,Jin G,2024-09-16,00:27:49,-04:00,2024-09-16T00:27:49-04:00,0,13
src\routes\projects\cre8ors\+page.svelte,58,css,e23a9043,Jin G,2024-09-16,00:27:49,-04:00,2024-09-16T00:27:49-04:00,0,11
src\routes\projects\cre8ors\+page.svelte,59,css,e23a9043,Jin G,2024-09-16,00:27:49,-04:00,2024-09-16T00:27:49-04:00,0,12
src\routes\projects\cre8ors\+page.svelte,60,css,e23a9043,Jin G,2024-09-16,00:27:49,-04:00,2024-09-16T00:27:49-04:00,0,18
src\routes\projects\cre8ors\+page.svelte,61,css,e23a9043,Jin G,2024-09-16,00:27:49,-04:00,2024-09-16T00:27:49-04:00,0,25
src\routes\projects\cre8ors\+page.svelte,62,css,e23a9043,Jin G,2024-09-16,00:27:49,-04:00,2024-09-16T00:27:49-04:00,0,0
src\routes\projects\cre8ors\+page.svelte,63,css,e23a9043,Jin G,2024-09-16,00:27:49,-04:00,2024-09-16T00:27:49-04:00,0,0
src\routes\projects\cre8ors\+page.svelte,64,css,e23a9043,Jin G,2024-09-16,00:27:49,-04:00,2024-09-16T00:27:49-04:00,0,7
src\routes\projects\cre8ors\+page.svelte,65,css,e23a9043,Jin G,2024-09-16,00:27:49,-04:00,2024-09-16T00:27:49-04:00,0,16
src\routes\projects\cre8ors\+page.svelte,66,css,e23a9043,Jin G,2024-09-16,00:27:49,-04:00,2024-09-16T00:27:49-04:00,0,18
src\routes\projects\cre8ors\+page.svelte,67,css,e23a9043,Jin G,2024-09-16,00:27:49,-04:00,2024-09-16T00:27:49-04:00,0,0
src\routes\projects\cre8ors\+page.svelte,68,svelte,e23a9043,Jin G,2024-09-16,00:27:49,-04:00,2024-09-16T00:27:49-04:00,0,7
src\routes\projects\covid_map\+page.svelte,1,svelte,e23a9043,Jin G,2024-09-16,00:27:49,-04:00,2024-09-16T00:27:49-04:00,0,7
src\routes\projects\covid_map\+page.svelte,2,js,9d554aca,Jin G,2024-09-18,14:58:26,-04:00,2024-09-18T14:58:26-04:00,0,33
src\routes\projects\covid_map\+page.svelte,3,js,e23a9043,Jin G,2024-09-16,00:27:49,-04:00,2024-09-16T00:27:49-04:00,0,80
src\routes\projects\covid_map\+page.svelte,4,svelte,e23a9043,Jin G,2024-09-16,00:27:49,-04:00,2024-09-16T00:27:49-04:00,0,8
src\routes\projects\covid_map\+page.svelte,5,svelte,e23a9043,Jin G,2024-09-16,00:27:49,-04:00,2024-09-16T00:27:49-04:00,0,0
src\routes\projects\covid_map\+page.svelte,6,svelte,d8a4349e,Jin G,2024-09-15,18:32:45,-04:00,2024-09-15T18:32:45-04:00,0,12
src\routes\projects\covid_map\+page.svelte,7,svelte,e23a9043,Jin G,2024-09-16,00:27:49,-04:00,2024-09-16T00:27:49-04:00,0,45
src\routes\projects\covid_map\+page.svelte,8,svelte,e23a9043,Jin G,2024-09-16,00:27:49,-04:00,2024-09-16T00:27:49-04:00,0,13
src\routes\projects\covid_map\+page.svelte,9,svelte,e23a9043,Jin G,2024-09-16,00:27:49,-04:00,2024-09-16T00:27:49-04:00,0,0
src\routes\projects\covid_map\+page.svelte,10,svelte,e23a9043,Jin G,2024-09-16,00:27:49,-04:00,2024-09-16T00:27:49-04:00,0,5
src\routes\projects\covid_map\+page.svelte,11,svelte,e23a9043,Jin G,2024-09-16,00:27:49,-04:00,2024-09-16T00:27:49-04:00,0,39
src\routes\projects\covid_map\+page.svelte,12,svelte,e23a9043,Jin G,2024-09-16,00:27:49,-04:00,2024-09-16T00:27:49-04:00,0,26
src\routes\projects\covid_map\+page.svelte,13,svelte,e23a9043,Jin G,2024-09-16,00:27:49,-04:00,2024-09-16T00:27:49-04:00,0,0
src\routes\projects\covid_map\+page.svelte,14,svelte,e23a9043,Jin G,2024-09-16,00:27:49,-04:00,2024-09-16T00:27:49-04:00,0,70
src\routes\projects\covid_map\+page.svelte,15,svelte,e23a9043,Jin G,2024-09-16,00:27:49,-04:00,2024-09-16T00:27:49-04:00,0,0
src\routes\projects\covid_map\+page.svelte,16,svelte,e23a9043,Jin G,2024-09-16,00:27:49,-04:00,2024-09-16T00:27:49-04:00,0,0
src\routes\projects\covid_map\+page.svelte,17,svelte,e23a9043,Jin G,2024-09-16,00:27:49,-04:00,2024-09-16T00:27:49-04:00,0,27
src\routes\projects\covid_map\+page.svelte,18,svelte,e23a9043,Jin G,2024-09-16,00:27:49,-04:00,2024-09-16T00:27:49-04:00,0,2
src\routes\projects\covid_map\+page.svelte,19,svelte,e23a9043,Jin G,2024-09-16,00:27:49,-04:00,2024-09-16T00:27:49-04:00,0,75
src\routes\projects\covid_map\+page.svelte,20,svelte,e23a9043,Jin G,2024-09-16,00:27:49,-04:00,2024-09-16T00:27:49-04:00,0,71
src\routes\projects\covid_map\+page.svelte,21,svelte,e23a9043,Jin G,2024-09-16,00:27:49,-04:00,2024-09-16T00:27:49-04:00,0,74
src\routes\projects\covid_map\+page.svelte,22,svelte,e23a9043,Jin G,2024-09-16,00:27:49,-04:00,2024-09-16T00:27:49-04:00,0,62
src\routes\projects\covid_map\+page.svelte,23,svelte,e23a9043,Jin G,2024-09-16,00:27:49,-04:00,2024-09-16T00:27:49-04:00,0,71
src\routes\projects\covid_map\+page.svelte,24,svelte,e23a9043,Jin G,2024-09-16,00:27:49,-04:00,2024-09-16T00:27:49-04:00,0,74
src\routes\projects\covid_map\+page.svelte,25,svelte,e23a9043,Jin G,2024-09-16,00:27:49,-04:00,2024-09-16T00:27:49-04:00,0,73
src\routes\projects\covid_map\+page.svelte,26,svelte,e23a9043,Jin G,2024-09-16,00:27:49,-04:00,2024-09-16T00:27:49-04:00,0,74
src\routes\projects\covid_map\+page.svelte,27,svelte,e23a9043,Jin G,2024-09-16,00:27:49,-04:00,2024-09-16T00:27:49-04:00,0,3
src\routes\projects\covid_map\+page.svelte,28,svelte,e23a9043,Jin G,2024-09-16,00:27:49,-04:00,2024-09-16T00:27:49-04:00,0,0
src\routes\projects\covid_map\+page.svelte,29,svelte,e23a9043,Jin G,2024-09-16,00:27:49,-04:00,2024-09-16T00:27:49-04:00,0,0
src\routes\projects\covid_map\+page.svelte,30,svelte,e23a9043,Jin G,2024-09-16,00:27:49,-04:00,2024-09-16T00:27:49-04:00,0,21
src\routes\projects\covid_map\+page.svelte,31,svelte,9d554aca,Jin G,2024-09-18,14:58:26,-04:00,2024-09-18T14:58:26-04:00,0,87
src\routes\projects\covid_map\+page.svelte,32,svelte,e23a9043,Jin G,2024-09-16,00:27:49,-04:00,2024-09-16T00:27:49-04:00,0,0
src\routes\projects\covid_map\+page.svelte,33,svelte,e23a9043,Jin G,2024-09-16,00:27:49,-04:00,2024-09-16T00:27:49-04:00,0,20
src\routes\projects\covid_map\+page.svelte,34,svelte,e23a9043,Jin G,2024-09-16,00:27:49,-04:00,2024-09-16T00:27:49-04:00,0,17
src\routes\projects\covid_map\+page.svelte,35,svelte,9d554aca,Jin G,2024-09-18,14:58:26,-04:00,2024-09-18T14:58:26-04:00,0,78
src\routes\projects\covid_map\+page.svelte,36,svelte,e23a9043,Jin G,2024-09-16,00:27:49,-04:00,2024-09-16T00:27:49-04:00,0,0
src\routes\projects\covid_map\+page.svelte,37,svelte,e23a9043,Jin G,2024-09-16,00:27:49,-04:00,2024-09-16T00:27:49-04:00,0,2
src\routes\projects\covid_map\+page.svelte,38,svelte,e23a9043,Jin G,2024-09-16,00:27:49,-04:00,2024-09-16T00:27:49-04:00,0,70
src\routes\projects\covid_map\+page.svelte,39,svelte,e23a9043,Jin G,2024-09-16,00:27:49,-04:00,2024-09-16T00:27:49-04:00,0,72
src\routes\projects\covid_map\+page.svelte,40,svelte,e23a9043,Jin G,2024-09-16,00:27:49,-04:00,2024-09-16T00:27:49-04:00,0,72
src\routes\projects\covid_map\+page.svelte,41,svelte,e23a9043,Jin G,2024-09-16,00:27:49,-04:00,2024-09-16T00:27:49-04:00,0,72
src\routes\projects\covid_map\+page.svelte,42,svelte,e23a9043,Jin G,2024-09-16,00:27:49,-04:00,2024-09-16T00:27:49-04:00,0,72
src\routes\projects\covid_map\+page.svelte,43,svelte,e23a9043,Jin G,2024-09-16,00:27:49,-04:00,2024-09-16T00:27:49-04:00,0,74
src\routes\projects\covid_map\+page.svelte,44,svelte,e23a9043,Jin G,2024-09-16,00:27:49,-04:00,2024-09-16T00:27:49-04:00,0,71
src\routes\projects\covid_map\+page.svelte,45,svelte,e23a9043,Jin G,2024-09-16,00:27:49,-04:00,2024-09-16T00:27:49-04:00,0,75
src\routes\projects\covid_map\+page.svelte,46,svelte,e23a9043,Jin G,2024-09-16,00:27:49,-04:00,2024-09-16T00:27:49-04:00,0,75
src\routes\projects\covid_map\+page.svelte,47,svelte,e23a9043,Jin G,2024-09-16,00:27:49,-04:00,2024-09-16T00:27:49-04:00,0,64
src\routes\projects\covid_map\+page.svelte,48,svelte,e23a9043,Jin G,2024-09-16,00:27:49,-04:00,2024-09-16T00:27:49-04:00,0,74
src\routes\projects\covid_map\+page.svelte,49,svelte,e23a9043,Jin G,2024-09-16,00:27:49,-04:00,2024-09-16T00:27:49-04:00,0,74
src\routes\projects\covid_map\+page.svelte,50,svelte,e23a9043,Jin G,2024-09-16,00:27:49,-04:00,2024-09-16T00:27:49-04:00,0,67
src\routes\projects\covid_map\+page.svelte,51,svelte,e23a9043,Jin G,2024-09-16,00:27:49,-04:00,2024-09-16T00:27:49-04:00,0,7
src\routes\projects\covid_map\+page.svelte,52,svelte,e23a9043,Jin G,2024-09-16,00:27:49,-04:00,2024-09-16T00:27:49-04:00,0,3
src\routes\projects\covid_map\+page.svelte,53,svelte,e23a9043,Jin G,2024-09-16,00:27:49,-04:00,2024-09-16T00:27:49-04:00,0,0
src\routes\projects\covid_map\+page.svelte,54,svelte,e23a9043,Jin G,2024-09-16,00:27:49,-04:00,2024-09-16T00:27:49-04:00,0,16
src\routes\projects\covid_map\+page.svelte,55,svelte,e23a9043,Jin G,2024-09-16,00:27:49,-04:00,2024-09-16T00:27:49-04:00,0,0
src\routes\projects\covid_map\+page.svelte,56,svelte,e23a9043,Jin G,2024-09-16,00:27:49,-04:00,2024-09-16T00:27:49-04:00,0,22
src\routes\projects\covid_map\+page.svelte,57,svelte,9d554aca,Jin G,2024-09-18,14:58:26,-04:00,2024-09-18T14:58:26-04:00,0,78
src\routes\projects\covid_map\+page.svelte,58,svelte,9d554aca,Jin G,2024-09-18,14:58:26,-04:00,2024-09-18T14:58:26-04:00,0,91
src\routes\projects\covid_map\+page.svelte,59,svelte,e23a9043,Jin G,2024-09-16,00:27:49,-04:00,2024-09-16T00:27:49-04:00,0,3
src\routes\projects\covid_map\+page.svelte,60,svelte,e23a9043,Jin G,2024-09-16,00:27:49,-04:00,2024-09-16T00:27:49-04:00,0,29
src\routes\projects\covid_map\+page.svelte,61,svelte,e23a9043,Jin G,2024-09-16,00:27:49,-04:00,2024-09-16T00:27:49-04:00,0,86
src\routes\projects\covid_map\+page.svelte,62,svelte,e23a9043,Jin G,2024-09-16,00:27:49,-04:00,2024-09-16T00:27:49-04:00,0,21
src\routes\projects\covid_map\+page.svelte,63,svelte,e23a9043,Jin G,2024-09-16,00:27:49,-04:00,2024-09-16T00:27:49-04:00,0,53
src\routes\projects\covid_map\+page.svelte,64,svelte,e23a9043,Jin G,2024-09-16,00:27:49,-04:00,2024-09-16T00:27:49-04:00,0,33
src\routes\projects\covid_map\+page.svelte,65,svelte,e23a9043,Jin G,2024-09-16,00:27:49,-04:00,2024-09-16T00:27:49-04:00,0,4
src\routes\projects\covid_map\+page.svelte,66,svelte,e23a9043,Jin G,2024-09-16,00:27:49,-04:00,2024-09-16T00:27:49-04:00,0,0
src\routes\projects\covid_map\+page.svelte,67,svelte,e23a9043,Jin G,2024-09-16,00:27:49,-04:00,2024-09-16T00:27:49-04:00,0,23
src\routes\projects\covid_map\+page.svelte,68,svelte,9d554aca,Jin G,2024-09-18,14:58:26,-04:00,2024-09-18T14:58:26-04:00,0,72
src\routes\projects\covid_map\+page.svelte,69,svelte,e23a9043,Jin G,2024-09-16,00:27:49,-04:00,2024-09-16T00:27:49-04:00,0,3
src\routes\projects\covid_map\+page.svelte,70,svelte,e23a9043,Jin G,2024-09-16,00:27:49,-04:00,2024-09-16T00:27:49-04:00,0,31
src\routes\projects\covid_map\+page.svelte,71,svelte,e23a9043,Jin G,2024-09-16,00:27:49,-04:00,2024-09-16T00:27:49-04:00,0,35
src\routes\projects\covid_map\+page.svelte,72,svelte,e23a9043,Jin G,2024-09-16,00:27:49,-04:00,2024-09-16T00:27:49-04:00,0,69
src\routes\projects\covid_map\+page.svelte,73,svelte,e23a9043,Jin G,2024-09-16,00:27:49,-04:00,2024-09-16T00:27:49-04:00,0,4
src\routes\projects\covid_map\+page.svelte,74,svelte,e23a9043,Jin G,2024-09-16,00:27:49,-04:00,2024-09-16T00:27:49-04:00,0,0
src\routes\projects\covid_map\+page.svelte,75,svelte,e23a9043,Jin G,2024-09-16,00:27:49,-04:00,2024-09-16T00:27:49-04:00,0,11
src\routes\projects\covid_map\+page.svelte,76,svelte,e23a9043,Jin G,2024-09-16,00:27:49,-04:00,2024-09-16T00:27:49-04:00,0,20
src\routes\projects\covid_map\+page.svelte,77,svelte,9d554aca,Jin G,2024-09-18,14:58:26,-04:00,2024-09-18T14:58:26-04:00,0,72
src\routes\projects\covid_map\+page.svelte,78,svelte,9d554aca,Jin G,2024-09-18,14:58:26,-04:00,2024-09-18T14:58:26-04:00,0,78
src\routes\projects\covid_map\+page.svelte,79,svelte,9d554aca,Jin G,2024-09-18,14:58:26,-04:00,2024-09-18T14:58:26-04:00,0,74
src\routes\projects\covid_map\+page.svelte,80,svelte,9d554aca,Jin G,2024-09-18,14:58:26,-04:00,2024-09-18T14:58:26-04:00,0,90
src\routes\projects\covid_map\+page.svelte,81,svelte,e23a9043,Jin G,2024-09-16,00:27:49,-04:00,2024-09-16T00:27:49-04:00,0,5
src\routes\projects\covid_map\+page.svelte,82,svelte,e23a9043,Jin G,2024-09-16,00:27:49,-04:00,2024-09-16T00:27:49-04:00,0,3
src\routes\projects\covid_map\+page.svelte,83,svelte,e23a9043,Jin G,2024-09-16,00:27:49,-04:00,2024-09-16T00:27:49-04:00,0,67
src\routes\projects\covid_map\+page.svelte,84,svelte,e23a9043,Jin G,2024-09-16,00:27:49,-04:00,2024-09-16T00:27:49-04:00,0,40
src\routes\projects\covid_map\+page.svelte,85,svelte,e23a9043,Jin G,2024-09-16,00:27:49,-04:00,2024-09-16T00:27:49-04:00,0,117
src\routes\projects\covid_map\+page.svelte,86,svelte,e23a9043,Jin G,2024-09-16,00:27:49,-04:00,2024-09-16T00:27:49-04:00,0,107
src\routes\projects\covid_map\+page.svelte,87,svelte,e23a9043,Jin G,2024-09-16,00:27:49,-04:00,2024-09-16T00:27:49-04:00,0,56
src\routes\projects\covid_map\+page.svelte,88,svelte,e23a9043,Jin G,2024-09-16,00:27:49,-04:00,2024-09-16T00:27:49-04:00,0,62
src\routes\projects\covid_map\+page.svelte,89,svelte,e23a9043,Jin G,2024-09-16,00:27:49,-04:00,2024-09-16T00:27:49-04:00,0,82
src\routes\projects\covid_map\+page.svelte,90,svelte,e23a9043,Jin G,2024-09-16,00:27:49,-04:00,2024-09-16T00:27:49-04:00,0,117
src\routes\projects\covid_map\+page.svelte,91,svelte,e23a9043,Jin G,2024-09-16,00:27:49,-04:00,2024-09-16T00:27:49-04:00,0,43
src\routes\projects\covid_map\+page.svelte,92,svelte,e23a9043,Jin G,2024-09-16,00:27:49,-04:00,2024-09-16T00:27:49-04:00,0,43
src\routes\projects\covid_map\+page.svelte,93,svelte,e23a9043,Jin G,2024-09-16,00:27:49,-04:00,2024-09-16T00:27:49-04:00,0,57
src\routes\projects\covid_map\+page.svelte,94,svelte,e23a9043,Jin G,2024-09-16,00:27:49,-04:00,2024-09-16T00:27:49-04:00,0,4
src\routes\projects\covid_map\+page.svelte,95,svelte,e23a9043,Jin G,2024-09-16,00:27:49,-04:00,2024-09-16T00:27:49-04:00,0,0
src\routes\projects\covid_map\+page.svelte,96,svelte,e23a9043,Jin G,2024-09-16,00:27:49,-04:00,2024-09-16T00:27:49-04:00,0,24
src\routes\projects\covid_map\+page.svelte,97,svelte,9d554aca,Jin G,2024-09-18,14:58:26,-04:00,2024-09-18T14:58:26-04:00,0,73
src\routes\projects\covid_map\+page.svelte,98,svelte,e23a9043,Jin G,2024-09-16,00:27:49,-04:00,2024-09-16T00:27:49-04:00,0,3
src\routes\projects\covid_map\+page.svelte,99,svelte,e23a9043,Jin G,2024-09-16,00:27:49,-04:00,2024-09-16T00:27:49-04:00,0,156
src\routes\projects\covid_map\+page.svelte,100,svelte,e23a9043,Jin G,2024-09-16,00:27:49,-04:00,2024-09-16T00:27:49-04:00,0,40
src\routes\projects\covid_map\+page.svelte,101,svelte,e23a9043,Jin G,2024-09-16,00:27:49,-04:00,2024-09-16T00:27:49-04:00,0,40
src\routes\projects\covid_map\+page.svelte,102,svelte,e23a9043,Jin G,2024-09-16,00:27:49,-04:00,2024-09-16T00:27:49-04:00,0,92
src\routes\projects\covid_map\+page.svelte,103,svelte,e23a9043,Jin G,2024-09-16,00:27:49,-04:00,2024-09-16T00:27:49-04:00,0,4
src\routes\projects\covid_map\+page.svelte,104,svelte,e23a9043,Jin G,2024-09-16,00:27:49,-04:00,2024-09-16T00:27:49-04:00,0,0
src\routes\projects\covid_map\+page.svelte,105,svelte,e23a9043,Jin G,2024-09-16,00:27:49,-04:00,2024-09-16T00:27:49-04:00,0,20
src\routes\projects\covid_map\+page.svelte,106,svelte,9d554aca,Jin G,2024-09-18,14:58:26,-04:00,2024-09-18T14:58:26-04:00,0,76
src\routes\projects\covid_map\+page.svelte,107,svelte,e23a9043,Jin G,2024-09-16,00:27:49,-04:00,2024-09-16T00:27:49-04:00,0,3
src\routes\projects\covid_map\+page.svelte,108,svelte,e23a9043,Jin G,2024-09-16,00:27:49,-04:00,2024-09-16T00:27:49-04:00,0,41
src\routes\projects\covid_map\+page.svelte,109,svelte,e23a9043,Jin G,2024-09-16,00:27:49,-04:00,2024-09-16T00:27:49-04:00,0,4
src\routes\projects\covid_map\+page.svelte,110,svelte,e23a9043,Jin G,2024-09-16,00:27:49,-04:00,2024-09-16T00:27:49-04:00,0,0
src\routes\projects\covid_map\+page.svelte,111,svelte,e23a9043,Jin G,2024-09-16,00:27:49,-04:00,2024-09-16T00:27:49-04:00,0,16
src\routes\projects\covid_map\+page.svelte,112,svelte,9d554aca,Jin G,2024-09-18,14:58:26,-04:00,2024-09-18T14:58:26-04:00,0,65
src\routes\projects\covid_map\+page.svelte,113,svelte,e23a9043,Jin G,2024-09-16,00:27:49,-04:00,2024-09-16T00:27:49-04:00,0,3
src\routes\projects\covid_map\+page.svelte,114,svelte,e23a9043,Jin G,2024-09-16,00:27:49,-04:00,2024-09-16T00:27:49-04:00,0,54
src\routes\projects\covid_map\+page.svelte,115,svelte,e23a9043,Jin G,2024-09-16,00:27:49,-04:00,2024-09-16T00:27:49-04:00,0,92
src\routes\projects\covid_map\+page.svelte,116,svelte,e23a9043,Jin G,2024-09-16,00:27:49,-04:00,2024-09-16T00:27:49-04:00,0,27
src\routes\projects\covid_map\+page.svelte,117,svelte,e23a9043,Jin G,2024-09-16,00:27:49,-04:00,2024-09-16T00:27:49-04:00,0,4
src\routes\projects\covid_map\+page.svelte,118,svelte,e23a9043,Jin G,2024-09-16,00:27:49,-04:00,2024-09-16T00:27:49-04:00,0,0
src\routes\projects\covid_map\+page.svelte,119,svelte,e23a9043,Jin G,2024-09-16,00:27:49,-04:00,2024-09-16T00:27:49-04:00,0,42
src\routes\projects\covid_map\+page.svelte,120,svelte,e23a9043,Jin G,2024-09-16,00:27:49,-04:00,2024-09-16T00:27:49-04:00,0,37
src\routes\projects\covid_map\+page.svelte,121,svelte,e23a9043,Jin G,2024-09-16,00:27:49,-04:00,2024-09-16T00:27:49-04:00,0,81
src\routes\projects\covid_map\+page.svelte,122,svelte,e23a9043,Jin G,2024-09-16,00:27:49,-04:00,2024-09-16T00:27:49-04:00,0,0
src\routes\projects\covid_map\+page.svelte,123,svelte,e23a9043,Jin G,2024-09-16,00:27:49,-04:00,2024-09-16T00:27:49-04:00,0,20
src\routes\projects\covid_map\+page.svelte,124,svelte,e23a9043,Jin G,2024-09-16,00:27:49,-04:00,2024-09-16T00:27:49-04:00,0,2
src\routes\projects\covid_map\+page.svelte,125,svelte,e23a9043,Jin G,2024-09-16,00:27:49,-04:00,2024-09-16T00:27:49-04:00,0,721
src\routes\projects\covid_map\+page.svelte,126,svelte,e23a9043,Jin G,2024-09-16,00:27:49,-04:00,2024-09-16T00:27:49-04:00,0,3
src\routes\projects\covid_map\+page.svelte,127,svelte,e23a9043,Jin G,2024-09-16,00:27:49,-04:00,2024-09-16T00:27:49-04:00,0,0
src\routes\projects\covid_map\+page.svelte,128,svelte,e23a9043,Jin G,2024-09-16,00:27:49,-04:00,2024-09-16T00:27:49-04:00,0,25
src\routes\projects\covid_map\+page.svelte,129,svelte,e23a9043,Jin G,2024-09-16,00:27:49,-04:00,2024-09-16T00:27:49-04:00,0,3
src\routes\projects\covid_map\+page.svelte,130,svelte,e23a9043,Jin G,2024-09-16,00:27:49,-04:00,2024-09-16T00:27:49-04:00,0,86
src\routes\projects\covid_map\+page.svelte,131,svelte,e23a9043,Jin G,2024-09-16,00:27:49,-04:00,2024-09-16T00:27:49-04:00,0,233
src\routes\projects\covid_map\+page.svelte,132,svelte,e23a9043,Jin G,2024-09-16,00:27:49,-04:00,2024-09-16T00:27:49-04:00,0,76
src\routes\projects\covid_map\+page.svelte,133,svelte,e23a9043,Jin G,2024-09-16,00:27:49,-04:00,2024-09-16T00:27:49-04:00,0,131
src\routes\projects\covid_map\+page.svelte,134,svelte,e23a9043,Jin G,2024-09-16,00:27:49,-04:00,2024-09-16T00:27:49-04:00,0,160
src\routes\projects\covid_map\+page.svelte,135,svelte,e23a9043,Jin G,2024-09-16,00:27:49,-04:00,2024-09-16T00:27:49-04:00,0,135
src\routes\projects\covid_map\+page.svelte,136,svelte,e23a9043,Jin G,2024-09-16,00:27:49,-04:00,2024-09-16T00:27:49-04:00,0,142
src\routes\projects\covid_map\+page.svelte,137,svelte,e23a9043,Jin G,2024-09-16,00:27:49,-04:00,2024-09-16T00:27:49-04:00,0,84
src\routes\projects\covid_map\+page.svelte,138,svelte,e23a9043,Jin G,2024-09-16,00:27:49,-04:00,2024-09-16T00:27:49-04:00,0,15
src\routes\projects\covid_map\+page.svelte,139,svelte,e23a9043,Jin G,2024-09-16,00:27:49,-04:00,2024-09-16T00:27:49-04:00,0,4
src\routes\projects\covid_map\+page.svelte,140,svelte,e23a9043,Jin G,2024-09-16,00:27:49,-04:00,2024-09-16T00:27:49-04:00,0,0
src\routes\projects\covid_map\+page.svelte,141,svelte,e23a9043,Jin G,2024-09-16,00:27:49,-04:00,2024-09-16T00:27:49-04:00,0,18
src\routes\projects\covid_map\+page.svelte,142,svelte,e23a9043,Jin G,2024-09-16,00:27:49,-04:00,2024-09-16T00:27:49-04:00,0,3
src\routes\projects\covid_map\+page.svelte,143,svelte,e23a9043,Jin G,2024-09-16,00:27:49,-04:00,2024-09-16T00:27:49-04:00,0,93
src\routes\projects\covid_map\+page.svelte,144,svelte,e23a9043,Jin G,2024-09-16,00:27:49,-04:00,2024-09-16T00:27:49-04:00,0,89
src\routes\projects\covid_map\+page.svelte,145,svelte,e23a9043,Jin G,2024-09-16,00:27:49,-04:00,2024-09-16T00:27:49-04:00,0,82
src\routes\projects\covid_map\+page.svelte,146,svelte,e23a9043,Jin G,2024-09-16,00:27:49,-04:00,2024-09-16T00:27:49-04:00,0,171
src\routes\projects\covid_map\+page.svelte,147,svelte,e23a9043,Jin G,2024-09-16,00:27:49,-04:00,2024-09-16T00:27:49-04:00,0,4
src\routes\projects\covid_map\+page.svelte,148,svelte,e23a9043,Jin G,2024-09-16,00:27:49,-04:00,2024-09-16T00:27:49-04:00,0,0
src\routes\projects\covid_map\+page.svelte,149,svelte,e23a9043,Jin G,2024-09-16,00:27:49,-04:00,2024-09-16T00:27:49-04:00,0,18
src\routes\projects\covid_map\+page.svelte,150,svelte,e23a9043,Jin G,2024-09-16,00:27:49,-04:00,2024-09-16T00:27:49-04:00,0,2
src\routes\projects\covid_map\+page.svelte,151,svelte,e23a9043,Jin G,2024-09-16,00:27:49,-04:00,2024-09-16T00:27:49-04:00,0,252
src\routes\projects\covid_map\+page.svelte,152,svelte,e23a9043,Jin G,2024-09-16,00:27:49,-04:00,2024-09-16T00:27:49-04:00,0,3
src\routes\projects\covid_map\+page.svelte,153,svelte,e23a9043,Jin G,2024-09-16,00:27:49,-04:00,2024-09-16T00:27:49-04:00,0,0
src\routes\projects\covid_map\+page.svelte,154,svelte,e23a9043,Jin G,2024-09-16,00:27:49,-04:00,2024-09-16T00:27:49-04:00,0,34
src\routes\projects\covid_map\+page.svelte,155,svelte,e23a9043,Jin G,2024-09-16,00:27:49,-04:00,2024-09-16T00:27:49-04:00,0,3
src\routes\projects\covid_map\+page.svelte,156,svelte,e23a9043,Jin G,2024-09-16,00:27:49,-04:00,2024-09-16T00:27:49-04:00,0,117
src\routes\projects\covid_map\+page.svelte,157,svelte,e23a9043,Jin G,2024-09-16,00:27:49,-04:00,2024-09-16T00:27:49-04:00,0,115
src\routes\projects\covid_map\+page.svelte,158,svelte,e23a9043,Jin G,2024-09-16,00:27:49,-04:00,2024-09-16T00:27:49-04:00,0,141
src\routes\projects\covid_map\+page.svelte,159,svelte,e23a9043,Jin G,2024-09-16,00:27:49,-04:00,2024-09-16T00:27:49-04:00,0,143
src\routes\projects\covid_map\+page.svelte,160,svelte,e23a9043,Jin G,2024-09-16,00:27:49,-04:00,2024-09-16T00:27:49-04:00,0,219
src\routes\projects\covid_map\+page.svelte,161,svelte,e23a9043,Jin G,2024-09-16,00:27:49,-04:00,2024-09-16T00:27:49-04:00,0,4
src\routes\projects\covid_map\+page.svelte,162,svelte,e23a9043,Jin G,2024-09-16,00:27:49,-04:00,2024-09-16T00:27:49-04:00,0,6
src\routes\projects\covid_map\+page.svelte,163,svelte,e23a9043,Jin G,2024-09-16,00:27:49,-04:00,2024-09-16T00:27:49-04:00,0,0
src\routes\projects\covid_map\+page.svelte,164,svelte,e23a9043,Jin G,2024-09-16,00:27:49,-04:00,2024-09-16T00:27:49-04:00,0,6
src\routes\projects\covid_map\+page.svelte,165,css,e23a9043,Jin G,2024-09-16,00:27:49,-04:00,2024-09-16T00:27:49-04:00,0,4
src\routes\projects\covid_map\+page.svelte,166,css,e23a9043,Jin G,2024-09-16,00:27:49,-04:00,2024-09-16T00:27:49-04:00,0,11
src\routes\projects\covid_map\+page.svelte,167,css,e23a9043,Jin G,2024-09-16,00:27:49,-04:00,2024-09-16T00:27:49-04:00,0,12
src\routes\projects\covid_map\+page.svelte,168,css,e23a9043,Jin G,2024-09-16,00:27:49,-04:00,2024-09-16T00:27:49-04:00,0,19
src\routes\projects\covid_map\+page.svelte,169,css,0a71d677,Jin G,2024-09-16,09:33:34,-04:00,2024-09-16T09:33:34-04:00,0,54
src\routes\projects\covid_map\+page.svelte,170,css,0a71d677,Jin G,2024-09-16,09:33:34,-04:00,2024-09-16T09:33:34-04:00,0,0
src\routes\projects\covid_map\+page.svelte,171,css,e23a9043,Jin G,2024-09-16,00:27:49,-04:00,2024-09-16T00:27:49-04:00,0,0
src\routes\projects\covid_map\+page.svelte,172,css,e23a9043,Jin G,2024-09-16,00:27:49,-04:00,2024-09-16T00:27:49-04:00,0,3
src\routes\projects\covid_map\+page.svelte,173,css,e23a9043,Jin G,2024-09-16,00:27:49,-04:00,2024-09-16T00:27:49-04:00,0,17
src\routes\projects\covid_map\+page.svelte,174,css,e23a9043,Jin G,2024-09-16,00:27:49,-04:00,2024-09-16T00:27:49-04:00,0,0
src\routes\projects\covid_map\+page.svelte,175,css,e23a9043,Jin G,2024-09-16,00:27:49,-04:00,2024-09-16T00:27:49-04:00,0,3
src\routes\projects\covid_map\+page.svelte,176,css,e23a9043,Jin G,2024-09-16,00:27:49,-04:00,2024-09-16T00:27:49-04:00,0,19
src\routes\projects\covid_map\+page.svelte,177,css,e23a9043,Jin G,2024-09-16,00:27:49,-04:00,2024-09-16T00:27:49-04:00,0,0
src\routes\projects\covid_map\+page.svelte,178,css,e23a9043,Jin G,2024-09-16,00:27:49,-04:00,2024-09-16T00:27:49-04:00,0,3
src\routes\projects\covid_map\+page.svelte,179,css,e23a9043,Jin G,2024-09-16,00:27:49,-04:00,2024-09-16T00:27:49-04:00,0,16
src\routes\projects\covid_map\+page.svelte,180,css,e23a9043,Jin G,2024-09-16,00:27:49,-04:00,2024-09-16T00:27:49-04:00,0,0
src\routes\projects\covid_map\+page.svelte,181,css,e23a9043,Jin G,2024-09-16,00:27:49,-04:00,2024-09-16T00:27:49-04:00,0,0
src\routes\projects\covid_map\+page.svelte,182,css,e23a9043,Jin G,2024-09-16,00:27:49,-04:00,2024-09-16T00:27:49-04:00,0,9
src\routes\projects\covid_map\+page.svelte,183,css,e23a9043,Jin G,2024-09-16,00:27:49,-04:00,2024-09-16T00:27:49-04:00,0,13
src\routes\projects\covid_map\+page.svelte,184,css,e23a9043,Jin G,2024-09-16,00:27:49,-04:00,2024-09-16T00:27:49-04:00,0,30
src\routes\projects\covid_map\+page.svelte,185,css,e23a9043,Jin G,2024-09-16,00:27:49,-04:00,2024-09-16T00:27:49-04:00,0,9
src\routes\projects\covid_map\+page.svelte,186,css,e23a9043,Jin G,2024-09-16,00:27:49,-04:00,2024-09-16T00:27:49-04:00,0,0
src\routes\projects\covid_map\+page.svelte,187,svelte,e23a9043,Jin G,2024-09-16,00:27:49,-04:00,2024-09-16T00:27:49-04:00,0,7
src\routes\projects\communicate_with_data\+page.svelte,1,svelte,d8a4349e,Jin G,2024-09-15,18:32:45,-04:00,2024-09-15T18:32:45-04:00,0,12
src\routes\projects\communicate_with_data\+page.svelte,2,svelte,a6cabc81,Jin G,2024-09-16,08:13:38,-04:00,2024-09-16T08:13:38-04:00,0,35
src\routes\projects\communicate_with_data\+page.svelte,3,svelte,a6cabc81,Jin G,2024-09-16,08:13:38,-04:00,2024-09-16T08:13:38-04:00,0,13
src\routes\projects\communicate_with_data\+page.svelte,4,svelte,a6cabc81,Jin G,2024-09-16,08:13:38,-04:00,2024-09-16T08:13:38-04:00,0,0
src\routes\projects\communicate_with_data\+page.svelte,5,svelte,2126c3a8,Jin G,2024-09-18,15:17:00,-04:00,2024-09-18T15:17:00-04:00,0,7
src\routes\projects\communicate_with_data\+page.svelte,6,js,2126c3a8,Jin G,2024-09-18,15:17:00,-04:00,2024-09-18T15:17:00-04:00,0,33
src\routes\projects\communicate_with_data\+page.svelte,7,svelte,2126c3a8,Jin G,2024-09-18,15:17:00,-04:00,2024-09-18T15:17:00-04:00,0,8
src\routes\projects\communicate_with_data\+page.svelte,8,svelte,2126c3a8,Jin G,2024-09-18,15:17:00,-04:00,2024-09-18T15:17:00-04:00,0,0
src\routes\projects\communicate_with_data\+page.svelte,9,svelte,a6cabc81,Jin G,2024-09-16,08:13:38,-04:00,2024-09-16T08:13:38-04:00,0,5
src\routes\projects\communicate_with_data\+page.svelte,10,svelte,a6cabc81,Jin G,2024-09-16,08:13:38,-04:00,2024-09-16T08:13:38-04:00,0,29
src\routes\projects\communicate_with_data\+page.svelte,11,svelte,a6cabc81,Jin G,2024-09-16,08:13:38,-04:00,2024-09-16T08:13:38-04:00,0,46
src\routes\projects\communicate_with_data\+page.svelte,12,svelte,a6cabc81,Jin G,2024-09-16,08:13:38,-04:00,2024-09-16T08:13:38-04:00,0,22
src\routes\projects\communicate_with_data\+page.svelte,13,svelte,9d554aca,Jin G,2024-09-18,14:58:26,-04:00,2024-09-18T14:58:26-04:00,0,126
src\routes\projects\communicate_with_data\+page.svelte,14,svelte,a6cabc81,Jin G,2024-09-16,08:13:38,-04:00,2024-09-16T08:13:38-04:00,0,0
src\routes\projects\communicate_with_data\+page.svelte,15,svelte,a6cabc81,Jin G,2024-09-16,08:13:38,-04:00,2024-09-16T08:13:38-04:00,0,16
src\routes\projects\communicate_with_data\+page.svelte,16,svelte,a6cabc81,Jin G,2024-09-16,08:13:38,-04:00,2024-09-16T08:13:38-04:00,0,23
src\routes\projects\communicate_with_data\+page.svelte,17,svelte,a6cabc81,Jin G,2024-09-16,08:13:38,-04:00,2024-09-16T08:13:38-04:00,0,3
src\routes\projects\communicate_with_data\+page.svelte,18,svelte,a6cabc81,Jin G,2024-09-16,08:13:38,-04:00,2024-09-16T08:13:38-04:00,0,51
src\routes\projects\communicate_with_data\+page.svelte,19,svelte,a6cabc81,Jin G,2024-09-16,08:13:38,-04:00,2024-09-16T08:13:38-04:00,0,53
src\routes\projects\communicate_with_data\+page.svelte,20,svelte,a6cabc81,Jin G,2024-09-16,08:13:38,-04:00,2024-09-16T08:13:38-04:00,0,77
src\routes\projects\communicate_with_data\+page.svelte,21,svelte,a6cabc81,Jin G,2024-09-16,08:13:38,-04:00,2024-09-16T08:13:38-04:00,0,92
src\routes\projects\communicate_with_data\+page.svelte,22,svelte,a6cabc81,Jin G,2024-09-16,08:13:38,-04:00,2024-09-16T08:13:38-04:00,0,57
src\routes\projects\communicate_with_data\+page.svelte,23,svelte,a6cabc81,Jin G,2024-09-16,08:13:38,-04:00,2024-09-16T08:13:38-04:00,0,4
src\routes\projects\communicate_with_data\+page.svelte,24,svelte,a6cabc81,Jin G,2024-09-16,08:13:38,-04:00,2024-09-16T08:13:38-04:00,0,0
src\routes\projects\communicate_with_data\+page.svelte,25,svelte,a6cabc81,Jin G,2024-09-16,08:13:38,-04:00,2024-09-16T08:13:38-04:00,0,30
src\routes\projects\communicate_with_data\+page.svelte,26,svelte,a6cabc81,Jin G,2024-09-16,08:13:38,-04:00,2024-09-16T08:13:38-04:00,0,3
src\routes\projects\communicate_with_data\+page.svelte,27,svelte,a6cabc81,Jin G,2024-09-16,08:13:38,-04:00,2024-09-16T08:13:38-04:00,0,61
src\routes\projects\communicate_with_data\+page.svelte,28,svelte,a6cabc81,Jin G,2024-09-16,08:13:38,-04:00,2024-09-16T08:13:38-04:00,0,97
src\routes\projects\communicate_with_data\+page.svelte,29,svelte,a6cabc81,Jin G,2024-09-16,08:13:38,-04:00,2024-09-16T08:13:38-04:00,0,105
src\routes\projects\communicate_with_data\+page.svelte,30,svelte,a6cabc81,Jin G,2024-09-16,08:13:38,-04:00,2024-09-16T08:13:38-04:00,0,62
src\routes\projects\communicate_with_data\+page.svelte,31,svelte,a6cabc81,Jin G,2024-09-16,08:13:38,-04:00,2024-09-16T08:13:38-04:00,0,54
src\routes\projects\communicate_with_data\+page.svelte,32,svelte,a6cabc81,Jin G,2024-09-16,08:13:38,-04:00,2024-09-16T08:13:38-04:00,0,50
src\routes\projects\communicate_with_data\+page.svelte,33,svelte,a6cabc81,Jin G,2024-09-16,08:13:38,-04:00,2024-09-16T08:13:38-04:00,0,57
src\routes\projects\communicate_with_data\+page.svelte,34,svelte,a6cabc81,Jin G,2024-09-16,08:13:38,-04:00,2024-09-16T08:13:38-04:00,0,4
src\routes\projects\communicate_with_data\+page.svelte,35,svelte,a6cabc81,Jin G,2024-09-16,08:13:38,-04:00,2024-09-16T08:13:38-04:00,0,0
src\routes\projects\communicate_with_data\+page.svelte,36,svelte,a6cabc81,Jin G,2024-09-16,08:13:38,-04:00,2024-09-16T08:13:38-04:00,0,36
src\routes\projects\communicate_with_data\+page.svelte,37,svelte,a6cabc81,Jin G,2024-09-16,08:13:38,-04:00,2024-09-16T08:13:38-04:00,0,149
src\routes\projects\communicate_with_data\+page.svelte,38,svelte,a6cabc81,Jin G,2024-09-16,08:13:38,-04:00,2024-09-16T08:13:38-04:00,0,91
src\routes\projects\communicate_with_data\+page.svelte,39,svelte,a6cabc81,Jin G,2024-09-16,08:13:38,-04:00,2024-09-16T08:13:38-04:00,0,168
src\routes\projects\communicate_with_data\+page.svelte,40,svelte,a6cabc81,Jin G,2024-09-16,08:13:38,-04:00,2024-09-16T08:13:38-04:00,0,76
src\routes\projects\communicate_with_data\+page.svelte,41,svelte,a6cabc81,Jin G,2024-09-16,08:13:38,-04:00,2024-09-16T08:13:38-04:00,0,0
src\routes\projects\communicate_with_data\+page.svelte,42,svelte,9d554aca,Jin G,2024-09-18,14:58:26,-04:00,2024-09-18T14:58:26-04:00,0,125
src\routes\projects\communicate_with_data\+page.svelte,43,svelte,9d554aca,Jin G,2024-09-18,14:58:26,-04:00,2024-09-18T14:58:26-04:00,0,126
src\routes\projects\communicate_with_data\+page.svelte,44,svelte,a6cabc81,Jin G,2024-09-16,08:13:38,-04:00,2024-09-16T08:13:38-04:00,0,0
src\routes\projects\communicate_with_data\+page.svelte,45,svelte,a6cabc81,Jin G,2024-09-16,08:13:38,-04:00,2024-09-16T08:13:38-04:00,0,53
src\routes\projects\communicate_with_data\+page.svelte,46,svelte,9d554aca,Jin G,2024-09-18,14:58:26,-04:00,2024-09-18T14:58:26-04:00,0,122
src\routes\projects\communicate_with_data\+page.svelte,47,svelte,a6cabc81,Jin G,2024-09-16,08:13:38,-04:00,2024-09-16T08:13:38-04:00,0,0
src\routes\projects\communicate_with_data\+page.svelte,48,svelte,a6cabc81,Jin G,2024-09-16,08:13:38,-04:00,2024-09-16T08:13:38-04:00,0,16
src\routes\projects\communicate_with_data\+page.svelte,49,svelte,a6cabc81,Jin G,2024-09-16,08:13:38,-04:00,2024-09-16T08:13:38-04:00,0,23
src\routes\projects\communicate_with_data\+page.svelte,50,svelte,a6cabc81,Jin G,2024-09-16,08:13:38,-04:00,2024-09-16T08:13:38-04:00,0,3
src\routes\projects\communicate_with_data\+page.svelte,51,svelte,a6cabc81,Jin G,2024-09-16,08:13:38,-04:00,2024-09-16T08:13:38-04:00,0,42
src\routes\projects\communicate_with_data\+page.svelte,52,svelte,a6cabc81,Jin G,2024-09-16,08:13:38,-04:00,2024-09-16T08:13:38-04:00,0,102
src\routes\projects\communicate_with_data\+page.svelte,53,svelte,a6cabc81,Jin G,2024-09-16,08:13:38,-04:00,2024-09-16T08:13:38-04:00,0,67
src\routes\projects\communicate_with_data\+page.svelte,54,svelte,a6cabc81,Jin G,2024-09-16,08:13:38,-04:00,2024-09-16T08:13:38-04:00,0,65
src\routes\projects\communicate_with_data\+page.svelte,55,svelte,a6cabc81,Jin G,2024-09-16,08:13:38,-04:00,2024-09-16T08:13:38-04:00,0,4
src\routes\projects\communicate_with_data\+page.svelte,56,svelte,a6cabc81,Jin G,2024-09-16,08:13:38,-04:00,2024-09-16T08:13:38-04:00,0,0
src\routes\projects\communicate_with_data\+page.svelte,57,svelte,a6cabc81,Jin G,2024-09-16,08:13:38,-04:00,2024-09-16T08:13:38-04:00,0,30
src\routes\projects\communicate_with_data\+page.svelte,58,svelte,a6cabc81,Jin G,2024-09-16,08:13:38,-04:00,2024-09-16T08:13:38-04:00,0,3
src\routes\projects\communicate_with_data\+page.svelte,59,svelte,a6cabc81,Jin G,2024-09-16,08:13:38,-04:00,2024-09-16T08:13:38-04:00,0,82
src\routes\projects\communicate_with_data\+page.svelte,60,svelte,a6cabc81,Jin G,2024-09-16,08:13:38,-04:00,2024-09-16T08:13:38-04:00,0,49
src\routes\projects\communicate_with_data\+page.svelte,61,svelte,a6cabc81,Jin G,2024-09-16,08:13:38,-04:00,2024-09-16T08:13:38-04:00,0,74
src\routes\projects\communicate_with_data\+page.svelte,62,svelte,a6cabc81,Jin G,2024-09-16,08:13:38,-04:00,2024-09-16T08:13:38-04:00,0,91
src\routes\projects\communicate_with_data\+page.svelte,63,svelte,a6cabc81,Jin G,2024-09-16,08:13:38,-04:00,2024-09-16T08:13:38-04:00,0,39
src\routes\projects\communicate_with_data\+page.svelte,64,svelte,a6cabc81,Jin G,2024-09-16,08:13:38,-04:00,2024-09-16T08:13:38-04:00,0,4
src\routes\projects\communicate_with_data\+page.svelte,65,svelte,a6cabc81,Jin G,2024-09-16,08:13:38,-04:00,2024-09-16T08:13:38-04:00,0,0
src\routes\projects\communicate_with_data\+page.svelte,66,svelte,a6cabc81,Jin G,2024-09-16,08:13:38,-04:00,2024-09-16T08:13:38-04:00,0,36
src\routes\projects\communicate_with_data\+page.svelte,67,svelte,a6cabc81,Jin G,2024-09-16,08:13:38,-04:00,2024-09-16T08:13:38-04:00,0,28
src\routes\projects\communicate_with_data\+page.svelte,68,svelte,a6cabc81,Jin G,2024-09-16,08:13:38,-04:00,2024-09-16T08:13:38-04:00,0,25
src\routes\projects\communicate_with_data\+page.svelte,69,svelte,a6cabc81,Jin G,2024-09-16,08:13:38,-04:00,2024-09-16T08:13:38-04:00,0,106
src\routes\projects\communicate_with_data\+page.svelte,70,svelte,a6cabc81,Jin G,2024-09-16,08:13:38,-04:00,2024-09-16T08:13:38-04:00,0,88
src\routes\projects\communicate_with_data\+page.svelte,71,svelte,a6cabc81,Jin G,2024-09-16,08:13:38,-04:00,2024-09-16T08:13:38-04:00,0,84
src\routes\projects\communicate_with_data\+page.svelte,72,svelte,a6cabc81,Jin G,2024-09-16,08:13:38,-04:00,2024-09-16T08:13:38-04:00,0,142
src\routes\projects\communicate_with_data\+page.svelte,73,svelte,a6cabc81,Jin G,2024-09-16,08:13:38,-04:00,2024-09-16T08:13:38-04:00,0,122
src\routes\projects\communicate_with_data\+page.svelte,74,svelte,a6cabc81,Jin G,2024-09-16,08:13:38,-04:00,2024-09-16T08:13:38-04:00,0,5
src\routes\projects\communicate_with_data\+page.svelte,75,svelte,a6cabc81,Jin G,2024-09-16,08:13:38,-04:00,2024-09-16T08:13:38-04:00,0,26
src\routes\projects\communicate_with_data\+page.svelte,76,svelte,9d554aca,Jin G,2024-09-18,14:58:26,-04:00,2024-09-18T14:58:26-04:00,0,112
src\routes\projects\communicate_with_data\+page.svelte,77,svelte,a6cabc81,Jin G,2024-09-16,08:13:38,-04:00,2024-09-16T08:13:38-04:00,0,5
src\routes\projects\communicate_with_data\+page.svelte,78,svelte,a6cabc81,Jin G,2024-09-16,08:13:38,-04:00,2024-09-16T08:13:38-04:00,0,5
src\routes\projects\communicate_with_data\+page.svelte,79,svelte,a6cabc81,Jin G,2024-09-16,08:13:38,-04:00,2024-09-16T08:13:38-04:00,0,0
src\routes\projects\communicate_with_data\+page.svelte,80,svelte,a6cabc81,Jin G,2024-09-16,08:13:38,-04:00,2024-09-16T08:13:38-04:00,0,22
src\routes\projects\communicate_with_data\+page.svelte,81,svelte,9d554aca,Jin G,2024-09-18,14:58:26,-04:00,2024-09-18T14:58:26-04:00,0,128
src\routes\projects\communicate_with_data\+page.svelte,82,svelte,a6cabc81,Jin G,2024-09-16,08:13:38,-04:00,2024-09-16T08:13:38-04:00,0,6
src\routes\projects\communicate_with_data\+page.svelte,83,svelte,a6cabc81,Jin G,2024-09-16,08:13:38,-04:00,2024-09-16T08:13:38-04:00,0,0
src\routes\projects\communicate_with_data\+page.svelte,84,svelte,a6cabc81,Jin G,2024-09-16,08:13:38,-04:00,2024-09-16T08:13:38-04:00,0,6
src\routes\projects\communicate_with_data\+page.svelte,85,css,a6cabc81,Jin G,2024-09-16,08:13:38,-04:00,2024-09-16T08:13:38-04:00,0,0
src\routes\projects\communicate_with_data\+page.svelte,86,css,a6cabc81,Jin G,2024-09-16,08:13:38,-04:00,2024-09-16T08:13:38-04:00,0,4
src\routes\projects\communicate_with_data\+page.svelte,87,css,a6cabc81,Jin G,2024-09-16,08:13:38,-04:00,2024-09-16T08:13:38-04:00,0,11
src\routes\projects\communicate_with_data\+page.svelte,88,css,a6cabc81,Jin G,2024-09-16,08:13:38,-04:00,2024-09-16T08:13:38-04:00,0,12
src\routes\projects\communicate_with_data\+page.svelte,89,css,a6cabc81,Jin G,2024-09-16,08:13:38,-04:00,2024-09-16T08:13:38-04:00,0,16
src\routes\projects\communicate_with_data\+page.svelte,90,css,a6cabc81,Jin G,2024-09-16,08:13:38,-04:00,2024-09-16T08:13:38-04:00,0,18
src\routes\projects\communicate_with_data\+page.svelte,91,css,a6cabc81,Jin G,2024-09-16,08:13:38,-04:00,2024-09-16T08:13:38-04:00,0,0
src\routes\projects\communicate_with_data\+page.svelte,92,css,a6cabc81,Jin G,2024-09-16,08:13:38,-04:00,2024-09-16T08:13:38-04:00,0,0
src\routes\projects\communicate_with_data\+page.svelte,93,css,a6cabc81,Jin G,2024-09-16,08:13:38,-04:00,2024-09-16T08:13:38-04:00,0,17
src\routes\projects\communicate_with_data\+page.svelte,94,css,a6cabc81,Jin G,2024-09-16,08:13:38,-04:00,2024-09-16T08:13:38-04:00,0,13
src\routes\projects\communicate_with_data\+page.svelte,95,css,a6cabc81,Jin G,2024-09-16,08:13:38,-04:00,2024-09-16T08:13:38-04:00,0,30
src\routes\projects\communicate_with_data\+page.svelte,96,css,a6cabc81,Jin G,2024-09-16,08:13:38,-04:00,2024-09-16T08:13:38-04:00,0,0
src\routes\projects\communicate_with_data\+page.svelte,97,css,a6cabc81,Jin G,2024-09-16,08:13:38,-04:00,2024-09-16T08:13:38-04:00,0,14
src\routes\projects\communicate_with_data\+page.svelte,98,css,a6cabc81,Jin G,2024-09-16,08:13:38,-04:00,2024-09-16T08:13:38-04:00,0,10
src\routes\projects\communicate_with_data\+page.svelte,99,css,a6cabc81,Jin G,2024-09-16,08:13:38,-04:00,2024-09-16T08:13:38-04:00,0,0
src\routes\projects\communicate_with_data\+page.svelte,100,css,a6cabc81,Jin G,2024-09-16,08:13:38,-04:00,2024-09-16T08:13:38-04:00,0,15
src\routes\projects\communicate_with_data\+page.svelte,101,css,a6cabc81,Jin G,2024-09-16,08:13:38,-04:00,2024-09-16T08:13:38-04:00,0,10
src\routes\projects\communicate_with_data\+page.svelte,102,css,a6cabc81,Jin G,2024-09-16,08:13:38,-04:00,2024-09-16T08:13:38-04:00,0,0
src\routes\projects\communicate_with_data\+page.svelte,103,svelte,a6cabc81,Jin G,2024-09-16,08:13:38,-04:00,2024-09-16T08:13:38-04:00,0,7
src\routes\projects\boston_land_value\+page.svelte,1,svelte,d8a4349e,Jin G,2024-09-15,18:32:45,-04:00,2024-09-15T18:32:45-04:00,0,12
src\routes\projects\boston_land_value\+page.svelte,2,svelte,a6cabc81,Jin G,2024-09-16,08:13:38,-04:00,2024-09-16T08:13:38-04:00,0,49
src\routes\projects\boston_land_value\+page.svelte,3,svelte,a6cabc81,Jin G,2024-09-16,08:13:38,-04:00,2024-09-16T08:13:38-04:00,0,13
src\routes\projects\boston_land_value\+page.svelte,4,svelte,a6cabc81,Jin G,2024-09-16,08:13:38,-04:00,2024-09-16T08:13:38-04:00,0,0
src\routes\projects\boston_land_value\+page.svelte,5,svelte,2126c3a8,Jin G,2024-09-18,15:17:00,-04:00,2024-09-18T15:17:00-04:00,0,7
src\routes\projects\boston_land_value\+page.svelte,6,js,2126c3a8,Jin G,2024-09-18,15:17:00,-04:00,2024-09-18T15:17:00-04:00,0,33
src\routes\projects\boston_land_value\+page.svelte,7,svelte,2126c3a8,Jin G,2024-09-18,15:17:00,-04:00,2024-09-18T15:17:00-04:00,0,8
src\routes\projects\boston_land_value\+page.svelte,8,svelte,2126c3a8,Jin G,2024-09-18,15:17:00,-04:00,2024-09-18T15:17:00-04:00,0,0
src\routes\projects\boston_land_value\+page.svelte,9,svelte,a6cabc81,Jin G,2024-09-16,08:13:38,-04:00,2024-09-16T08:13:38-04:00,0,5
src\routes\projects\boston_land_value\+page.svelte,10,svelte,a6cabc81,Jin G,2024-09-16,08:13:38,-04:00,2024-09-16T08:13:38-04:00,0,43
src\routes\projects\boston_land_value\+page.svelte,11,svelte,a6cabc81,Jin G,2024-09-16,08:13:38,-04:00,2024-09-16T08:13:38-04:00,0,3
src\routes\projects\boston_land_value\+page.svelte,12,svelte,a6cabc81,Jin G,2024-09-16,08:13:38,-04:00,2024-09-16T08:13:38-04:00,0,75
src\routes\projects\boston_land_value\+page.svelte,13,svelte,a6cabc81,Jin G,2024-09-16,08:13:38,-04:00,2024-09-16T08:13:38-04:00,0,13
src\routes\projects\boston_land_value\+page.svelte,14,svelte,a6cabc81,Jin G,2024-09-16,08:13:38,-04:00,2024-09-16T08:13:38-04:00,0,4
src\routes\projects\boston_land_value\+page.svelte,15,svelte,a6cabc81,Jin G,2024-09-16,08:13:38,-04:00,2024-09-16T08:13:38-04:00,0,24
src\routes\projects\boston_land_value\+page.svelte,16,svelte,a6cabc81,Jin G,2024-09-16,08:13:38,-04:00,2024-09-16T08:13:38-04:00,0,21
src\routes\projects\boston_land_value\+page.svelte,17,svelte,a6cabc81,Jin G,2024-09-16,08:13:38,-04:00,2024-09-16T08:13:38-04:00,0,0
src\routes\projects\boston_land_value\+page.svelte,18,svelte,a6cabc81,Jin G,2024-09-16,08:13:38,-04:00,2024-09-16T08:13:38-04:00,0,16
src\routes\projects\boston_land_value\+page.svelte,19,svelte,a6cabc81,Jin G,2024-09-16,08:13:38,-04:00,2024-09-16T08:13:38-04:00,0,2
src\routes\projects\boston_land_value\+page.svelte,20,svelte,a6cabc81,Jin G,2024-09-16,08:13:38,-04:00,2024-09-16T08:13:38-04:00,0,72
src\routes\projects\boston_land_value\+page.svelte,21,svelte,a6cabc81,Jin G,2024-09-16,08:13:38,-04:00,2024-09-16T08:13:38-04:00,0,73
src\routes\projects\boston_land_value\+page.svelte,22,svelte,a6cabc81,Jin G,2024-09-16,08:13:38,-04:00,2024-09-16T08:13:38-04:00,0,75
src\routes\projects\boston_land_value\+page.svelte,23,svelte,a6cabc81,Jin G,2024-09-16,08:13:38,-04:00,2024-09-16T08:13:38-04:00,0,73
src\routes\projects\boston_land_value\+page.svelte,24,svelte,a6cabc81,Jin G,2024-09-16,08:13:38,-04:00,2024-09-16T08:13:38-04:00,0,71
src\routes\projects\boston_land_value\+page.svelte,25,svelte,a6cabc81,Jin G,2024-09-16,08:13:38,-04:00,2024-09-16T08:13:38-04:00,0,73
src\routes\projects\boston_land_value\+page.svelte,26,svelte,a6cabc81,Jin G,2024-09-16,08:13:38,-04:00,2024-09-16T08:13:38-04:00,0,71
src\routes\projects\boston_land_value\+page.svelte,27,svelte,a6cabc81,Jin G,2024-09-16,08:13:38,-04:00,2024-09-16T08:13:38-04:00,0,52
src\routes\projects\boston_land_value\+page.svelte,28,svelte,a6cabc81,Jin G,2024-09-16,08:13:38,-04:00,2024-09-16T08:13:38-04:00,0,3
src\routes\projects\boston_land_value\+page.svelte,29,svelte,a6cabc81,Jin G,2024-09-16,08:13:38,-04:00,2024-09-16T08:13:38-04:00,0,0
src\routes\projects\boston_land_value\+page.svelte,30,svelte,a6cabc81,Jin G,2024-09-16,08:13:38,-04:00,2024-09-16T08:13:38-04:00,0,19
src\routes\projects\boston_land_value\+page.svelte,31,svelte,9d554aca,Jin G,2024-09-18,14:58:26,-04:00,2024-09-18T14:58:26-04:00,0,83
src\routes\projects\boston_land_value\+page.svelte,32,svelte,a6cabc81,Jin G,2024-09-16,08:13:38,-04:00,2024-09-16T08:13:38-04:00,0,26
src\routes\projects\boston_land_value\+page.svelte,33,svelte,a6cabc81,Jin G,2024-09-16,08:13:38,-04:00,2024-09-16T08:13:38-04:00,0,0
src\routes\projects\boston_land_value\+page.svelte,34,svelte,a6cabc81,Jin G,2024-09-16,08:13:38,-04:00,2024-09-16T08:13:38-04:00,0,3
src\routes\projects\boston_land_value\+page.svelte,35,svelte,9d554aca,Jin G,2024-09-18,14:58:26,-04:00,2024-09-18T14:58:26-04:00,0,57
src\routes\projects\boston_land_value\+page.svelte,36,svelte,a6cabc81,Jin G,2024-09-16,08:13:38,-04:00,2024-09-16T08:13:38-04:00,0,23
src\routes\projects\boston_land_value\+page.svelte,37,svelte,a6cabc81,Jin G,2024-09-16,08:13:38,-04:00,2024-09-16T08:13:38-04:00,0,1
src\routes\projects\boston_land_value\+page.svelte,38,svelte,a6cabc81,Jin G,2024-09-16,08:13:38,-04:00,2024-09-16T08:13:38-04:00,0,0
src\routes\projects\boston_land_value\+page.svelte,39,svelte,a6cabc81,Jin G,2024-09-16,08:13:38,-04:00,2024-09-16T08:13:38-04:00,0,27
src\routes\projects\boston_land_value\+page.svelte,40,svelte,a6cabc81,Jin G,2024-09-16,08:13:38,-04:00,2024-09-16T08:13:38-04:00,0,0
src\routes\projects\boston_land_value\+page.svelte,41,svelte,a6cabc81,Jin G,2024-09-16,08:13:38,-04:00,2024-09-16T08:13:38-04:00,0,3
src\routes\projects\boston_land_value\+page.svelte,42,svelte,9d554aca,Jin G,2024-09-18,14:58:26,-04:00,2024-09-18T14:58:26-04:00,0,57
src\routes\projects\boston_land_value\+page.svelte,43,svelte,a6cabc81,Jin G,2024-09-16,08:13:38,-04:00,2024-09-16T08:13:38-04:00,0,24
src\routes\projects\boston_land_value\+page.svelte,44,svelte,a6cabc81,Jin G,2024-09-16,08:13:38,-04:00,2024-09-16T08:13:38-04:00,0,1
src\routes\projects\boston_land_value\+page.svelte,45,svelte,a6cabc81,Jin G,2024-09-16,08:13:38,-04:00,2024-09-16T08:13:38-04:00,0,0
src\routes\projects\boston_land_value\+page.svelte,46,svelte,a6cabc81,Jin G,2024-09-16,08:13:38,-04:00,2024-09-16T08:13:38-04:00,0,18
src\routes\projects\boston_land_value\+page.svelte,47,svelte,a6cabc81,Jin G,2024-09-16,08:13:38,-04:00,2024-09-16T08:13:38-04:00,0,2
src\routes\projects\boston_land_value\+page.svelte,48,svelte,a6cabc81,Jin G,2024-09-16,08:13:38,-04:00,2024-09-16T08:13:38-04:00,0,73
src\routes\projects\boston_land_value\+page.svelte,49,svelte,a6cabc81,Jin G,2024-09-16,08:13:38,-04:00,2024-09-16T08:13:38-04:00,0,72
src\routes\projects\boston_land_value\+page.svelte,50,svelte,a6cabc81,Jin G,2024-09-16,08:13:38,-04:00,2024-09-16T08:13:38-04:00,0,74
src\routes\projects\boston_land_value\+page.svelte,51,svelte,a6cabc81,Jin G,2024-09-16,08:13:38,-04:00,2024-09-16T08:13:38-04:00,0,73
src\routes\projects\boston_land_value\+page.svelte,52,svelte,a6cabc81,Jin G,2024-09-16,08:13:38,-04:00,2024-09-16T08:13:38-04:00,0,74
src\routes\projects\boston_land_value\+page.svelte,53,svelte,a6cabc81,Jin G,2024-09-16,08:13:38,-04:00,2024-09-16T08:13:38-04:00,0,74
src\routes\projects\boston_land_value\+page.svelte,54,svelte,a6cabc81,Jin G,2024-09-16,08:13:38,-04:00,2024-09-16T08:13:38-04:00,0,32
src\routes\projects\boston_land_value\+page.svelte,55,svelte,a6cabc81,Jin G,2024-09-16,08:13:38,-04:00,2024-09-16T08:13:38-04:00,0,3
src\routes\projects\boston_land_value\+page.svelte,56,svelte,a6cabc81,Jin G,2024-09-16,08:13:38,-04:00,2024-09-16T08:13:38-04:00,0,0
src\routes\projects\boston_land_value\+page.svelte,57,svelte,a6cabc81,Jin G,2024-09-16,08:13:38,-04:00,2024-09-16T08:13:38-04:00,0,19
src\routes\projects\boston_land_value\+page.svelte,58,svelte,a6cabc81,Jin G,2024-09-16,08:13:38,-04:00,2024-09-16T08:13:38-04:00,0,56
src\routes\projects\boston_land_value\+page.svelte,59,svelte,a6cabc81,Jin G,2024-09-16,08:13:38,-04:00,2024-09-16T08:13:38-04:00,0,6
src\routes\projects\boston_land_value\+page.svelte,60,svelte,a6cabc81,Jin G,2024-09-16,08:13:38,-04:00,2024-09-16T08:13:38-04:00,0,0
src\routes\projects\boston_land_value\+page.svelte,61,svelte,a6cabc81,Jin G,2024-09-16,08:13:38,-04:00,2024-09-16T08:13:38-04:00,0,6
src\routes\projects\boston_land_value\+page.svelte,62,css,a6cabc81,Jin G,2024-09-16,08:13:38,-04:00,2024-09-16T08:13:38-04:00,0,0
src\routes\projects\boston_land_value\+page.svelte,63,css,a6cabc81,Jin G,2024-09-16,08:13:38,-04:00,2024-09-16T08:13:38-04:00,0,4
src\routes\projects\boston_land_value\+page.svelte,64,css,a6cabc81,Jin G,2024-09-16,08:13:38,-04:00,2024-09-16T08:13:38-04:00,0,11
src\routes\projects\boston_land_value\+page.svelte,65,css,a6cabc81,Jin G,2024-09-16,08:13:38,-04:00,2024-09-16T08:13:38-04:00,0,12
src\routes\projects\boston_land_value\+page.svelte,66,css,a6cabc81,Jin G,2024-09-16,08:13:38,-04:00,2024-09-16T08:13:38-04:00,0,16
src\routes\projects\boston_land_value\+page.svelte,67,css,a6cabc81,Jin G,2024-09-16,08:13:38,-04:00,2024-09-16T08:13:38-04:00,0,0
src\routes\projects\boston_land_value\+page.svelte,68,svelte,a6cabc81,Jin G,2024-09-16,08:13:38,-04:00,2024-09-16T08:13:38-04:00,0,7
src\routes\projects\american_population\+page.svelte,1,svelte,2126c3a8,Jin G,2024-09-18,15:17:00,-04:00,2024-09-18T15:17:00-04:00,0,7
src\routes\projects\american_population\+page.svelte,2,js,2126c3a8,Jin G,2024-09-18,15:17:00,-04:00,2024-09-18T15:17:00-04:00,0,33
src\routes\projects\american_population\+page.svelte,3,svelte,2126c3a8,Jin G,2024-09-18,15:17:00,-04:00,2024-09-18T15:17:00-04:00,0,8
src\routes\projects\american_population\+page.svelte,4,svelte,2126c3a8,Jin G,2024-09-18,15:17:00,-04:00,2024-09-18T15:17:00-04:00,0,0
src\routes\projects\american_population\+page.svelte,5,svelte,d8a4349e,Jin G,2024-09-15,18:32:45,-04:00,2024-09-15T18:32:45-04:00,0,12
src\routes\projects\american_population\+page.svelte,6,svelte,d8a4349e,Jin G,2024-09-15,18:32:45,-04:00,2024-09-15T18:32:45-04:00,0,24
src\routes\projects\american_population\+page.svelte,7,svelte,d8a4349e,Jin G,2024-09-15,18:32:45,-04:00,2024-09-15T18:32:45-04:00,0,13
src\routes\projects\american_population\+page.svelte,8,svelte,d8a4349e,Jin G,2024-09-15,18:32:45,-04:00,2024-09-15T18:32:45-04:00,0,0
src\routes\projects\american_population\+page.svelte,9,svelte,d8a4349e,Jin G,2024-09-15,18:32:45,-04:00,2024-09-15T18:32:45-04:00,0,55
src\routes\projects\american_population\+page.svelte,10,svelte,d8a4349e,Jin G,2024-09-15,18:32:45,-04:00,2024-09-15T18:32:45-04:00,0,4
src\routes\projects\american_population\+page.svelte,11,svelte,d8a4349e,Jin G,2024-09-15,18:32:45,-04:00,2024-09-15T18:32:45-04:00,0,0
src\routes\projects\american_population\+page.svelte,12,svelte,d8a4349e,Jin G,2024-09-15,18:32:45,-04:00,2024-09-15T18:32:45-04:00,0,3
src\routes\projects\american_population\+page.svelte,13,svelte,52f43f62,Jin G,2024-09-18,15:04:19,-04:00,2024-09-18T15:04:19-04:00,0,67
src\routes\projects\american_population\+page.svelte,14,svelte,d8a4349e,Jin G,2024-09-15,18:32:45,-04:00,2024-09-15T18:32:45-04:00,0,4
src\routes\projects\american_population\+page.svelte,15,svelte,d8a4349e,Jin G,2024-09-15,18:32:45,-04:00,2024-09-15T18:32:45-04:00,0,0
src\routes\projects\american_population\+page.svelte,16,svelte,d8a4349e,Jin G,2024-09-15,18:32:45,-04:00,2024-09-15T18:32:45-04:00,0,0
src\routes\projects\american_population\+page.svelte,17,svelte,9d554aca,Jin G,2024-09-18,14:58:26,-04:00,2024-09-18T14:58:26-04:00,0,86
src\routes\labs\lab9_storytelling\Scatterplot.svelte,1,svelte,d3060045,Jin G,2024-09-14,13:27:35,-04:00,2024-09-14T13:27:35-04:00,0,7
src\routes\labs\lab9_storytelling\Scatterplot.svelte,2,js,9d554aca,Jin G,2024-09-18,14:58:26,-04:00,2024-09-18T14:58:26-04:00,0,33
src\routes\labs\lab9_storytelling\Scatterplot.svelte,3,js,d3060045,Jin G,2024-09-14,13:27:35,-04:00,2024-09-14T13:27:35-04:00,0,24
src\routes\labs\lab9_storytelling\Scatterplot.svelte,4,js,d3060045,Jin G,2024-09-14,13:27:35,-04:00,2024-09-14T13:27:35-04:00,0,32
src\routes\labs\lab9_storytelling\Scatterplot.svelte,5,js,d3060045,Jin G,2024-09-14,13:27:35,-04:00,2024-09-14T13:27:35-04:00,0,73
src\routes\labs\lab9_storytelling\Scatterplot.svelte,6,js,d3060045,Jin G,2024-09-14,13:27:35,-04:00,2024-09-14T13:27:35-04:00,0,36
src\routes\labs\lab9_storytelling\Scatterplot.svelte,7,js,d3060045,Jin G,2024-09-14,13:27:35,-04:00,2024-09-14T13:27:35-04:00,0,0
src\routes\labs\lab9_storytelling\Scatterplot.svelte,8,js,d3060045,Jin G,2024-09-14,13:27:35,-04:00,2024-09-14T13:27:35-04:00,0,37
src\routes\labs\lab9_storytelling\Scatterplot.svelte,9,js,d3060045,Jin G,2024-09-14,13:27:35,-04:00,2024-09-14T13:27:35-04:00,0,48
src\routes\labs\lab9_storytelling\Scatterplot.svelte,10,js,d3060045,Jin G,2024-09-14,13:27:35,-04:00,2024-09-14T13:27:35-04:00,0,0
src\routes\labs\lab9_storytelling\Scatterplot.svelte,11,js,d3060045,Jin G,2024-09-14,13:27:35,-04:00,2024-09-14T13:27:35-04:00,0,43
src\routes\labs\lab9_storytelling\Scatterplot.svelte,12,js,d3060045,Jin G,2024-09-14,13:27:35,-04:00,2024-09-14T13:27:35-04:00,0,59
src\routes\labs\lab9_storytelling\Scatterplot.svelte,13,js,d3060045,Jin G,2024-09-14,13:27:35,-04:00,2024-09-14T13:27:35-04:00,0,0
src\routes\labs\lab9_storytelling\Scatterplot.svelte,14,js,d3060045,Jin G,2024-09-14,13:27:35,-04:00,2024-09-14T13:27:35-04:00,0,27
src\routes\labs\lab9_storytelling\Scatterplot.svelte,15,js,d3060045,Jin G,2024-09-14,13:27:35,-04:00,2024-09-14T13:27:35-04:00,0,0
src\routes\labs\lab9_storytelling\Scatterplot.svelte,16,js,d3060045,Jin G,2024-09-14,13:27:35,-04:00,2024-09-14T13:27:35-04:00,0,16
src\routes\labs\lab9_storytelling\Scatterplot.svelte,17,js,d3060045,Jin G,2024-09-14,13:27:35,-04:00,2024-09-14T13:27:35-04:00,0,44
src\routes\labs\lab9_storytelling\Scatterplot.svelte,18,js,d3060045,Jin G,2024-09-14,13:27:35,-04:00,2024-09-14T13:27:35-04:00,0,0
src\routes\labs\lab9_storytelling\Scatterplot.svelte,19,js,d3060045,Jin G,2024-09-14,13:27:35,-04:00,2024-09-14T13:27:35-04:00,0,17
src\routes\labs\lab9_storytelling\Scatterplot.svelte,20,js,d3060045,Jin G,2024-09-14,13:27:35,-04:00,2024-09-14T13:27:35-04:00,0,0
src\routes\labs\lab9_storytelling\Scatterplot.svelte,21,js,d3060045,Jin G,2024-09-14,13:27:35,-04:00,2024-09-14T13:27:35-04:00,0,36
src\routes\labs\lab9_storytelling\Scatterplot.svelte,22,js,d3060045,Jin G,2024-09-14,13:27:35,-04:00,2024-09-14T13:27:35-04:00,0,0
src\routes\labs\lab9_storytelling\Scatterplot.svelte,23,js,d3060045,Jin G,2024-09-14,13:27:35,-04:00,2024-09-14T13:27:35-04:00,0,26
src\routes\labs\lab9_storytelling\Scatterplot.svelte,24,js,d3060045,Jin G,2024-09-14,13:27:35,-04:00,2024-09-14T13:27:35-04:00,0,0
src\routes\labs\lab9_storytelling\Scatterplot.svelte,25,js,d3060045,Jin G,2024-09-14,13:27:35,-04:00,2024-09-14T13:27:35-04:00,0,10
src\routes\labs\lab9_storytelling\Scatterplot.svelte,26,js,d3060045,Jin G,2024-09-14,13:27:35,-04:00,2024-09-14T13:27:35-04:00,0,10
src\routes\labs\lab9_storytelling\Scatterplot.svelte,27,js,d3060045,Jin G,2024-09-14,13:27:35,-04:00,2024-09-14T13:27:35-04:00,0,10
src\routes\labs\lab9_storytelling\Scatterplot.svelte,28,js,d3060045,Jin G,2024-09-14,13:27:35,-04:00,2024-09-14T13:27:35-04:00,0,0
src\routes\labs\lab9_storytelling\Scatterplot.svelte,29,js,d3060045,Jin G,2024-09-14,13:27:35,-04:00,2024-09-14T13:27:35-04:00,0,0
src\routes\labs\lab9_storytelling\Scatterplot.svelte,30,js,d3060045,Jin G,2024-09-14,13:27:35,-04:00,2024-09-14T13:27:35-04:00,0,16
src\routes\labs\lab9_storytelling\Scatterplot.svelte,31,js,d3060045,Jin G,2024-09-14,13:27:35,-04:00,2024-09-14T13:27:35-04:00,0,16
src\routes\labs\lab9_storytelling\Scatterplot.svelte,32,js,d3060045,Jin G,2024-09-14,13:27:35,-04:00,2024-09-14T13:27:35-04:00,0,57
src\routes\labs\lab9_storytelling\Scatterplot.svelte,33,js,d3060045,Jin G,2024-09-14,13:27:35,-04:00,2024-09-14T13:27:35-04:00,0,0
src\routes\labs\lab9_storytelling\Scatterplot.svelte,34,js,d3060045,Jin G,2024-09-14,13:27:35,-04:00,2024-09-14T13:27:35-04:00,0,17
src\routes\labs\lab9_storytelling\Scatterplot.svelte,35,js,d3060045,Jin G,2024-09-14,13:27:35,-04:00,2024-09-14T13:27:35-04:00,0,15
src\routes\labs\lab9_storytelling\Scatterplot.svelte,36,js,d3060045,Jin G,2024-09-14,13:27:35,-04:00,2024-09-14T13:27:35-04:00,0,27
src\routes\labs\lab9_storytelling\Scatterplot.svelte,37,js,d3060045,Jin G,2024-09-14,13:27:35,-04:00,2024-09-14T13:27:35-04:00,0,30
src\routes\labs\lab9_storytelling\Scatterplot.svelte,38,js,d3060045,Jin G,2024-09-14,13:27:35,-04:00,2024-09-14T13:27:35-04:00,0,17
src\routes\labs\lab9_storytelling\Scatterplot.svelte,39,js,d3060045,Jin G,2024-09-14,13:27:35,-04:00,2024-09-14T13:27:35-04:00,0,1
src\routes\labs\lab9_storytelling\Scatterplot.svelte,40,js,d3060045,Jin G,2024-09-14,13:27:35,-04:00,2024-09-14T13:27:35-04:00,0,53
src\routes\labs\lab9_storytelling\Scatterplot.svelte,41,js,d3060045,Jin G,2024-09-14,13:27:35,-04:00,2024-09-14T13:27:35-04:00,0,54
src\routes\labs\lab9_storytelling\Scatterplot.svelte,42,js,d3060045,Jin G,2024-09-14,13:27:35,-04:00,2024-09-14T13:27:35-04:00,0,0
src\routes\labs\lab9_storytelling\Scatterplot.svelte,43,js,d3060045,Jin G,2024-09-14,13:27:35,-04:00,2024-09-14T13:27:35-04:00,0,32
src\routes\labs\lab9_storytelling\Scatterplot.svelte,44,js,d3060045,Jin G,2024-09-14,13:27:35,-04:00,2024-09-14T13:27:35-04:00,0,0
src\routes\labs\lab9_storytelling\Scatterplot.svelte,45,js,d3060045,Jin G,2024-09-14,13:27:35,-04:00,2024-09-14T13:27:35-04:00,0,21
src\routes\labs\lab9_storytelling\Scatterplot.svelte,46,js,d3060045,Jin G,2024-09-14,13:27:35,-04:00,2024-09-14T13:27:35-04:00,0,63
src\routes\labs\lab9_storytelling\Scatterplot.svelte,47,js,d3060045,Jin G,2024-09-14,13:27:35,-04:00,2024-09-14T13:27:35-04:00,0,0
src\routes\labs\lab9_storytelling\Scatterplot.svelte,48,js,d3060045,Jin G,2024-09-14,13:27:35,-04:00,2024-09-14T13:27:35-04:00,0,19
src\routes\labs\lab9_storytelling\Scatterplot.svelte,49,js,d3060045,Jin G,2024-09-14,13:27:35,-04:00,2024-09-14T13:27:35-04:00,0,35
src\routes\labs\lab9_storytelling\Scatterplot.svelte,50,js,d3060045,Jin G,2024-09-14,13:27:35,-04:00,2024-09-14T13:27:35-04:00,0,34
src\routes\labs\lab9_storytelling\Scatterplot.svelte,51,js,d3060045,Jin G,2024-09-14,13:27:35,-04:00,2024-09-14T13:27:35-04:00,0,39
src\routes\labs\lab9_storytelling\Scatterplot.svelte,52,js,d3060045,Jin G,2024-09-14,13:27:35,-04:00,2024-09-14T13:27:35-04:00,0,0
src\routes\labs\lab9_storytelling\Scatterplot.svelte,53,js,d3060045,Jin G,2024-09-14,13:27:35,-04:00,2024-09-14T13:27:35-04:00,0,0
src\routes\labs\lab9_storytelling\Scatterplot.svelte,54,js,d3060045,Jin G,2024-09-14,13:27:35,-04:00,2024-09-14T13:27:35-04:00,0,14
src\routes\labs\lab9_storytelling\Scatterplot.svelte,55,js,d3060045,Jin G,2024-09-14,13:27:35,-04:00,2024-09-14T13:27:35-04:00,0,10
src\routes\labs\lab9_storytelling\Scatterplot.svelte,56,js,d3060045,Jin G,2024-09-14,13:27:35,-04:00,2024-09-14T13:27:35-04:00,0,11
src\routes\labs\lab9_storytelling\Scatterplot.svelte,57,js,d3060045,Jin G,2024-09-14,13:27:35,-04:00,2024-09-14T13:27:35-04:00,0,77
src\routes\labs\lab9_storytelling\Scatterplot.svelte,58,js,d3060045,Jin G,2024-09-14,13:27:35,-04:00,2024-09-14T13:27:35-04:00,0,17
src\routes\labs\lab9_storytelling\Scatterplot.svelte,59,js,d3060045,Jin G,2024-09-14,13:27:35,-04:00,2024-09-14T13:27:35-04:00,0,7
src\routes\labs\lab9_storytelling\Scatterplot.svelte,60,js,d3060045,Jin G,2024-09-14,13:27:35,-04:00,2024-09-14T13:27:35-04:00,0,0
src\routes\labs\lab9_storytelling\Scatterplot.svelte,61,js,d3060045,Jin G,2024-09-14,13:27:35,-04:00,2024-09-14T13:27:35-04:00,0,10
src\routes\labs\lab9_storytelling\Scatterplot.svelte,62,js,d3060045,Jin G,2024-09-14,13:27:35,-04:00,2024-09-14T13:27:35-04:00,0,13
src\routes\labs\lab9_storytelling\Scatterplot.svelte,63,js,d3060045,Jin G,2024-09-14,13:27:35,-04:00,2024-09-14T13:27:35-04:00,0,52
src\routes\labs\lab9_storytelling\Scatterplot.svelte,64,js,d3060045,Jin G,2024-09-14,13:27:35,-04:00,2024-09-14T13:27:35-04:00,0,18
src\routes\labs\lab9_storytelling\Scatterplot.svelte,65,js,d3060045,Jin G,2024-09-14,13:27:35,-04:00,2024-09-14T13:27:35-04:00,0,7
src\routes\labs\lab9_storytelling\Scatterplot.svelte,66,js,d3060045,Jin G,2024-09-14,13:27:35,-04:00,2024-09-14T13:27:35-04:00,0,0
src\routes\labs\lab9_storytelling\Scatterplot.svelte,67,js,d3060045,Jin G,2024-09-14,13:27:35,-04:00,2024-09-14T13:27:35-04:00,0,38
src\routes\labs\lab9_storytelling\Scatterplot.svelte,68,js,d3060045,Jin G,2024-09-14,13:27:35,-04:00,2024-09-14T13:27:35-04:00,0,2
src\routes\labs\lab9_storytelling\Scatterplot.svelte,69,js,d3060045,Jin G,2024-09-14,13:27:35,-04:00,2024-09-14T13:27:35-04:00,0,0
src\routes\labs\lab9_storytelling\Scatterplot.svelte,70,js,d3060045,Jin G,2024-09-14,13:27:35,-04:00,2024-09-14T13:27:35-04:00,0,27
src\routes\labs\lab9_storytelling\Scatterplot.svelte,71,js,d3060045,Jin G,2024-09-14,13:27:35,-04:00,2024-09-14T13:27:35-04:00,0,22
src\routes\labs\lab9_storytelling\Scatterplot.svelte,72,js,d3060045,Jin G,2024-09-14,13:27:35,-04:00,2024-09-14T13:27:35-04:00,0,55
src\routes\labs\lab9_storytelling\Scatterplot.svelte,73,js,d3060045,Jin G,2024-09-14,13:27:35,-04:00,2024-09-14T13:27:35-04:00,0,42
src\routes\labs\lab9_storytelling\Scatterplot.svelte,74,js,d3060045,Jin G,2024-09-14,13:27:35,-04:00,2024-09-14T13:27:35-04:00,0,7
src\routes\labs\lab9_storytelling\Scatterplot.svelte,75,js,d3060045,Jin G,2024-09-14,13:27:35,-04:00,2024-09-14T13:27:35-04:00,0,0
src\routes\labs\lab9_storytelling\Scatterplot.svelte,76,js,d3060045,Jin G,2024-09-14,13:27:35,-04:00,2024-09-14T13:27:35-04:00,0,24
src\routes\labs\lab9_storytelling\Scatterplot.svelte,77,js,d3060045,Jin G,2024-09-14,13:27:35,-04:00,2024-09-14T13:27:35-04:00,0,15
src\routes\labs\lab9_storytelling\Scatterplot.svelte,78,js,d3060045,Jin G,2024-09-14,13:27:35,-04:00,2024-09-14T13:27:35-04:00,0,42
src\routes\labs\lab9_storytelling\Scatterplot.svelte,79,js,d3060045,Jin G,2024-09-14,13:27:35,-04:00,2024-09-14T13:27:35-04:00,0,7
src\routes\labs\lab9_storytelling\Scatterplot.svelte,80,js,d3060045,Jin G,2024-09-14,13:27:35,-04:00,2024-09-14T13:27:35-04:00,0,0
src\routes\labs\lab9_storytelling\Scatterplot.svelte,81,js,d3060045,Jin G,2024-09-14,13:27:35,-04:00,2024-09-14T13:27:35-04:00,0,0
src\routes\labs\lab9_storytelling\Scatterplot.svelte,82,js,d3060045,Jin G,2024-09-14,13:27:35,-04:00,2024-09-14T13:27:35-04:00,0,0
src\routes\labs\lab9_storytelling\Scatterplot.svelte,83,js,d3060045,Jin G,2024-09-14,13:27:35,-04:00,2024-09-14T13:27:35-04:00,0,0
src\routes\labs\lab9_storytelling\Scatterplot.svelte,84,js,d3060045,Jin G,2024-09-14,13:27:35,-04:00,2024-09-14T13:27:35-04:00,0,27
src\routes\labs\lab9_storytelling\Scatterplot.svelte,85,js,d3060045,Jin G,2024-09-14,13:27:35,-04:00,2024-09-14T13:27:35-04:00,0,23
src\routes\labs\lab9_storytelling\Scatterplot.svelte,86,js,d3060045,Jin G,2024-09-14,13:27:35,-04:00,2024-09-14T13:27:35-04:00,0,44
src\routes\labs\lab9_storytelling\Scatterplot.svelte,87,js,d3060045,Jin G,2024-09-14,13:27:35,-04:00,2024-09-14T13:27:35-04:00,0,21
src\routes\labs\lab9_storytelling\Scatterplot.svelte,88,js,d3060045,Jin G,2024-09-14,13:27:35,-04:00,2024-09-14T13:27:35-04:00,0,1
src\routes\labs\lab9_storytelling\Scatterplot.svelte,89,js,d3060045,Jin G,2024-09-14,13:27:35,-04:00,2024-09-14T13:27:35-04:00,0,16
src\routes\labs\lab9_storytelling\Scatterplot.svelte,90,js,d3060045,Jin G,2024-09-14,13:27:35,-04:00,2024-09-14T13:27:35-04:00,0,58
src\routes\labs\lab9_storytelling\Scatterplot.svelte,91,js,d3060045,Jin G,2024-09-14,13:27:35,-04:00,2024-09-14T13:27:35-04:00,0,1
src\routes\labs\lab9_storytelling\Scatterplot.svelte,92,js,d3060045,Jin G,2024-09-14,13:27:35,-04:00,2024-09-14T13:27:35-04:00,0,30
src\routes\labs\lab9_storytelling\Scatterplot.svelte,93,js,d3060045,Jin G,2024-09-14,13:27:35,-04:00,2024-09-14T13:27:35-04:00,0,61
src\routes\labs\lab9_storytelling\Scatterplot.svelte,94,js,d3060045,Jin G,2024-09-14,13:27:35,-04:00,2024-09-14T13:27:35-04:00,0,1
src\routes\labs\lab9_storytelling\Scatterplot.svelte,95,js,d3060045,Jin G,2024-09-14,13:27:35,-04:00,2024-09-14T13:27:35-04:00,0,0
src\routes\labs\lab9_storytelling\Scatterplot.svelte,96,js,d3060045,Jin G,2024-09-14,13:27:35,-04:00,2024-09-14T13:27:35-04:00,0,0
src\routes\labs\lab9_storytelling\Scatterplot.svelte,97,js,d3060045,Jin G,2024-09-14,13:27:35,-04:00,2024-09-14T13:27:35-04:00,0,42
src\routes\labs\lab9_storytelling\Scatterplot.svelte,98,js,d3060045,Jin G,2024-09-14,13:27:35,-04:00,2024-09-14T13:27:35-04:00,0,95
src\routes\labs\lab9_storytelling\Scatterplot.svelte,99,js,d3060045,Jin G,2024-09-14,13:27:35,-04:00,2024-09-14T13:27:35-04:00,0,0
src\routes\labs\lab9_storytelling\Scatterplot.svelte,100,js,d3060045,Jin G,2024-09-14,13:27:35,-04:00,2024-09-14T13:27:35-04:00,0,55
src\routes\labs\lab9_storytelling\Scatterplot.svelte,101,js,d3060045,Jin G,2024-09-14,13:27:35,-04:00,2024-09-14T13:27:35-04:00,0,66
src\routes\labs\lab9_storytelling\Scatterplot.svelte,102,js,d3060045,Jin G,2024-09-14,13:27:35,-04:00,2024-09-14T13:27:35-04:00,0,41
src\routes\labs\lab9_storytelling\Scatterplot.svelte,103,js,d3060045,Jin G,2024-09-14,13:27:35,-04:00,2024-09-14T13:27:35-04:00,0,0
src\routes\labs\lab9_storytelling\Scatterplot.svelte,104,js,d3060045,Jin G,2024-09-14,13:27:35,-04:00,2024-09-14T13:27:35-04:00,0,4
src\routes\labs\lab9_storytelling\Scatterplot.svelte,105,js,d3060045,Jin G,2024-09-14,13:27:35,-04:00,2024-09-14T13:27:35-04:00,0,33
src\routes\labs\lab9_storytelling\Scatterplot.svelte,106,js,d3060045,Jin G,2024-09-14,13:27:35,-04:00,2024-09-14T13:27:35-04:00,0,66
src\routes\labs\lab9_storytelling\Scatterplot.svelte,107,js,d3060045,Jin G,2024-09-14,13:27:35,-04:00,2024-09-14T13:27:35-04:00,0,17
src\routes\labs\lab9_storytelling\Scatterplot.svelte,108,js,d3060045,Jin G,2024-09-14,13:27:35,-04:00,2024-09-14T13:27:35-04:00,0,12
src\routes\labs\lab9_storytelling\Scatterplot.svelte,109,js,d3060045,Jin G,2024-09-14,13:27:35,-04:00,2024-09-14T13:27:35-04:00,0,64
src\routes\labs\lab9_storytelling\Scatterplot.svelte,110,js,d3060045,Jin G,2024-09-14,13:27:35,-04:00,2024-09-14T13:27:35-04:00,0,71
src\routes\labs\lab9_storytelling\Scatterplot.svelte,111,js,d3060045,Jin G,2024-09-14,13:27:35,-04:00,2024-09-14T13:27:35-04:00,0,1
src\routes\labs\lab9_storytelling\Scatterplot.svelte,112,js,d3060045,Jin G,2024-09-14,13:27:35,-04:00,2024-09-14T13:27:35-04:00,0,2
src\routes\labs\lab9_storytelling\Scatterplot.svelte,113,js,d3060045,Jin G,2024-09-14,13:27:35,-04:00,2024-09-14T13:27:35-04:00,0,0
src\routes\labs\lab9_storytelling\Scatterplot.svelte,114,js,d3060045,Jin G,2024-09-14,13:27:35,-04:00,2024-09-14T13:27:35-04:00,0,57
src\routes\labs\lab9_storytelling\Scatterplot.svelte,115,js,d3060045,Jin G,2024-09-14,13:27:35,-04:00,2024-09-14T13:27:35-04:00,0,16
src\routes\labs\lab9_storytelling\Scatterplot.svelte,116,js,d3060045,Jin G,2024-09-14,13:27:35,-04:00,2024-09-14T13:27:35-04:00,0,57
src\routes\labs\lab9_storytelling\Scatterplot.svelte,117,js,d3060045,Jin G,2024-09-14,13:27:35,-04:00,2024-09-14T13:27:35-04:00,0,0
src\routes\labs\lab9_storytelling\Scatterplot.svelte,118,js,d3060045,Jin G,2024-09-14,13:27:35,-04:00,2024-09-14T13:27:35-04:00,0,61
src\routes\labs\lab9_storytelling\Scatterplot.svelte,119,js,d3060045,Jin G,2024-09-14,13:27:35,-04:00,2024-09-14T13:27:35-04:00,0,44
src\routes\labs\lab9_storytelling\Scatterplot.svelte,120,js,d3060045,Jin G,2024-09-14,13:27:35,-04:00,2024-09-14T13:27:35-04:00,0,42
src\routes\labs\lab9_storytelling\Scatterplot.svelte,121,js,d3060045,Jin G,2024-09-14,13:27:35,-04:00,2024-09-14T13:27:35-04:00,0,10
src\routes\labs\lab9_storytelling\Scatterplot.svelte,122,js,d3060045,Jin G,2024-09-14,13:27:35,-04:00,2024-09-14T13:27:35-04:00,0,22
src\routes\labs\lab9_storytelling\Scatterplot.svelte,123,js,d3060045,Jin G,2024-09-14,13:27:35,-04:00,2024-09-14T13:27:35-04:00,0,44
src\routes\labs\lab9_storytelling\Scatterplot.svelte,124,js,d3060045,Jin G,2024-09-14,13:27:35,-04:00,2024-09-14T13:27:35-04:00,0,2
src\routes\labs\lab9_storytelling\Scatterplot.svelte,125,js,d3060045,Jin G,2024-09-14,13:27:35,-04:00,2024-09-14T13:27:35-04:00,0,74
src\routes\labs\lab9_storytelling\Scatterplot.svelte,126,js,d3060045,Jin G,2024-09-14,13:27:35,-04:00,2024-09-14T13:27:35-04:00,0,98
src\routes\labs\lab9_storytelling\Scatterplot.svelte,127,js,d3060045,Jin G,2024-09-14,13:27:35,-04:00,2024-09-14T13:27:35-04:00,0,0
src\routes\labs\lab9_storytelling\Scatterplot.svelte,128,js,d3060045,Jin G,2024-09-14,13:27:35,-04:00,2024-09-14T13:27:35-04:00,0,0
src\routes\labs\lab9_storytelling\Scatterplot.svelte,129,js,d3060045,Jin G,2024-09-14,13:27:35,-04:00,2024-09-14T13:27:35-04:00,0,0
src\routes\labs\lab9_storytelling\Scatterplot.svelte,130,js,d3060045,Jin G,2024-09-14,13:27:35,-04:00,2024-09-14T13:27:35-04:00,0,31
src\routes\labs\lab9_storytelling\Scatterplot.svelte,131,js,d3060045,Jin G,2024-09-14,13:27:35,-04:00,2024-09-14T13:27:35-04:00,0,7
src\routes\labs\lab9_storytelling\Scatterplot.svelte,132,js,d3060045,Jin G,2024-09-14,13:27:35,-04:00,2024-09-14T13:27:35-04:00,0,0
src\routes\labs\lab9_storytelling\Scatterplot.svelte,133,js,d3060045,Jin G,2024-09-14,13:27:35,-04:00,2024-09-14T13:27:35-04:00,0,3
src\routes\labs\lab9_storytelling\Scatterplot.svelte,134,js,d3060045,Jin G,2024-09-14,13:27:35,-04:00,2024-09-14T13:27:35-04:00,0,62
src\routes\labs\lab9_storytelling\Scatterplot.svelte,135,js,d3060045,Jin G,2024-09-14,13:27:35,-04:00,2024-09-14T13:27:35-04:00,0,0
src\routes\labs\lab9_storytelling\Scatterplot.svelte,136,js,d3060045,Jin G,2024-09-14,13:27:35,-04:00,2024-09-14T13:27:35-04:00,0,58
src\routes\labs\lab9_storytelling\Scatterplot.svelte,137,js,d3060045,Jin G,2024-09-14,13:27:35,-04:00,2024-09-14T13:27:35-04:00,0,55
src\routes\labs\lab9_storytelling\Scatterplot.svelte,138,js,d3060045,Jin G,2024-09-14,13:27:35,-04:00,2024-09-14T13:27:35-04:00,0,0
src\routes\labs\lab9_storytelling\Scatterplot.svelte,139,js,d3060045,Jin G,2024-09-14,13:27:35,-04:00,2024-09-14T13:27:35-04:00,0,0
src\routes\labs\lab9_storytelling\Scatterplot.svelte,140,js,d3060045,Jin G,2024-09-14,13:27:35,-04:00,2024-09-14T13:27:35-04:00,0,22
src\routes\labs\lab9_storytelling\Scatterplot.svelte,141,js,d3060045,Jin G,2024-09-14,13:27:35,-04:00,2024-09-14T13:27:35-04:00,0,34
src\routes\labs\lab9_storytelling\Scatterplot.svelte,142,js,d3060045,Jin G,2024-09-14,13:27:35,-04:00,2024-09-14T13:27:35-04:00,0,32
src\routes\labs\lab9_storytelling\Scatterplot.svelte,143,js,d3060045,Jin G,2024-09-14,13:27:35,-04:00,2024-09-14T13:27:35-04:00,0,3
src\routes\labs\lab9_storytelling\Scatterplot.svelte,144,js,d3060045,Jin G,2024-09-14,13:27:35,-04:00,2024-09-14T13:27:35-04:00,0,29
src\routes\labs\lab9_storytelling\Scatterplot.svelte,145,js,d3060045,Jin G,2024-09-14,13:27:35,-04:00,2024-09-14T13:27:35-04:00,0,62
src\routes\labs\lab9_storytelling\Scatterplot.svelte,146,js,d3060045,Jin G,2024-09-14,13:27:35,-04:00,2024-09-14T13:27:35-04:00,0,62
src\routes\labs\lab9_storytelling\Scatterplot.svelte,147,js,d3060045,Jin G,2024-09-14,13:27:35,-04:00,2024-09-14T13:27:35-04:00,0,27
src\routes\labs\lab9_storytelling\Scatterplot.svelte,148,js,d3060045,Jin G,2024-09-14,13:27:35,-04:00,2024-09-14T13:27:35-04:00,0,31
src\routes\labs\lab9_storytelling\Scatterplot.svelte,149,js,d3060045,Jin G,2024-09-14,13:27:35,-04:00,2024-09-14T13:27:35-04:00,0,0
src\routes\labs\lab9_storytelling\Scatterplot.svelte,150,js,d3060045,Jin G,2024-09-14,13:27:35,-04:00,2024-09-14T13:27:35-04:00,0,59
src\routes\labs\lab9_storytelling\Scatterplot.svelte,151,js,d3060045,Jin G,2024-09-14,13:27:35,-04:00,2024-09-14T13:27:35-04:00,0,2
src\routes\labs\lab9_storytelling\Scatterplot.svelte,152,js,d3060045,Jin G,2024-09-14,13:27:35,-04:00,2024-09-14T13:27:35-04:00,0,0
src\routes\labs\lab9_storytelling\Scatterplot.svelte,153,js,d3060045,Jin G,2024-09-14,13:27:35,-04:00,2024-09-14T13:27:35-04:00,0,0
src\routes\labs\lab9_storytelling\Scatterplot.svelte,154,js,d3060045,Jin G,2024-09-14,13:27:35,-04:00,2024-09-14T13:27:35-04:00,0,46
src\routes\labs\lab9_storytelling\Scatterplot.svelte,155,js,d3060045,Jin G,2024-09-14,13:27:35,-04:00,2024-09-14T13:27:35-04:00,0,27
src\routes\labs\lab9_storytelling\Scatterplot.svelte,156,js,d3060045,Jin G,2024-09-14,13:27:35,-04:00,2024-09-14T13:27:35-04:00,0,44
src\routes\labs\lab9_storytelling\Scatterplot.svelte,157,js,d3060045,Jin G,2024-09-14,13:27:35,-04:00,2024-09-14T13:27:35-04:00,0,58
src\routes\labs\lab9_storytelling\Scatterplot.svelte,158,js,d3060045,Jin G,2024-09-14,13:27:35,-04:00,2024-09-14T13:27:35-04:00,0,46
src\routes\labs\lab9_storytelling\Scatterplot.svelte,159,js,d3060045,Jin G,2024-09-14,13:27:35,-04:00,2024-09-14T13:27:35-04:00,0,69
src\routes\labs\lab9_storytelling\Scatterplot.svelte,160,js,d3060045,Jin G,2024-09-14,13:27:35,-04:00,2024-09-14T13:27:35-04:00,0,66
src\routes\labs\lab9_storytelling\Scatterplot.svelte,161,js,d3060045,Jin G,2024-09-14,13:27:35,-04:00,2024-09-14T13:27:35-04:00,0,0
src\routes\labs\lab9_storytelling\Scatterplot.svelte,162,js,d3060045,Jin G,2024-09-14,13:27:35,-04:00,2024-09-14T13:27:35-04:00,0,53
src\routes\labs\lab9_storytelling\Scatterplot.svelte,163,js,d3060045,Jin G,2024-09-14,13:27:35,-04:00,2024-09-14T13:27:35-04:00,0,0
src\routes\labs\lab9_storytelling\Scatterplot.svelte,164,js,d3060045,Jin G,2024-09-14,13:27:35,-04:00,2024-09-14T13:27:35-04:00,0,0
src\routes\labs\lab9_storytelling\Scatterplot.svelte,165,svelte,d3060045,Jin G,2024-09-14,13:27:35,-04:00,2024-09-14T13:27:35-04:00,0,8
src\routes\labs\lab9_storytelling\Scatterplot.svelte,166,svelte,d3060045,Jin G,2024-09-14,13:27:35,-04:00,2024-09-14T13:27:35-04:00,0,0
src\routes\labs\lab9_storytelling\Scatterplot.svelte,167,svelte,d3060045,Jin G,2024-09-14,13:27:35,-04:00,2024-09-14T13:27:35-04:00,0,51
src\routes\labs\lab9_storytelling\Scatterplot.svelte,168,svelte,d3060045,Jin G,2024-09-14,13:27:35,-04:00,2024-09-14T13:27:35-04:00,0,70
src\routes\labs\lab9_storytelling\Scatterplot.svelte,169,svelte,d3060045,Jin G,2024-09-14,13:27:35,-04:00,2024-09-14T13:27:35-04:00,0,68
src\routes\labs\lab9_storytelling\Scatterplot.svelte,170,svelte,d3060045,Jin G,2024-09-14,13:27:35,-04:00,2024-09-14T13:27:35-04:00,0,0
src\routes\labs\lab9_storytelling\Scatterplot.svelte,171,svelte,d3060045,Jin G,2024-09-14,13:27:35,-04:00,2024-09-14T13:27:35-04:00,0,45
src\routes\labs\lab9_storytelling\Scatterplot.svelte,172,svelte,d3060045,Jin G,2024-09-14,13:27:35,-04:00,2024-09-14T13:27:35-04:00,0,0
src\routes\labs\lab9_storytelling\Scatterplot.svelte,173,svelte,d3060045,Jin G,2024-09-14,13:27:35,-04:00,2024-09-14T13:27:35-04:00,0,15
src\routes\labs\lab9_storytelling\Scatterplot.svelte,174,svelte,d3060045,Jin G,2024-09-14,13:27:35,-04:00,2024-09-14T13:27:35-04:00,0,55
src\routes\labs\lab9_storytelling\Scatterplot.svelte,175,svelte,d3060045,Jin G,2024-09-14,13:27:35,-04:00,2024-09-14T13:27:35-04:00,0,43
src\routes\labs\lab9_storytelling\Scatterplot.svelte,176,svelte,d3060045,Jin G,2024-09-14,13:27:35,-04:00,2024-09-14T13:27:35-04:00,0,6
src\routes\labs\lab9_storytelling\Scatterplot.svelte,177,svelte,d3060045,Jin G,2024-09-14,13:27:35,-04:00,2024-09-14T13:27:35-04:00,0,27
src\routes\labs\lab9_storytelling\Scatterplot.svelte,178,svelte,d3060045,Jin G,2024-09-14,13:27:35,-04:00,2024-09-14T13:27:35-04:00,0,27
src\routes\labs\lab9_storytelling\Scatterplot.svelte,179,svelte,d3060045,Jin G,2024-09-14,13:27:35,-04:00,2024-09-14T13:27:35-04:00,0,28
src\routes\labs\lab9_storytelling\Scatterplot.svelte,180,svelte,d3060045,Jin G,2024-09-14,13:27:35,-04:00,2024-09-14T13:27:35-04:00,0,15
src\routes\labs\lab9_storytelling\Scatterplot.svelte,181,svelte,d3060045,Jin G,2024-09-14,13:27:35,-04:00,2024-09-14T13:27:35-04:00,0,46
src\routes\labs\lab9_storytelling\Scatterplot.svelte,182,svelte,d3060045,Jin G,2024-09-14,13:27:35,-04:00,2024-09-14T13:27:35-04:00,0,50
src\routes\labs\lab9_storytelling\Scatterplot.svelte,183,svelte,d3060045,Jin G,2024-09-14,13:27:35,-04:00,2024-09-14T13:27:35-04:00,0,50
src\routes\labs\lab9_storytelling\Scatterplot.svelte,184,svelte,d3060045,Jin G,2024-09-14,13:27:35,-04:00,2024-09-14T13:27:35-04:00,0,40
src\routes\labs\lab9_storytelling\Scatterplot.svelte,185,svelte,d3060045,Jin G,2024-09-14,13:27:35,-04:00,2024-09-14T13:27:35-04:00,0,22
src\routes\labs\lab9_storytelling\Scatterplot.svelte,186,svelte,d3060045,Jin G,2024-09-14,13:27:35,-04:00,2024-09-14T13:27:35-04:00,0,17
src\routes\labs\lab9_storytelling\Scatterplot.svelte,187,svelte,d3060045,Jin G,2024-09-14,13:27:35,-04:00,2024-09-14T13:27:35-04:00,0,16
src\routes\labs\lab9_storytelling\Scatterplot.svelte,188,svelte,d3060045,Jin G,2024-09-14,13:27:35,-04:00,2024-09-14T13:27:35-04:00,0,11
src\routes\labs\lab9_storytelling\Scatterplot.svelte,189,svelte,d3060045,Jin G,2024-09-14,13:27:35,-04:00,2024-09-14T13:27:35-04:00,0,32
src\routes\labs\lab9_storytelling\Scatterplot.svelte,190,svelte,d3060045,Jin G,2024-09-14,13:27:35,-04:00,2024-09-14T13:27:35-04:00,0,13
src\routes\labs\lab9_storytelling\Scatterplot.svelte,191,svelte,d3060045,Jin G,2024-09-14,13:27:35,-04:00,2024-09-14T13:27:35-04:00,0,19
src\routes\labs\lab9_storytelling\Scatterplot.svelte,192,svelte,d3060045,Jin G,2024-09-14,13:27:35,-04:00,2024-09-14T13:27:35-04:00,0,45
src\routes\labs\lab9_storytelling\Scatterplot.svelte,193,svelte,d3060045,Jin G,2024-09-14,13:27:35,-04:00,2024-09-14T13:27:35-04:00,0,44
src\routes\labs\lab9_storytelling\Scatterplot.svelte,194,svelte,d3060045,Jin G,2024-09-14,13:27:35,-04:00,2024-09-14T13:27:35-04:00,0,45
src\routes\labs\lab9_storytelling\Scatterplot.svelte,195,svelte,d3060045,Jin G,2024-09-14,13:27:35,-04:00,2024-09-14T13:27:35-04:00,0,45
src\routes\labs\lab9_storytelling\Scatterplot.svelte,196,svelte,d3060045,Jin G,2024-09-14,13:27:35,-04:00,2024-09-14T13:27:35-04:00,0,1
src\routes\labs\lab9_storytelling\Scatterplot.svelte,197,svelte,d3060045,Jin G,2024-09-14,13:27:35,-04:00,2024-09-14T13:27:35-04:00,0,6
src\routes\labs\lab9_storytelling\Scatterplot.svelte,198,svelte,d3060045,Jin G,2024-09-14,13:27:35,-04:00,2024-09-14T13:27:35-04:00,0,3
src\routes\labs\lab9_storytelling\Scatterplot.svelte,199,svelte,d3060045,Jin G,2024-09-14,13:27:35,-04:00,2024-09-14T13:27:35-04:00,0,1
src\routes\labs\lab9_storytelling\Scatterplot.svelte,200,svelte,d3060045,Jin G,2024-09-14,13:27:35,-04:00,2024-09-14T13:27:35-04:00,0,16
src\routes\labs\lab9_storytelling\Scatterplot.svelte,201,svelte,d3060045,Jin G,2024-09-14,13:27:35,-04:00,2024-09-14T13:27:35-04:00,0,42
src\routes\labs\lab9_storytelling\Scatterplot.svelte,202,svelte,d3060045,Jin G,2024-09-14,13:27:35,-04:00,2024-09-14T13:27:35-04:00,0,25
src\routes\labs\lab9_storytelling\Scatterplot.svelte,203,svelte,d3060045,Jin G,2024-09-14,13:27:35,-04:00,2024-09-14T13:27:35-04:00,0,1
src\routes\labs\lab9_storytelling\Scatterplot.svelte,204,svelte,d3060045,Jin G,2024-09-14,13:27:35,-04:00,2024-09-14T13:27:35-04:00,0,5
src\routes\labs\lab9_storytelling\Scatterplot.svelte,205,svelte,d3060045,Jin G,2024-09-14,13:27:35,-04:00,2024-09-14T13:27:35-04:00,0,0
src\routes\labs\lab9_storytelling\Scatterplot.svelte,206,svelte,d3060045,Jin G,2024-09-14,13:27:35,-04:00,2024-09-14T13:27:35-04:00,0,44
src\routes\labs\lab9_storytelling\Scatterplot.svelte,207,svelte,d3060045,Jin G,2024-09-14,13:27:35,-04:00,2024-09-14T13:27:35-04:00,0,69
src\routes\labs\lab9_storytelling\Scatterplot.svelte,208,svelte,d3060045,Jin G,2024-09-14,13:27:35,-04:00,2024-09-14T13:27:35-04:00,0,0
src\routes\labs\lab9_storytelling\Scatterplot.svelte,209,svelte,d3060045,Jin G,2024-09-14,13:27:35,-04:00,2024-09-14T13:27:35-04:00,0,2
src\routes\labs\lab9_storytelling\Scatterplot.svelte,210,svelte,d3060045,Jin G,2024-09-14,13:27:35,-04:00,2024-09-14T13:27:35-04:00,0,11
src\routes\labs\lab9_storytelling\Scatterplot.svelte,211,svelte,d3060045,Jin G,2024-09-14,13:27:35,-04:00,2024-09-14T13:27:35-04:00,0,27
src\routes\labs\lab9_storytelling\Scatterplot.svelte,212,svelte,d3060045,Jin G,2024-09-14,13:27:35,-04:00,2024-09-14T13:27:35-04:00,0,24
src\routes\labs\lab9_storytelling\Scatterplot.svelte,213,svelte,d3060045,Jin G,2024-09-14,13:27:35,-04:00,2024-09-14T13:27:35-04:00,0,63
src\routes\labs\lab9_storytelling\Scatterplot.svelte,214,svelte,d3060045,Jin G,2024-09-14,13:27:35,-04:00,2024-09-14T13:27:35-04:00,0,0
src\routes\labs\lab9_storytelling\Scatterplot.svelte,215,svelte,d3060045,Jin G,2024-09-14,13:27:35,-04:00,2024-09-14T13:27:35-04:00,0,39
src\routes\labs\lab9_storytelling\Scatterplot.svelte,216,svelte,d3060045,Jin G,2024-09-14,13:27:35,-04:00,2024-09-14T13:27:35-04:00,0,14
src\routes\labs\lab9_storytelling\Scatterplot.svelte,217,svelte,d3060045,Jin G,2024-09-14,13:27:35,-04:00,2024-09-14T13:27:35-04:00,0,74
src\routes\labs\lab9_storytelling\Scatterplot.svelte,218,svelte,d3060045,Jin G,2024-09-14,13:27:35,-04:00,2024-09-14T13:27:35-04:00,0,0
src\routes\labs\lab9_storytelling\Scatterplot.svelte,219,svelte,d3060045,Jin G,2024-09-14,13:27:35,-04:00,2024-09-14T13:27:35-04:00,0,12
src\routes\labs\lab9_storytelling\Scatterplot.svelte,220,svelte,d3060045,Jin G,2024-09-14,13:27:35,-04:00,2024-09-14T13:27:35-04:00,0,3
src\routes\labs\lab9_storytelling\Scatterplot.svelte,221,svelte,d3060045,Jin G,2024-09-14,13:27:35,-04:00,2024-09-14T13:27:35-04:00,0,68
src\routes\labs\lab9_storytelling\Scatterplot.svelte,222,svelte,d3060045,Jin G,2024-09-14,13:27:35,-04:00,2024-09-14T13:27:35-04:00,0,4
src\routes\labs\lab9_storytelling\Scatterplot.svelte,223,svelte,d3060045,Jin G,2024-09-14,13:27:35,-04:00,2024-09-14T13:27:35-04:00,0,0
src\routes\labs\lab9_storytelling\Scatterplot.svelte,224,svelte,d3060045,Jin G,2024-09-14,13:27:35,-04:00,2024-09-14T13:27:35-04:00,0,39
src\routes\labs\lab9_storytelling\Scatterplot.svelte,225,svelte,d3060045,Jin G,2024-09-14,13:27:35,-04:00,2024-09-14T13:27:35-04:00,0,12
src\routes\labs\lab9_storytelling\Scatterplot.svelte,226,svelte,d3060045,Jin G,2024-09-14,13:27:35,-04:00,2024-09-14T13:27:35-04:00,0,3
src\routes\labs\lab9_storytelling\Scatterplot.svelte,227,svelte,d3060045,Jin G,2024-09-14,13:27:35,-04:00,2024-09-14T13:27:35-04:00,0,69
src\routes\labs\lab9_storytelling\Scatterplot.svelte,228,svelte,d3060045,Jin G,2024-09-14,13:27:35,-04:00,2024-09-14T13:27:35-04:00,0,4
src\routes\labs\lab9_storytelling\Scatterplot.svelte,229,svelte,d3060045,Jin G,2024-09-14,13:27:35,-04:00,2024-09-14T13:27:35-04:00,0,0
src\routes\labs\lab9_storytelling\Scatterplot.svelte,230,svelte,d3060045,Jin G,2024-09-14,13:27:35,-04:00,2024-09-14T13:27:35-04:00,0,14
src\routes\labs\lab9_storytelling\Scatterplot.svelte,231,svelte,d3060045,Jin G,2024-09-14,13:27:35,-04:00,2024-09-14T13:27:35-04:00,0,30
src\routes\labs\lab9_storytelling\Scatterplot.svelte,232,svelte,d3060045,Jin G,2024-09-14,13:27:35,-04:00,2024-09-14T13:27:35-04:00,0,0
src\routes\labs\lab9_storytelling\Scatterplot.svelte,233,svelte,d3060045,Jin G,2024-09-14,13:27:35,-04:00,2024-09-14T13:27:35-04:00,0,20
src\routes\labs\lab9_storytelling\Scatterplot.svelte,234,svelte,d3060045,Jin G,2024-09-14,13:27:35,-04:00,2024-09-14T13:27:35-04:00,0,34
src\routes\labs\lab9_storytelling\Scatterplot.svelte,235,svelte,d3060045,Jin G,2024-09-14,13:27:35,-04:00,2024-09-14T13:27:35-04:00,0,4
src\routes\labs\lab9_storytelling\Scatterplot.svelte,236,svelte,d3060045,Jin G,2024-09-14,13:27:35,-04:00,2024-09-14T13:27:35-04:00,0,0
src\routes\labs\lab9_storytelling\Scatterplot.svelte,237,svelte,d3060045,Jin G,2024-09-14,13:27:35,-04:00,2024-09-14T13:27:35-04:00,0,6
src\routes\labs\lab9_storytelling\Scatterplot.svelte,238,css,d3060045,Jin G,2024-09-14,13:27:35,-04:00,2024-09-14T13:27:35-04:00,0,3
src\routes\labs\lab9_storytelling\Scatterplot.svelte,239,css,d3060045,Jin G,2024-09-14,13:27:35,-04:00,2024-09-14T13:27:35-04:00,0,15
src\routes\labs\lab9_storytelling\Scatterplot.svelte,240,css,d3060045,Jin G,2024-09-14,13:27:35,-04:00,2024-09-14T13:27:35-04:00,0,11
src\routes\labs\lab9_storytelling\Scatterplot.svelte,241,css,d3060045,Jin G,2024-09-14,13:27:35,-04:00,2024-09-14T13:27:35-04:00,0,17
src\routes\labs\lab9_storytelling\Scatterplot.svelte,242,css,d3060045,Jin G,2024-09-14,13:27:35,-04:00,2024-09-14T13:27:35-04:00,0,55
src\routes\labs\lab9_storytelling\Scatterplot.svelte,243,css,d3060045,Jin G,2024-09-14,13:27:35,-04:00,2024-09-14T13:27:35-04:00,0,0
src\routes\labs\lab9_storytelling\Scatterplot.svelte,244,css,d3060045,Jin G,2024-09-14,13:27:35,-04:00,2024-09-14T13:27:35-04:00,0,0
src\routes\labs\lab9_storytelling\Scatterplot.svelte,245,css,d3060045,Jin G,2024-09-14,13:27:35,-04:00,2024-09-14T13:27:35-04:00,0,3
src\routes\labs\lab9_storytelling\Scatterplot.svelte,246,css,d3060045,Jin G,2024-09-14,13:27:35,-04:00,2024-09-14T13:27:35-04:00,0,15
src\routes\labs\lab9_storytelling\Scatterplot.svelte,247,css,d3060045,Jin G,2024-09-14,13:27:35,-04:00,2024-09-14T13:27:35-04:00,0,11
src\routes\labs\lab9_storytelling\Scatterplot.svelte,248,css,d3060045,Jin G,2024-09-14,13:27:35,-04:00,2024-09-14T13:27:35-04:00,0,37
src\routes\labs\lab9_storytelling\Scatterplot.svelte,249,css,d3060045,Jin G,2024-09-14,13:27:35,-04:00,2024-09-14T13:27:35-04:00,0,0
src\routes\labs\lab9_storytelling\Scatterplot.svelte,250,css,d3060045,Jin G,2024-09-14,13:27:35,-04:00,2024-09-14T13:27:35-04:00,0,0
src\routes\labs\lab9_storytelling\Scatterplot.svelte,251,css,d3060045,Jin G,2024-09-14,13:27:35,-04:00,2024-09-14T13:27:35-04:00,0,4
src\routes\labs\lab9_storytelling\Scatterplot.svelte,252,css,d3060045,Jin G,2024-09-14,13:27:35,-04:00,2024-09-14T13:27:35-04:00,0,17
src\routes\labs\lab9_storytelling\Scatterplot.svelte,253,css,d3060045,Jin G,2024-09-14,13:27:35,-04:00,2024-09-14T13:27:35-04:00,0,0
src\routes\labs\lab9_storytelling\Scatterplot.svelte,254,css,d3060045,Jin G,2024-09-14,13:27:35,-04:00,2024-09-14T13:27:35-04:00,0,0
src\routes\labs\lab9_storytelling\Scatterplot.svelte,255,css,d3060045,Jin G,2024-09-14,13:27:35,-04:00,2024-09-14T13:27:35-04:00,0,11
src\routes\labs\lab9_storytelling\Scatterplot.svelte,256,css,d3060045,Jin G,2024-09-14,13:27:35,-04:00,2024-09-14T13:27:35-04:00,0,19
src\routes\labs\lab9_storytelling\Scatterplot.svelte,257,css,d3060045,Jin G,2024-09-14,13:27:35,-04:00,2024-09-14T13:27:35-04:00,0,0
src\routes\labs\lab9_storytelling\Scatterplot.svelte,258,css,d3060045,Jin G,2024-09-14,13:27:35,-04:00,2024-09-14T13:27:35-04:00,0,0
src\routes\labs\lab9_storytelling\Scatterplot.svelte,259,css,d3060045,Jin G,2024-09-14,13:27:35,-04:00,2024-09-14T13:27:35-04:00,0,8
src\routes\labs\lab9_storytelling\Scatterplot.svelte,260,css,d3060045,Jin G,2024-09-14,13:27:35,-04:00,2024-09-14T13:27:35-04:00,0,18
src\routes\labs\lab9_storytelling\Scatterplot.svelte,261,css,d3060045,Jin G,2024-09-14,13:27:35,-04:00,2024-09-14T13:27:35-04:00,0,17
src\routes\labs\lab9_storytelling\Scatterplot.svelte,262,css,d3060045,Jin G,2024-09-14,13:27:35,-04:00,2024-09-14T13:27:35-04:00,0,13
src\routes\labs\lab9_storytelling\Scatterplot.svelte,263,css,d3060045,Jin G,2024-09-14,13:27:35,-04:00,2024-09-14T13:27:35-04:00,0,18
src\routes\labs\lab9_storytelling\Scatterplot.svelte,264,css,d3060045,Jin G,2024-09-14,13:27:35,-04:00,2024-09-14T13:27:35-04:00,0,41
src\routes\labs\lab9_storytelling\Scatterplot.svelte,265,css,d3060045,Jin G,2024-09-14,13:27:35,-04:00,2024-09-14T13:27:35-04:00,0,55
src\routes\labs\lab9_storytelling\Scatterplot.svelte,266,css,d3060045,Jin G,2024-09-14,13:27:35,-04:00,2024-09-14T13:27:35-04:00,0,0
src\routes\labs\lab9_storytelling\Scatterplot.svelte,267,css,d3060045,Jin G,2024-09-14,13:27:35,-04:00,2024-09-14T13:27:35-04:00,0,26
src\routes\labs\lab9_storytelling\Scatterplot.svelte,268,css,d3060045,Jin G,2024-09-14,13:27:35,-04:00,2024-09-14T13:27:35-04:00,0,40
src\routes\labs\lab9_storytelling\Scatterplot.svelte,269,css,d3060045,Jin G,2024-09-14,13:27:35,-04:00,2024-09-14T13:27:35-04:00,0,0
src\routes\labs\lab9_storytelling\Scatterplot.svelte,270,css,d3060045,Jin G,2024-09-14,13:27:35,-04:00,2024-09-14T13:27:35-04:00,0,37
src\routes\labs\lab9_storytelling\Scatterplot.svelte,271,css,d3060045,Jin G,2024-09-14,13:27:35,-04:00,2024-09-14T13:27:35-04:00,0,10
src\routes\labs\lab9_storytelling\Scatterplot.svelte,272,css,d3060045,Jin G,2024-09-14,13:27:35,-04:00,2024-09-14T13:27:35-04:00,0,18
src\routes\labs\lab9_storytelling\Scatterplot.svelte,273,css,d3060045,Jin G,2024-09-14,13:27:35,-04:00,2024-09-14T13:27:35-04:00,0,0
src\routes\labs\lab9_storytelling\Scatterplot.svelte,274,css,d3060045,Jin G,2024-09-14,13:27:35,-04:00,2024-09-14T13:27:35-04:00,0,0
src\routes\labs\lab9_storytelling\Scatterplot.svelte,275,css,d3060045,Jin G,2024-09-14,13:27:35,-04:00,2024-09-14T13:27:35-04:00,0,0
src\routes\labs\lab9_storytelling\Scatterplot.svelte,276,css,d3060045,Jin G,2024-09-14,13:27:35,-04:00,2024-09-14T13:27:35-04:00,0,7
src\routes\labs\lab9_storytelling\Scatterplot.svelte,277,css,d3060045,Jin G,2024-09-14,13:27:35,-04:00,2024-09-14T13:27:35-04:00,0,24
src\routes\labs\lab9_storytelling\Scatterplot.svelte,278,css,d3060045,Jin G,2024-09-14,13:27:35,-04:00,2024-09-14T13:27:35-04:00,0,23
src\routes\labs\lab9_storytelling\Scatterplot.svelte,279,css,d3060045,Jin G,2024-09-14,13:27:35,-04:00,2024-09-14T13:27:35-04:00,0,32
src\routes\labs\lab9_storytelling\Scatterplot.svelte,280,css,d3060045,Jin G,2024-09-14,13:27:35,-04:00,2024-09-14T13:27:35-04:00,0,0
src\routes\labs\lab9_storytelling\Scatterplot.svelte,281,css,d3060045,Jin G,2024-09-14,13:27:35,-04:00,2024-09-14T13:27:35-04:00,0,16
src\routes\labs\lab9_storytelling\Scatterplot.svelte,282,css,d3060045,Jin G,2024-09-14,13:27:35,-04:00,2024-09-14T13:27:35-04:00,0,4
src\routes\labs\lab9_storytelling\Scatterplot.svelte,283,css,d3060045,Jin G,2024-09-14,13:27:35,-04:00,2024-09-14T13:27:35-04:00,0,0
src\routes\labs\lab9_storytelling\Scatterplot.svelte,284,css,d3060045,Jin G,2024-09-14,13:27:35,-04:00,2024-09-14T13:27:35-04:00,0,0
src\routes\labs\lab9_storytelling\Scatterplot.svelte,285,css,d3060045,Jin G,2024-09-14,13:27:35,-04:00,2024-09-14T13:27:35-04:00,0,0
src\routes\labs\lab9_storytelling\Scatterplot.svelte,286,css,d3060045,Jin G,2024-09-14,13:27:35,-04:00,2024-09-14T13:27:35-04:00,0,13
src\routes\labs\lab9_storytelling\Scatterplot.svelte,287,css,d3060045,Jin G,2024-09-14,13:27:35,-04:00,2024-09-14T13:27:35-04:00,0,48
src\routes\labs\lab9_storytelling\Scatterplot.svelte,288,css,d3060045,Jin G,2024-09-14,13:27:35,-04:00,2024-09-14T13:27:35-04:00,0,52
src\routes\labs\lab9_storytelling\Scatterplot.svelte,289,css,d3060045,Jin G,2024-09-14,13:27:35,-04:00,2024-09-14T13:27:35-04:00,0,0
src\routes\labs\lab9_storytelling\Scatterplot.svelte,290,css,d3060045,Jin G,2024-09-14,13:27:35,-04:00,2024-09-14T13:27:35-04:00,0,0
src\routes\labs\lab9_storytelling\Scatterplot.svelte,291,css,d3060045,Jin G,2024-09-14,13:27:35,-04:00,2024-09-14T13:27:35-04:00,0,16
src\routes\labs\lab9_storytelling\Scatterplot.svelte,292,css,d3060045,Jin G,2024-09-14,13:27:35,-04:00,2024-09-14T13:27:35-04:00,0,72
src\routes\labs\lab9_storytelling\Scatterplot.svelte,293,css,d3060045,Jin G,2024-09-14,13:27:35,-04:00,2024-09-14T13:27:35-04:00,0,66
src\routes\labs\lab9_storytelling\Scatterplot.svelte,294,css,d3060045,Jin G,2024-09-14,13:27:35,-04:00,2024-09-14T13:27:35-04:00,0,28
src\routes\labs\lab9_storytelling\Scatterplot.svelte,295,css,d3060045,Jin G,2024-09-14,13:27:35,-04:00,2024-09-14T13:27:35-04:00,0,0
src\routes\labs\lab9_storytelling\Scatterplot.svelte,296,css,d3060045,Jin G,2024-09-14,13:27:35,-04:00,2024-09-14T13:27:35-04:00,0,0
src\routes\labs\lab9_storytelling\Scatterplot.svelte,297,css,d3060045,Jin G,2024-09-14,13:27:35,-04:00,2024-09-14T13:27:35-04:00,0,25
src\routes\labs\lab9_storytelling\Scatterplot.svelte,298,css,d3060045,Jin G,2024-09-14,13:27:35,-04:00,2024-09-14T13:27:35-04:00,0,3
src\routes\labs\lab9_storytelling\Scatterplot.svelte,299,css,d3060045,Jin G,2024-09-14,13:27:35,-04:00,2024-09-14T13:27:35-04:00,0,33
src\routes\labs\lab9_storytelling\Scatterplot.svelte,300,css,d3060045,Jin G,2024-09-14,13:27:35,-04:00,2024-09-14T13:27:35-04:00,0,0
src\routes\labs\lab9_storytelling\Scatterplot.svelte,301,css,d3060045,Jin G,2024-09-14,13:27:35,-04:00,2024-09-14T13:27:35-04:00,0,0
src\routes\labs\lab9_storytelling\Scatterplot.svelte,302,css,d3060045,Jin G,2024-09-14,13:27:35,-04:00,2024-09-14T13:27:35-04:00,0,0
src\routes\labs\lab9_storytelling\Scatterplot.svelte,303,css,d3060045,Jin G,2024-09-14,13:27:35,-04:00,2024-09-14T13:27:35-04:00,0,24
src\routes\labs\lab9_storytelling\Scatterplot.svelte,304,css,d3060045,Jin G,2024-09-14,13:27:35,-04:00,2024-09-14T13:27:35-04:00,0,17
src\routes\labs\lab9_storytelling\Scatterplot.svelte,305,css,d3060045,Jin G,2024-09-14,13:27:35,-04:00,2024-09-14T13:27:35-04:00,0,13
src\routes\labs\lab9_storytelling\Scatterplot.svelte,306,css,d3060045,Jin G,2024-09-14,13:27:35,-04:00,2024-09-14T13:27:35-04:00,0,19
src\routes\labs\lab9_storytelling\Scatterplot.svelte,307,css,d3060045,Jin G,2024-09-14,13:27:35,-04:00,2024-09-14T13:27:35-04:00,0,21
src\routes\labs\lab9_storytelling\Scatterplot.svelte,308,css,d3060045,Jin G,2024-09-14,13:27:35,-04:00,2024-09-14T13:27:35-04:00,0,43
src\routes\labs\lab9_storytelling\Scatterplot.svelte,309,css,d3060045,Jin G,2024-09-14,13:27:35,-04:00,2024-09-14T13:27:35-04:00,0,0
src\routes\labs\lab9_storytelling\Scatterplot.svelte,310,svelte,d3060045,Jin G,2024-09-14,13:27:35,-04:00,2024-09-14T13:27:35-04:00,0,7
src\routes\labs\lab9_storytelling\FileLines.svelte,1,svelte,1d0c3396,Jin G,2024-09-14,13:49:29,-04:00,2024-09-14T13:49:29-04:00,0,7
src\routes\labs\lab9_storytelling\FileLines.svelte,2,js,9d554aca,Jin G,2024-09-18,14:58:26,-04:00,2024-09-18T14:58:26-04:00,0,33
src\routes\labs\lab9_storytelling\FileLines.svelte,3,js,1d0c3396,Jin G,2024-09-14,13:49:29,-04:00,2024-09-14T13:49:29-04:00,0,24
src\routes\labs\lab9_storytelling\FileLines.svelte,4,js,1687680c,Jin G,2024-09-14,14:03:05,-04:00,2024-09-14T14:03:05-04:00,0,38
src\routes\labs\lab9_storytelling\FileLines.svelte,5,js,1687680c,Jin G,2024-09-14,14:03:05,-04:00,2024-09-14T14:03:05-04:00,0,0
src\routes\labs\lab9_storytelling\FileLines.svelte,6,js,08851bbd,Jin G,2024-09-14,14:45:31,-04:00,2024-09-14T14:45:31-04:00,0,53
src\routes\labs\lab9_storytelling\FileLines.svelte,7,js,08851bbd,Jin G,2024-09-14,14:45:31,-04:00,2024-09-14T14:45:31-04:00,0,0
src\routes\labs\lab9_storytelling\FileLines.svelte,8,js,08851bbd,Jin G,2024-09-14,14:45:31,-04:00,2024-09-14T14:45:31-04:00,0,0
src\routes\labs\lab9_storytelling\FileLines.svelte,9,js,1d0c3396,Jin G,2024-09-14,13:49:29,-04:00,2024-09-14T13:49:29-04:00,0,14
src\routes\labs\lab9_storytelling\FileLines.svelte,10,js,1d0c3396,Jin G,2024-09-14,13:49:29,-04:00,2024-09-14T13:49:29-04:00,0,21
src\routes\labs\lab9_storytelling\FileLines.svelte,11,js,1d0c3396,Jin G,2024-09-14,13:49:29,-04:00,2024-09-14T13:49:29-04:00,0,3
src\routes\labs\lab9_storytelling\FileLines.svelte,12,js,1d0c3396,Jin G,2024-09-14,13:49:29,-04:00,2024-09-14T13:49:29-04:00,0,9
src\routes\labs\lab9_storytelling\FileLines.svelte,13,js,1d0c3396,Jin G,2024-09-14,13:49:29,-04:00,2024-09-14T13:49:29-04:00,0,28
src\routes\labs\lab9_storytelling\FileLines.svelte,14,js,1d0c3396,Jin G,2024-09-14,13:49:29,-04:00,2024-09-14T13:49:29-04:00,0,24
src\routes\labs\lab9_storytelling\FileLines.svelte,15,js,1d0c3396,Jin G,2024-09-14,13:49:29,-04:00,2024-09-14T13:49:29-04:00,0,22
src\routes\labs\lab9_storytelling\FileLines.svelte,16,js,1d0c3396,Jin G,2024-09-14,13:49:29,-04:00,2024-09-14T13:49:29-04:00,0,2
src\routes\labs\lab9_storytelling\FileLines.svelte,17,js,1d0c3396,Jin G,2024-09-14,13:49:29,-04:00,2024-09-14T13:49:29-04:00,0,0
src\routes\labs\lab9_storytelling\FileLines.svelte,18,js,f145f680,Jin G,2024-09-14,14:40:14,-04:00,2024-09-14T14:40:14-04:00,0,0
src\routes\labs\lab9_storytelling\FileLines.svelte,19,js,f145f680,Jin G,2024-09-14,14:40:14,-04:00,2024-09-14T14:40:14-04:00,0,55
src\routes\labs\lab9_storytelling\FileLines.svelte,20,js,d0544786,Jin G,2024-09-14,13:59:55,-04:00,2024-09-14T13:59:55-04:00,0,44
src\routes\labs\lab9_storytelling\FileLines.svelte,21,js,d0544786,Jin G,2024-09-14,13:59:55,-04:00,2024-09-14T13:59:55-04:00,0,44
src\routes\labs\lab9_storytelling\FileLines.svelte,22,js,d0544786,Jin G,2024-09-14,13:59:55,-04:00,2024-09-14T13:59:55-04:00,0,0
src\routes\labs\lab9_storytelling\FileLines.svelte,23,js,08851bbd,Jin G,2024-09-14,14:45:31,-04:00,2024-09-14T14:45:31-04:00,0,20
src\routes\labs\lab9_storytelling\FileLines.svelte,24,js,08851bbd,Jin G,2024-09-14,14:45:31,-04:00,2024-09-14T14:45:31-04:00,1,19
src\routes\labs\lab9_storytelling\FileLines.svelte,25,js,08851bbd,Jin G,2024-09-14,14:45:31,-04:00,2024-09-14T14:45:31-04:00,0,0
src\routes\labs\lab9_storytelling\FileLines.svelte,26,js,08851bbd,Jin G,2024-09-14,14:45:31,-04:00,2024-09-14T14:45:31-04:00,0,24
src\routes\labs\lab9_storytelling\FileLines.svelte,27,js,d0544786,Jin G,2024-09-14,13:59:55,-04:00,2024-09-14T13:59:55-04:00,0,0
src\routes\labs\lab9_storytelling\FileLines.svelte,28,svelte,1d0c3396,Jin G,2024-09-14,13:49:29,-04:00,2024-09-14T13:49:29-04:00,0,8
src\routes\labs\lab9_storytelling\FileLines.svelte,29,svelte,1d0c3396,Jin G,2024-09-14,13:49:29,-04:00,2024-09-14T13:49:29-04:00,0,0
src\routes\labs\lab9_storytelling\FileLines.svelte,30,svelte,1d0c3396,Jin G,2024-09-14,13:49:29,-04:00,2024-09-14T13:49:29-04:00,0,17
src\routes\labs\lab9_storytelling\FileLines.svelte,31,svelte,1d0c3396,Jin G,2024-09-14,13:49:29,-04:00,2024-09-14T13:49:29-04:00,0,32
src\routes\labs\lab9_storytelling\FileLines.svelte,32,svelte,08851bbd,Jin G,2024-09-14,14:45:31,-04:00,2024-09-14T14:45:31-04:00,0,46
src\routes\labs\lab9_storytelling\FileLines.svelte,33,svelte,1d0c3396,Jin G,2024-09-14,13:49:29,-04:00,2024-09-14T13:49:29-04:00,0,3
src\routes\labs\lab9_storytelling\FileLines.svelte,34,svelte,1d0c3396,Jin G,2024-09-14,13:49:29,-04:00,2024-09-14T13:49:29-04:00,0,23
src\routes\labs\lab9_storytelling\FileLines.svelte,35,svelte,1d0c3396,Jin G,2024-09-14,13:49:29,-04:00,2024-09-14T13:49:29-04:00,0,4
src\routes\labs\lab9_storytelling\FileLines.svelte,36,svelte,d0544786,Jin G,2024-09-14,13:59:55,-04:00,2024-09-14T13:59:55-04:00,0,3
src\routes\labs\lab9_storytelling\FileLines.svelte,37,svelte,d0544786,Jin G,2024-09-14,13:59:55,-04:00,2024-09-14T13:59:55-04:00,0,38
src\routes\labs\lab9_storytelling\FileLines.svelte,38,svelte,1687680c,Jin G,2024-09-14,14:03:05,-04:00,2024-09-14T14:03:05-04:00,0,99
src\routes\labs\lab9_storytelling\FileLines.svelte,39,svelte,d0544786,Jin G,2024-09-14,13:59:55,-04:00,2024-09-14T13:59:55-04:00,0,6
src\routes\labs\lab9_storytelling\FileLines.svelte,40,svelte,d0544786,Jin G,2024-09-14,13:59:55,-04:00,2024-09-14T13:59:55-04:00,0,4
src\routes\labs\lab9_storytelling\FileLines.svelte,41,svelte,1d0c3396,Jin G,2024-09-14,13:49:29,-04:00,2024-09-14T13:49:29-04:00,0,5
src\routes\labs\lab9_storytelling\FileLines.svelte,42,svelte,1d0c3396,Jin G,2024-09-14,13:49:29,-04:00,2024-09-14T13:49:29-04:00,0,6
src\routes\labs\lab9_storytelling\FileLines.svelte,43,svelte,1d0c3396,Jin G,2024-09-14,13:49:29,-04:00,2024-09-14T13:49:29-04:00,0,4
src\routes\labs\lab9_storytelling\FileLines.svelte,44,svelte,1d0c3396,Jin G,2024-09-14,13:49:29,-04:00,2024-09-14T13:49:29-04:00,0,0
src\routes\labs\lab9_storytelling\FileLines.svelte,45,svelte,1d0c3396,Jin G,2024-09-14,13:49:29,-04:00,2024-09-14T13:49:29-04:00,0,6
src\routes\labs\lab9_storytelling\FileLines.svelte,46,css,1d0c3396,Jin G,2024-09-14,13:49:29,-04:00,2024-09-14T13:49:29-04:00,0,36
src\routes\labs\lab9_storytelling\FileLines.svelte,47,css,1d0c3396,Jin G,2024-09-14,13:49:29,-04:00,2024-09-14T13:49:29-04:00,0,7
src\routes\labs\lab9_storytelling\FileLines.svelte,48,css,1d0c3396,Jin G,2024-09-14,13:49:29,-04:00,2024-09-14T13:49:29-04:00,0,13
src\routes\labs\lab9_storytelling\FileLines.svelte,49,css,1d0c3396,Jin G,2024-09-14,13:49:29,-04:00,2024-09-14T13:49:29-04:00,0,30
src\routes\labs\lab9_storytelling\FileLines.svelte,50,css,1d0c3396,Jin G,2024-09-14,13:49:29,-04:00,2024-09-14T13:49:29-04:00,0,14
src\routes\labs\lab9_storytelling\FileLines.svelte,51,css,1d0c3396,Jin G,2024-09-14,13:49:29,-04:00,2024-09-14T13:49:29-04:00,0,0
src\routes\labs\lab9_storytelling\FileLines.svelte,52,css,1d0c3396,Jin G,2024-09-14,13:49:29,-04:00,2024-09-14T13:49:29-04:00,0,0
src\routes\labs\lab9_storytelling\FileLines.svelte,53,css,1d0c3396,Jin G,2024-09-14,13:49:29,-04:00,2024-09-14T13:49:29-04:00,0,64
src\routes\labs\lab9_storytelling\FileLines.svelte,54,css,1d0c3396,Jin G,2024-09-14,13:49:29,-04:00,2024-09-14T13:49:29-04:00,0,13
src\routes\labs\lab9_storytelling\FileLines.svelte,55,css,1d0c3396,Jin G,2024-09-14,13:49:29,-04:00,2024-09-14T13:49:29-04:00,0,19
src\routes\labs\lab9_storytelling\FileLines.svelte,56,css,1d0c3396,Jin G,2024-09-14,13:49:29,-04:00,2024-09-14T13:49:29-04:00,0,13
src\routes\labs\lab9_storytelling\FileLines.svelte,57,css,1d0c3396,Jin G,2024-09-14,13:49:29,-04:00,2024-09-14T13:49:29-04:00,0,30
src\routes\labs\lab9_storytelling\FileLines.svelte,58,css,08851bbd,Jin G,2024-09-14,14:45:31,-04:00,2024-09-14T14:45:31-04:00,0,32
src\routes\labs\lab9_storytelling\FileLines.svelte,59,css,08851bbd,Jin G,2024-09-14,14:45:31,-04:00,2024-09-14T14:45:31-04:00,1,46
src\routes\labs\lab9_storytelling\FileLines.svelte,60,css,1d0c3396,Jin G,2024-09-14,13:49:29,-04:00,2024-09-14T13:49:29-04:00,0,0
src\routes\labs\lab9_storytelling\FileLines.svelte,61,css,1d0c3396,Jin G,2024-09-14,13:49:29,-04:00,2024-09-14T13:49:29-04:00,0,0
src\routes\labs\lab9_storytelling\FileLines.svelte,62,css,1d0c3396,Jin G,2024-09-14,13:49:29,-04:00,2024-09-14T13:49:29-04:00,0,42
src\routes\labs\lab9_storytelling\FileLines.svelte,63,css,1d0c3396,Jin G,2024-09-14,13:49:29,-04:00,2024-09-14T13:49:29-04:00,0,3
src\routes\labs\lab9_storytelling\FileLines.svelte,64,css,1d0c3396,Jin G,2024-09-14,13:49:29,-04:00,2024-09-14T13:49:29-04:00,0,14
src\routes\labs\lab9_storytelling\FileLines.svelte,65,css,1d0c3396,Jin G,2024-09-14,13:49:29,-04:00,2024-09-14T13:49:29-04:00,0,17
src\routes\labs\lab9_storytelling\FileLines.svelte,66,css,1d0c3396,Jin G,2024-09-14,13:49:29,-04:00,2024-09-14T13:49:29-04:00,0,0
src\routes\labs\lab9_storytelling\FileLines.svelte,67,css,1d0c3396,Jin G,2024-09-14,13:49:29,-04:00,2024-09-14T13:49:29-04:00,0,0
src\routes\labs\lab9_storytelling\FileLines.svelte,68,css,1d0c3396,Jin G,2024-09-14,13:49:29,-04:00,2024-09-14T13:49:29-04:00,0,43
src\routes\labs\lab9_storytelling\FileLines.svelte,69,css,1d0c3396,Jin G,2024-09-14,13:49:29,-04:00,2024-09-14T13:49:29-04:00,0,3
src\routes\labs\lab9_storytelling\FileLines.svelte,70,css,1d0c3396,Jin G,2024-09-14,13:49:29,-04:00,2024-09-14T13:49:29-04:00,0,14
src\routes\labs\lab9_storytelling\FileLines.svelte,71,css,1d0c3396,Jin G,2024-09-14,13:49:29,-04:00,2024-09-14T13:49:29-04:00,0,0
src\routes\labs\lab9_storytelling\FileLines.svelte,72,css,1d0c3396,Jin G,2024-09-14,13:49:29,-04:00,2024-09-14T13:49:29-04:00,0,0
src\routes\labs\lab9_storytelling\FileLines.svelte,73,css,1d0c3396,Jin G,2024-09-14,13:49:29,-04:00,2024-09-14T13:49:29-04:00,0,80
src\routes\labs\lab9_storytelling\FileLines.svelte,74,css,1d0c3396,Jin G,2024-09-14,13:49:29,-04:00,2024-09-14T13:49:29-04:00,0,7
src\routes\labs\lab9_storytelling\FileLines.svelte,75,css,1d0c3396,Jin G,2024-09-14,13:49:29,-04:00,2024-09-14T13:49:29-04:00,0,14
src\routes\labs\lab9_storytelling\FileLines.svelte,76,css,1d0c3396,Jin G,2024-09-14,13:49:29,-04:00,2024-09-14T13:49:29-04:00,0,0
src\routes\labs\lab9_storytelling\FileLines.svelte,77,css,d0544786,Jin G,2024-09-14,13:59:55,-04:00,2024-09-14T13:59:55-04:00,0,6
src\routes\labs\lab9_storytelling\FileLines.svelte,78,css,d0544786,Jin G,2024-09-14,13:59:55,-04:00,2024-09-14T13:59:55-04:00,1,13
src\routes\labs\lab9_storytelling\FileLines.svelte,79,css,d0544786,Jin G,2024-09-14,13:59:55,-04:00,2024-09-14T13:59:55-04:00,1,11
src\routes\labs\lab9_storytelling\FileLines.svelte,80,css,1687680c,Jin G,2024-09-14,14:03:05,-04:00,2024-09-14T14:03:05-04:00,0,12
src\routes\labs\lab9_storytelling\FileLines.svelte,81,css,d0544786,Jin G,2024-09-14,13:59:55,-04:00,2024-09-14T13:59:55-04:00,1,15
src\routes\labs\lab9_storytelling\FileLines.svelte,82,css,d0544786,Jin G,2024-09-14,13:59:55,-04:00,2024-09-14T13:59:55-04:00,1,25
src\routes\labs\lab9_storytelling\FileLines.svelte,83,css,d0544786,Jin G,2024-09-14,13:59:55,-04:00,2024-09-14T13:59:55-04:00,1,18
src\routes\labs\lab9_storytelling\FileLines.svelte,84,css,1687680c,Jin G,2024-09-14,14:03:05,-04:00,2024-09-14T14:03:05-04:00,0,64
src\routes\labs\lab9_storytelling\FileLines.svelte,85,css,d0544786,Jin G,2024-09-14,13:59:55,-04:00,2024-09-14T13:59:55-04:00,0,0
src\routes\labs\lab9_storytelling\FileLines.svelte,86,css,d0544786,Jin G,2024-09-14,13:59:55,-04:00,2024-09-14T13:59:55-04:00,0,0
src\routes\labs\lab9_storytelling\FileLines.svelte,87,css,d0544786,Jin G,2024-09-14,13:59:55,-04:00,2024-09-14T13:59:55-04:00,0,3
src\routes\labs\lab9_storytelling\FileLines.svelte,88,css,d0544786,Jin G,2024-09-14,13:59:55,-04:00,2024-09-14T13:59:55-04:00,1,14
src\routes\labs\lab9_storytelling\FileLines.svelte,89,css,d0544786,Jin G,2024-09-14,13:59:55,-04:00,2024-09-14T13:59:55-04:00,1,13
src\routes\labs\lab9_storytelling\FileLines.svelte,90,css,d0544786,Jin G,2024-09-14,13:59:55,-04:00,2024-09-14T13:59:55-04:00,1,15
src\routes\labs\lab9_storytelling\FileLines.svelte,91,css,d0544786,Jin G,2024-09-14,13:59:55,-04:00,2024-09-14T13:59:55-04:00,1,18
src\routes\labs\lab9_storytelling\FileLines.svelte,92,css,d0544786,Jin G,2024-09-14,13:59:55,-04:00,2024-09-14T13:59:55-04:00,1,20
src\routes\labs\lab9_storytelling\FileLines.svelte,93,css,d0544786,Jin G,2024-09-14,13:59:55,-04:00,2024-09-14T13:59:55-04:00,1,10
src\routes\labs\lab9_storytelling\FileLines.svelte,94,css,d0544786,Jin G,2024-09-14,13:59:55,-04:00,2024-09-14T13:59:55-04:00,1,17
src\routes\labs\lab9_storytelling\FileLines.svelte,95,css,d0544786,Jin G,2024-09-14,13:59:55,-04:00,2024-09-14T13:59:55-04:00,1,14
src\routes\labs\lab9_storytelling\FileLines.svelte,96,css,d0544786,Jin G,2024-09-14,13:59:55,-04:00,2024-09-14T13:59:55-04:00,0,0
src\routes\labs\lab9_storytelling\FileLines.svelte,97,css,d0544786,Jin G,2024-09-14,13:59:55,-04:00,2024-09-14T13:59:55-04:00,0,0
src\routes\labs\lab9_storytelling\FileLines.svelte,98,svelte,1d0c3396,Jin G,2024-09-14,13:49:29,-04:00,2024-09-14T13:49:29-04:00,0,7
src\routes\labs\lab9_storytelling\+page.svelte,1,svelte,19707f87,Jin G,2024-09-14,09:32:59,-04:00,2024-09-14T09:32:59-04:00,0,7
src\routes\labs\lab9_storytelling\+page.svelte,2,js,9d554aca,Jin G,2024-09-18,14:58:26,-04:00,2024-09-18T14:58:26-04:00,0,33
src\routes\labs\lab9_storytelling\+page.svelte,3,js,19707f87,Jin G,2024-09-14,09:32:59,-04:00,2024-09-14T09:32:59-04:00,0,24
src\routes\labs\lab9_storytelling\+page.svelte,4,js,19707f87,Jin G,2024-09-14,09:32:59,-04:00,2024-09-14T09:32:59-04:00,0,32
src\routes\labs\lab9_storytelling\+page.svelte,5,js,19707f87,Jin G,2024-09-14,09:32:59,-04:00,2024-09-14T09:32:59-04:00,0,73
src\routes\labs\lab9_storytelling\+page.svelte,6,js,19707f87,Jin G,2024-09-14,09:32:59,-04:00,2024-09-14T09:32:59-04:00,0,33
src\routes\labs\lab9_storytelling\+page.svelte,7,js,19707f87,Jin G,2024-09-14,09:32:59,-04:00,2024-09-14T09:32:59-04:00,0,0
src\routes\labs\lab9_storytelling\+page.svelte,8,js,d3060045,Jin G,2024-09-14,13:27:35,-04:00,2024-09-14T13:27:35-04:00,0,52
src\routes\labs\lab9_storytelling\+page.svelte,9,js,1d0c3396,Jin G,2024-09-14,13:49:29,-04:00,2024-09-14T13:49:29-04:00,0,42
src\routes\labs\lab9_storytelling\+page.svelte,10,js,d3060045,Jin G,2024-09-14,13:27:35,-04:00,2024-09-14T13:27:35-04:00,0,0
src\routes\labs\lab9_storytelling\+page.svelte,11,js,9ecffe8d,Jin G,2024-09-14,17:14:21,-04:00,2024-09-14T17:14:21-04:00,0,36
src\routes\labs\lab9_storytelling\+page.svelte,12,js,9ecffe8d,Jin G,2024-09-14,17:14:21,-04:00,2024-09-14T17:14:21-04:00,0,0
src\routes\labs\lab9_storytelling\+page.svelte,13,js,19707f87,Jin G,2024-09-14,09:32:59,-04:00,2024-09-14T09:32:59-04:00,0,13
src\routes\labs\lab9_storytelling\+page.svelte,14,js,19707f87,Jin G,2024-09-14,09:32:59,-04:00,2024-09-14T09:32:59-04:00,0,16
src\routes\labs\lab9_storytelling\+page.svelte,15,js,19707f87,Jin G,2024-09-14,09:32:59,-04:00,2024-09-14T09:32:59-04:00,0,14
src\routes\labs\lab9_storytelling\+page.svelte,16,js,19707f87,Jin G,2024-09-14,09:32:59,-04:00,2024-09-14T09:32:59-04:00,0,0
src\routes\labs\lab9_storytelling\+page.svelte,17,js,19707f87,Jin G,2024-09-14,09:32:59,-04:00,2024-09-14T09:32:59-04:00,0,21
src\routes\labs\lab9_storytelling\+page.svelte,18,js,19707f87,Jin G,2024-09-14,09:32:59,-04:00,2024-09-14T09:32:59-04:00,0,18
src\routes\labs\lab9_storytelling\+page.svelte,19,js,19707f87,Jin G,2024-09-14,09:32:59,-04:00,2024-09-14T09:32:59-04:00,0,0
src\routes\labs\lab9_storytelling\+page.svelte,20,js,d3060045,Jin G,2024-09-14,13:27:35,-04:00,2024-09-14T13:27:35-04:00,0,26
src\routes\labs\lab9_storytelling\+page.svelte,21,js,d3060045,Jin G,2024-09-14,13:27:35,-04:00,2024-09-14T13:27:35-04:00,0,16
src\routes\labs\lab9_storytelling\+page.svelte,22,js,d3060045,Jin G,2024-09-14,13:27:35,-04:00,2024-09-14T13:27:35-04:00,0,22
src\routes\labs\lab9_storytelling\+page.svelte,23,js,d3060045,Jin G,2024-09-14,13:27:35,-04:00,2024-09-14T13:27:35-04:00,0,22
src\routes\labs\lab9_storytelling\+page.svelte,24,js,d3060045,Jin G,2024-09-14,13:27:35,-04:00,2024-09-14T13:27:35-04:00,0,24
src\routes\labs\lab9_storytelling\+page.svelte,25,js,d3060045,Jin G,2024-09-14,13:27:35,-04:00,2024-09-14T13:27:35-04:00,0,0
src\routes\labs\lab9_storytelling\+page.svelte,26,js,1d0c3396,Jin G,2024-09-14,13:49:29,-04:00,2024-09-14T13:49:29-04:00,0,0
src\routes\labs\lab9_storytelling\+page.svelte,27,js,19707f87,Jin G,2024-09-14,09:32:59,-04:00,2024-09-14T09:32:59-04:00,0,38
src\routes\labs\lab9_storytelling\+page.svelte,28,js,19707f87,Jin G,2024-09-14,09:32:59,-04:00,2024-09-14T09:32:59-04:00,0,28
src\routes\labs\lab9_storytelling\+page.svelte,29,js,19707f87,Jin G,2024-09-14,09:32:59,-04:00,2024-09-14T09:32:59-04:00,0,4
src\routes\labs\lab9_storytelling\+page.svelte,30,js,19707f87,Jin G,2024-09-14,09:32:59,-04:00,2024-09-14T09:32:59-04:00,0,15
src\routes\labs\lab9_storytelling\+page.svelte,31,js,19707f87,Jin G,2024-09-14,09:32:59,-04:00,2024-09-14T09:32:59-04:00,0,61
src\routes\labs\lab9_storytelling\+page.svelte,32,js,19707f87,Jin G,2024-09-14,09:32:59,-04:00,2024-09-14T09:32:59-04:00,0,1
src\routes\labs\lab9_storytelling\+page.svelte,33,js,19707f87,Jin G,2024-09-14,09:32:59,-04:00,2024-09-14T09:32:59-04:00,0,0
src\routes\labs\lab9_storytelling\+page.svelte,34,js,19707f87,Jin G,2024-09-14,09:32:59,-04:00,2024-09-14T09:32:59-04:00,0,36
src\routes\labs\lab9_storytelling\+page.svelte,35,js,19707f87,Jin G,2024-09-14,09:32:59,-04:00,2024-09-14T09:32:59-04:00,0,67
src\routes\labs\lab9_storytelling\+page.svelte,36,js,19707f87,Jin G,2024-09-14,09:32:59,-04:00,2024-09-14T09:32:59-04:00,0,0
src\routes\labs\lab9_storytelling\+page.svelte,37,js,d3060045,Jin G,2024-09-14,13:27:35,-04:00,2024-09-14T13:27:35-04:00,0,58
src\routes\labs\lab9_storytelling\+page.svelte,38,js,19707f87,Jin G,2024-09-14,09:32:59,-04:00,2024-09-14T09:32:59-04:00,0,0
src\routes\labs\lab9_storytelling\+page.svelte,39,js,8114b222,Jin G,2024-09-14,11:25:18,-04:00,2024-09-14T11:25:18-04:00,0,24
src\routes\labs\lab9_storytelling\+page.svelte,40,js,a1b2f22d,Jin G,2024-09-14,17:30:24,-04:00,2024-09-14T17:30:24-04:00,0,22
src\routes\labs\lab9_storytelling\+page.svelte,41,js,a1b2f22d,Jin G,2024-09-14,17:30:24,-04:00,2024-09-14T17:30:24-04:00,0,0
src\routes\labs\lab9_storytelling\+page.svelte,42,js,8114b222,Jin G,2024-09-14,11:25:18,-04:00,2024-09-14T11:25:18-04:00,0,13
src\routes\labs\lab9_storytelling\+page.svelte,43,js,8114b222,Jin G,2024-09-14,11:25:18,-04:00,2024-09-14T11:25:18-04:00,0,17
src\routes\labs\lab9_storytelling\+page.svelte,44,js,eca18dcf,Jin G,2024-09-14,17:50:51,-04:00,2024-09-14T17:50:51-04:00,0,15
src\routes\labs\lab9_storytelling\+page.svelte,45,js,d3060045,Jin G,2024-09-14,13:27:35,-04:00,2024-09-14T13:27:35-04:00,0,37
src\routes\labs\lab9_storytelling\+page.svelte,46,js,19707f87,Jin G,2024-09-14,09:32:59,-04:00,2024-09-14T09:32:59-04:00,0,0
src\routes\labs\lab9_storytelling\+page.svelte,47,js,eca18dcf,Jin G,2024-09-14,17:50:51,-04:00,2024-09-14T17:50:51-04:00,0,28
src\routes\labs\lab9_storytelling\+page.svelte,48,js,eca18dcf,Jin G,2024-09-14,17:50:51,-04:00,2024-09-14T17:50:51-04:00,0,40
src\routes\labs\lab9_storytelling\+page.svelte,49,js,eca18dcf,Jin G,2024-09-14,17:50:51,-04:00,2024-09-14T17:50:51-04:00,0,16
src\routes\labs\lab9_storytelling\+page.svelte,50,js,eca18dcf,Jin G,2024-09-14,17:50:51,-04:00,2024-09-14T17:50:51-04:00,0,0
src\routes\labs\lab9_storytelling\+page.svelte,51,js,eca18dcf,Jin G,2024-09-14,17:50:51,-04:00,2024-09-14T17:50:51-04:00,0,51
src\routes\labs\lab9_storytelling\+page.svelte,52,js,eca18dcf,Jin G,2024-09-14,17:50:51,-04:00,2024-09-14T17:50:51-04:00,0,47
src\routes\labs\lab9_storytelling\+page.svelte,53,js,a1b2f22d,Jin G,2024-09-14,17:30:24,-04:00,2024-09-14T17:30:24-04:00,0,0
src\routes\labs\lab9_storytelling\+page.svelte,54,js,9ecffe8d,Jin G,2024-09-14,17:14:21,-04:00,2024-09-14T17:14:21-04:00,0,0
src\routes\labs\lab9_storytelling\+page.svelte,55,js,f145f680,Jin G,2024-09-14,14:40:14,-04:00,2024-09-14T14:40:14-04:00,0,48
src\routes\labs\lab9_storytelling\+page.svelte,56,js,f145f680,Jin G,2024-09-14,14:40:14,-04:00,2024-09-14T14:40:14-04:00,0,0
src\routes\labs\lab9_storytelling\+page.svelte,57,js,19707f87,Jin G,2024-09-14,09:32:59,-04:00,2024-09-14T09:32:59-04:00,0,20
src\routes\labs\lab9_storytelling\+page.svelte,58,js,e23a9043,Jin G,2024-09-16,00:27:49,-04:00,2024-09-16T00:27:49-04:00,0,42
src\routes\labs\lab9_storytelling\+page.svelte,59,js,19707f87,Jin G,2024-09-14,09:32:59,-04:00,2024-09-14T09:32:59-04:00,0,6
src\routes\labs\lab9_storytelling\+page.svelte,60,js,19707f87,Jin G,2024-09-14,09:32:59,-04:00,2024-09-14T09:32:59-04:00,0,15
src\routes\labs\lab9_storytelling\+page.svelte,61,js,19707f87,Jin G,2024-09-14,09:32:59,-04:00,2024-09-14T09:32:59-04:00,0,17
src\routes\labs\lab9_storytelling\+page.svelte,62,js,19707f87,Jin G,2024-09-14,09:32:59,-04:00,2024-09-14T09:32:59-04:00,0,19
src\routes\labs\lab9_storytelling\+page.svelte,63,js,19707f87,Jin G,2024-09-14,09:32:59,-04:00,2024-09-14T09:32:59-04:00,0,50
src\routes\labs\lab9_storytelling\+page.svelte,64,js,19707f87,Jin G,2024-09-14,09:32:59,-04:00,2024-09-14T09:32:59-04:00,0,32
src\routes\labs\lab9_storytelling\+page.svelte,65,js,19707f87,Jin G,2024-09-14,09:32:59,-04:00,2024-09-14T09:32:59-04:00,0,3
src\routes\labs\lab9_storytelling\+page.svelte,66,js,19707f87,Jin G,2024-09-14,09:32:59,-04:00,2024-09-14T09:32:59-04:00,0,0
src\routes\labs\lab9_storytelling\+page.svelte,67,js,19707f87,Jin G,2024-09-14,09:32:59,-04:00,2024-09-14T09:32:59-04:00,0,27
src\routes\labs\lab9_storytelling\+page.svelte,68,js,19707f87,Jin G,2024-09-14,09:32:59,-04:00,2024-09-14T09:32:59-04:00,0,8
src\routes\labs\lab9_storytelling\+page.svelte,69,js,19707f87,Jin G,2024-09-14,09:32:59,-04:00,2024-09-14T09:32:59-04:00,0,50
src\routes\labs\lab9_storytelling\+page.svelte,70,js,19707f87,Jin G,2024-09-14,09:32:59,-04:00,2024-09-14T09:32:59-04:00,0,49
src\routes\labs\lab9_storytelling\+page.svelte,71,js,19707f87,Jin G,2024-09-14,09:32:59,-04:00,2024-09-14T09:32:59-04:00,0,21
src\routes\labs\lab9_storytelling\+page.svelte,72,js,19707f87,Jin G,2024-09-14,09:32:59,-04:00,2024-09-14T09:32:59-04:00,0,10
src\routes\labs\lab9_storytelling\+page.svelte,73,js,19707f87,Jin G,2024-09-14,09:32:59,-04:00,2024-09-14T09:32:59-04:00,0,4
src\routes\labs\lab9_storytelling\+page.svelte,74,js,19707f87,Jin G,2024-09-14,09:32:59,-04:00,2024-09-14T09:32:59-04:00,0,15
src\routes\labs\lab9_storytelling\+page.svelte,75,js,19707f87,Jin G,2024-09-14,09:32:59,-04:00,2024-09-14T09:32:59-04:00,0,12
src\routes\labs\lab9_storytelling\+page.svelte,76,js,19707f87,Jin G,2024-09-14,09:32:59,-04:00,2024-09-14T09:32:59-04:00,0,0
src\routes\labs\lab9_storytelling\+page.svelte,77,js,19707f87,Jin G,2024-09-14,09:32:59,-04:00,2024-09-14T09:32:59-04:00,0,1
src\routes\labs\lab9_storytelling\+page.svelte,78,js,19707f87,Jin G,2024-09-14,09:32:59,-04:00,2024-09-14T09:32:59-04:00,0,22
src\routes\labs\lab9_storytelling\+page.svelte,79,js,19707f87,Jin G,2024-09-14,09:32:59,-04:00,2024-09-14T09:32:59-04:00,0,10
src\routes\labs\lab9_storytelling\+page.svelte,80,js,19707f87,Jin G,2024-09-14,09:32:59,-04:00,2024-09-14T09:32:59-04:00,0,4
src\routes\labs\lab9_storytelling\+page.svelte,81,js,19707f87,Jin G,2024-09-14,09:32:59,-04:00,2024-09-14T09:32:59-04:00,0,15
src\routes\labs\lab9_storytelling\+page.svelte,82,js,19707f87,Jin G,2024-09-14,09:32:59,-04:00,2024-09-14T09:32:59-04:00,0,12
src\routes\labs\lab9_storytelling\+page.svelte,83,js,19707f87,Jin G,2024-09-14,09:32:59,-04:00,2024-09-14T09:32:59-04:00,0,0
src\routes\labs\lab9_storytelling\+page.svelte,84,js,19707f87,Jin G,2024-09-14,09:32:59,-04:00,2024-09-14T09:32:59-04:00,0,1
src\routes\labs\lab9_storytelling\+page.svelte,85,js,19707f87,Jin G,2024-09-14,09:32:59,-04:00,2024-09-14T09:32:59-04:00,0,42
src\routes\labs\lab9_storytelling\+page.svelte,86,js,19707f87,Jin G,2024-09-14,09:32:59,-04:00,2024-09-14T09:32:59-04:00,0,41
src\routes\labs\lab9_storytelling\+page.svelte,87,js,19707f87,Jin G,2024-09-14,09:32:59,-04:00,2024-09-14T09:32:59-04:00,0,1
src\routes\labs\lab9_storytelling\+page.svelte,88,js,19707f87,Jin G,2024-09-14,09:32:59,-04:00,2024-09-14T09:32:59-04:00,0,0
src\routes\labs\lab9_storytelling\+page.svelte,89,js,19707f87,Jin G,2024-09-14,09:32:59,-04:00,2024-09-14T09:32:59-04:00,0,67
src\routes\labs\lab9_storytelling\+page.svelte,90,js,19707f87,Jin G,2024-09-14,09:32:59,-04:00,2024-09-14T09:32:59-04:00,0,11
src\routes\labs\lab9_storytelling\+page.svelte,91,js,19707f87,Jin G,2024-09-14,09:32:59,-04:00,2024-09-14T09:32:59-04:00,0,29
src\routes\labs\lab9_storytelling\+page.svelte,92,js,19707f87,Jin G,2024-09-14,09:32:59,-04:00,2024-09-14T09:32:59-04:00,0,26
src\routes\labs\lab9_storytelling\+page.svelte,93,js,19707f87,Jin G,2024-09-14,09:32:59,-04:00,2024-09-14T09:32:59-04:00,0,20
src\routes\labs\lab9_storytelling\+page.svelte,94,js,19707f87,Jin G,2024-09-14,09:32:59,-04:00,2024-09-14T09:32:59-04:00,0,54
src\routes\labs\lab9_storytelling\+page.svelte,95,js,19707f87,Jin G,2024-09-14,09:32:59,-04:00,2024-09-14T09:32:59-04:00,0,10
src\routes\labs\lab9_storytelling\+page.svelte,96,js,19707f87,Jin G,2024-09-14,09:32:59,-04:00,2024-09-14T09:32:59-04:00,0,10
src\routes\labs\lab9_storytelling\+page.svelte,97,js,19707f87,Jin G,2024-09-14,09:32:59,-04:00,2024-09-14T09:32:59-04:00,0,64
src\routes\labs\lab9_storytelling\+page.svelte,98,js,19707f87,Jin G,2024-09-14,09:32:59,-04:00,2024-09-14T09:32:59-04:00,0,6
src\routes\labs\lab9_storytelling\+page.svelte,99,js,19707f87,Jin G,2024-09-14,09:32:59,-04:00,2024-09-14T09:32:59-04:00,0,4
src\routes\labs\lab9_storytelling\+page.svelte,100,js,19707f87,Jin G,2024-09-14,09:32:59,-04:00,2024-09-14T09:32:59-04:00,0,4
src\routes\labs\lab9_storytelling\+page.svelte,101,js,19707f87,Jin G,2024-09-14,09:32:59,-04:00,2024-09-14T09:32:59-04:00,0,8
src\routes\labs\lab9_storytelling\+page.svelte,102,js,19707f87,Jin G,2024-09-14,09:32:59,-04:00,2024-09-14T09:32:59-04:00,0,8
src\routes\labs\lab9_storytelling\+page.svelte,103,js,19707f87,Jin G,2024-09-14,09:32:59,-04:00,2024-09-14T09:32:59-04:00,0,58
src\routes\labs\lab9_storytelling\+page.svelte,104,js,19707f87,Jin G,2024-09-14,09:32:59,-04:00,2024-09-14T09:32:59-04:00,0,24
src\routes\labs\lab9_storytelling\+page.svelte,105,js,19707f87,Jin G,2024-09-14,09:32:59,-04:00,2024-09-14T09:32:59-04:00,0,1
src\routes\labs\lab9_storytelling\+page.svelte,106,js,19707f87,Jin G,2024-09-14,09:32:59,-04:00,2024-09-14T09:32:59-04:00,0,0
src\routes\labs\lab9_storytelling\+page.svelte,107,js,19707f87,Jin G,2024-09-14,09:32:59,-04:00,2024-09-14T09:32:59-04:00,0,40
src\routes\labs\lab9_storytelling\+page.svelte,108,js,19707f87,Jin G,2024-09-14,09:32:59,-04:00,2024-09-14T09:32:59-04:00,0,36
src\routes\labs\lab9_storytelling\+page.svelte,109,js,19707f87,Jin G,2024-09-14,09:32:59,-04:00,2024-09-14T09:32:59-04:00,0,12
src\routes\labs\lab9_storytelling\+page.svelte,110,js,19707f87,Jin G,2024-09-14,09:32:59,-04:00,2024-09-14T09:32:59-04:00,0,18
src\routes\labs\lab9_storytelling\+page.svelte,111,js,19707f87,Jin G,2024-09-14,09:32:59,-04:00,2024-09-14T09:32:59-04:00,0,14
src\routes\labs\lab9_storytelling\+page.svelte,112,js,19707f87,Jin G,2024-09-14,09:32:59,-04:00,2024-09-14T09:32:59-04:00,0,17
src\routes\labs\lab9_storytelling\+page.svelte,113,js,19707f87,Jin G,2024-09-14,09:32:59,-04:00,2024-09-14T09:32:59-04:00,0,2
src\routes\labs\lab9_storytelling\+page.svelte,114,js,19707f87,Jin G,2024-09-14,09:32:59,-04:00,2024-09-14T09:32:59-04:00,0,0
src\routes\labs\lab9_storytelling\+page.svelte,115,js,19707f87,Jin G,2024-09-14,09:32:59,-04:00,2024-09-14T09:32:59-04:00,0,10
src\routes\labs\lab9_storytelling\+page.svelte,116,js,19707f87,Jin G,2024-09-14,09:32:59,-04:00,2024-09-14T09:32:59-04:00,0,2
src\routes\labs\lab9_storytelling\+page.svelte,117,js,19707f87,Jin G,2024-09-14,09:32:59,-04:00,2024-09-14T09:32:59-04:00,0,0
src\routes\labs\lab9_storytelling\+page.svelte,118,js,19707f87,Jin G,2024-09-14,09:32:59,-04:00,2024-09-14T09:32:59-04:00,0,140
src\routes\labs\lab9_storytelling\+page.svelte,119,js,19707f87,Jin G,2024-09-14,09:32:59,-04:00,2024-09-14T09:32:59-04:00,0,48
src\routes\labs\lab9_storytelling\+page.svelte,120,js,19707f87,Jin G,2024-09-14,09:32:59,-04:00,2024-09-14T09:32:59-04:00,0,0
src\routes\labs\lab9_storytelling\+page.svelte,121,js,d3060045,Jin G,2024-09-14,13:27:35,-04:00,2024-09-14T13:27:35-04:00,0,52
src\routes\labs\lab9_storytelling\+page.svelte,122,js,8114b222,Jin G,2024-09-14,11:25:18,-04:00,2024-09-14T11:25:18-04:00,0,0
src\routes\labs\lab9_storytelling\+page.svelte,123,js,8114b222,Jin G,2024-09-14,11:25:18,-04:00,2024-09-14T11:25:18-04:00,0,58
src\routes\labs\lab9_storytelling\+page.svelte,124,js,8114b222,Jin G,2024-09-14,11:25:18,-04:00,2024-09-14T11:25:18-04:00,0,58
src\routes\labs\lab9_storytelling\+page.svelte,125,js,8114b222,Jin G,2024-09-14,11:25:18,-04:00,2024-09-14T11:25:18-04:00,0,53
src\routes\labs\lab9_storytelling\+page.svelte,126,js,8114b222,Jin G,2024-09-14,11:25:18,-04:00,2024-09-14T11:25:18-04:00,0,13
src\routes\labs\lab9_storytelling\+page.svelte,127,js,8114b222,Jin G,2024-09-14,11:25:18,-04:00,2024-09-14T11:25:18-04:00,0,11
src\routes\labs\lab9_storytelling\+page.svelte,128,js,8114b222,Jin G,2024-09-14,11:25:18,-04:00,2024-09-14T11:25:18-04:00,0,45
src\routes\labs\lab9_storytelling\+page.svelte,129,js,8114b222,Jin G,2024-09-14,11:25:18,-04:00,2024-09-14T11:25:18-04:00,0,16
src\routes\labs\lab9_storytelling\+page.svelte,130,js,8114b222,Jin G,2024-09-14,11:25:18,-04:00,2024-09-14T11:25:18-04:00,0,0
src\routes\labs\lab9_storytelling\+page.svelte,131,js,8114b222,Jin G,2024-09-14,11:25:18,-04:00,2024-09-14T11:25:18-04:00,0,52
src\routes\labs\lab9_storytelling\+page.svelte,132,js,8114b222,Jin G,2024-09-14,11:25:18,-04:00,2024-09-14T11:25:18-04:00,0,50
src\routes\labs\lab9_storytelling\+page.svelte,133,js,19707f87,Jin G,2024-09-14,09:32:59,-04:00,2024-09-14T09:32:59-04:00,0,2
src\routes\labs\lab9_storytelling\+page.svelte,134,js,19707f87,Jin G,2024-09-14,09:32:59,-04:00,2024-09-14T09:32:59-04:00,0,0
src\routes\labs\lab9_storytelling\+page.svelte,135,js,a1b2f22d,Jin G,2024-09-14,17:30:24,-04:00,2024-09-14T17:30:24-04:00,0,0
src\routes\labs\lab9_storytelling\+page.svelte,136,js,19707f87,Jin G,2024-09-14,09:32:59,-04:00,2024-09-14T09:32:59-04:00,0,52
src\routes\labs\lab9_storytelling\+page.svelte,137,js,19707f87,Jin G,2024-09-14,09:32:59,-04:00,2024-09-14T09:32:59-04:00,0,95
src\routes\labs\lab9_storytelling\+page.svelte,138,js,19707f87,Jin G,2024-09-14,09:32:59,-04:00,2024-09-14T09:32:59-04:00,0,0
src\routes\labs\lab9_storytelling\+page.svelte,139,js,19707f87,Jin G,2024-09-14,09:32:59,-04:00,2024-09-14T09:32:59-04:00,0,44
src\routes\labs\lab9_storytelling\+page.svelte,140,js,19707f87,Jin G,2024-09-14,09:32:59,-04:00,2024-09-14T09:32:59-04:00,0,0
src\routes\labs\lab9_storytelling\+page.svelte,141,js,19707f87,Jin G,2024-09-14,09:32:59,-04:00,2024-09-14T09:32:59-04:00,0,210
src\routes\labs\lab9_storytelling\+page.svelte,142,js,19707f87,Jin G,2024-09-14,09:32:59,-04:00,2024-09-14T09:32:59-04:00,0,33
src\routes\labs\lab9_storytelling\+page.svelte,143,js,19707f87,Jin G,2024-09-14,09:32:59,-04:00,2024-09-14T09:32:59-04:00,0,13
src\routes\labs\lab9_storytelling\+page.svelte,144,js,19707f87,Jin G,2024-09-14,09:32:59,-04:00,2024-09-14T09:32:59-04:00,0,71
src\routes\labs\lab9_storytelling\+page.svelte,145,js,19707f87,Jin G,2024-09-14,09:32:59,-04:00,2024-09-14T09:32:59-04:00,0,49
src\routes\labs\lab9_storytelling\+page.svelte,146,js,19707f87,Jin G,2024-09-14,09:32:59,-04:00,2024-09-14T09:32:59-04:00,0,1
src\routes\labs\lab9_storytelling\+page.svelte,147,js,19707f87,Jin G,2024-09-14,09:32:59,-04:00,2024-09-14T09:32:59-04:00,0,0
src\routes\labs\lab9_storytelling\+page.svelte,148,js,8114b222,Jin G,2024-09-14,11:25:18,-04:00,2024-09-14T11:25:18-04:00,0,71
src\routes\labs\lab9_storytelling\+page.svelte,149,js,8114b222,Jin G,2024-09-14,11:25:18,-04:00,2024-09-14T11:25:18-04:00,0,0
src\routes\labs\lab9_storytelling\+page.svelte,150,js,a1b2f22d,Jin G,2024-09-14,17:30:24,-04:00,2024-09-14T17:30:24-04:00,0,66
src\routes\labs\lab9_storytelling\+page.svelte,151,js,a1b2f22d,Jin G,2024-09-14,17:30:24,-04:00,2024-09-14T17:30:24-04:00,0,0
src\routes\labs\lab9_storytelling\+page.svelte,152,js,a1b2f22d,Jin G,2024-09-14,17:30:24,-04:00,2024-09-14T17:30:24-04:00,0,0
src\routes\labs\lab9_storytelling\+page.svelte,153,js,8114b222,Jin G,2024-09-14,11:25:18,-04:00,2024-09-14T11:25:18-04:00,0,18
src\routes\labs\lab9_storytelling\+page.svelte,154,js,8114b222,Jin G,2024-09-14,11:25:18,-04:00,2024-09-14T11:25:18-04:00,0,46
src\routes\labs\lab9_storytelling\+page.svelte,155,js,8114b222,Jin G,2024-09-14,11:25:18,-04:00,2024-09-14T11:25:18-04:00,0,32
src\routes\labs\lab9_storytelling\+page.svelte,156,js,8114b222,Jin G,2024-09-14,11:25:18,-04:00,2024-09-14T11:25:18-04:00,0,48
src\routes\labs\lab9_storytelling\+page.svelte,157,js,8114b222,Jin G,2024-09-14,11:25:18,-04:00,2024-09-14T11:25:18-04:00,0,44
src\routes\labs\lab9_storytelling\+page.svelte,158,js,8114b222,Jin G,2024-09-14,11:25:18,-04:00,2024-09-14T11:25:18-04:00,0,68
src\routes\labs\lab9_storytelling\+page.svelte,159,js,8114b222,Jin G,2024-09-14,11:25:18,-04:00,2024-09-14T11:25:18-04:00,0,0
src\routes\labs\lab9_storytelling\+page.svelte,160,js,aff75cb5,Jin G,2024-09-14,11:39:42,-04:00,2024-09-14T11:39:42-04:00,0,0
src\routes\labs\lab9_storytelling\+page.svelte,161,js,a1b2f22d,Jin G,2024-09-14,17:30:24,-04:00,2024-09-14T17:30:24-04:00,0,44
src\routes\labs\lab9_storytelling\+page.svelte,162,js,a1b2f22d,Jin G,2024-09-14,17:30:24,-04:00,2024-09-14T17:30:24-04:00,0,91
src\routes\labs\lab9_storytelling\+page.svelte,163,js,a1b2f22d,Jin G,2024-09-14,17:30:24,-04:00,2024-09-14T17:30:24-04:00,0,0
src\routes\labs\lab9_storytelling\+page.svelte,164,js,eca18dcf,Jin G,2024-09-14,17:50:51,-04:00,2024-09-14T17:50:51-04:00,0,63
src\routes\labs\lab9_storytelling\+page.svelte,165,svelte,19707f87,Jin G,2024-09-14,09:32:59,-04:00,2024-09-14T09:32:59-04:00,0,8
src\routes\labs\lab9_storytelling\+page.svelte,166,svelte,19707f87,Jin G,2024-09-14,09:32:59,-04:00,2024-09-14T09:32:59-04:00,0,0
src\routes\labs\lab9_storytelling\+page.svelte,167,svelte,9ecffe8d,Jin G,2024-09-14,17:14:21,-04:00,2024-09-14T17:14:21-04:00,0,12
src\routes\labs\lab9_storytelling\+page.svelte,168,svelte,9ecffe8d,Jin G,2024-09-14,17:14:21,-04:00,2024-09-14T17:14:21-04:00,0,18
src\routes\labs\lab9_storytelling\+page.svelte,169,svelte,9ecffe8d,Jin G,2024-09-14,17:14:21,-04:00,2024-09-14T17:14:21-04:00,0,13
src\routes\labs\lab9_storytelling\+page.svelte,170,svelte,9ecffe8d,Jin G,2024-09-14,17:14:21,-04:00,2024-09-14T17:14:21-04:00,0,0
src\routes\labs\lab9_storytelling\+page.svelte,171,svelte,19707f87,Jin G,2024-09-14,09:32:59,-04:00,2024-09-14T09:32:59-04:00,0,12
src\routes\labs\lab9_storytelling\+page.svelte,172,svelte,1d0c3396,Jin G,2024-09-14,13:49:29,-04:00,2024-09-14T13:49:29-04:00,0,0
src\routes\labs\lab9_storytelling\+page.svelte,173,svelte,eca18dcf,Jin G,2024-09-14,17:50:51,-04:00,2024-09-14T17:50:51-04:00,0,17
src\routes\labs\lab9_storytelling\+page.svelte,174,svelte,eca18dcf,Jin G,2024-09-14,17:50:51,-04:00,2024-09-14T17:50:51-04:00,0,15
src\routes\labs\lab9_storytelling\+page.svelte,175,svelte,eca18dcf,Jin G,2024-09-14,17:50:51,-04:00,2024-09-14T17:50:51-04:00,0,24
src\routes\labs\lab9_storytelling\+page.svelte,176,svelte,eca18dcf,Jin G,2024-09-14,17:50:51,-04:00,2024-09-14T17:50:51-04:00,0,13
src\routes\labs\lab9_storytelling\+page.svelte,177,svelte,eca18dcf,Jin G,2024-09-14,17:50:51,-04:00,2024-09-14T17:50:51-04:00,0,26
src\routes\labs\lab9_storytelling\+page.svelte,178,svelte,eca18dcf,Jin G,2024-09-14,17:50:51,-04:00,2024-09-14T17:50:51-04:00,0,17
src\routes\labs\lab9_storytelling\+page.svelte,179,svelte,eca18dcf,Jin G,2024-09-14,17:50:51,-04:00,2024-09-14T17:50:51-04:00,0,24
src\routes\labs\lab9_storytelling\+page.svelte,180,svelte,eca18dcf,Jin G,2024-09-14,17:50:51,-04:00,2024-09-14T17:50:51-04:00,0,23
src\routes\labs\lab9_storytelling\+page.svelte,181,svelte,eca18dcf,Jin G,2024-09-14,17:50:51,-04:00,2024-09-14T17:50:51-04:00,0,29
src\routes\labs\lab9_storytelling\+page.svelte,182,svelte,eca18dcf,Jin G,2024-09-14,17:50:51,-04:00,2024-09-14T17:50:51-04:00,0,20
src\routes\labs\lab9_storytelling\+page.svelte,183,svelte,eca18dcf,Jin G,2024-09-14,17:50:51,-04:00,2024-09-14T17:50:51-04:00,0,27
src\routes\labs\lab9_storytelling\+page.svelte,184,svelte,eca18dcf,Jin G,2024-09-14,17:50:51,-04:00,2024-09-14T17:50:51-04:00,0,20
src\routes\labs\lab9_storytelling\+page.svelte,185,svelte,eca18dcf,Jin G,2024-09-14,17:50:51,-04:00,2024-09-14T17:50:51-04:00,0,27
src\routes\labs\lab9_storytelling\+page.svelte,186,svelte,eca18dcf,Jin G,2024-09-14,17:50:51,-04:00,2024-09-14T17:50:51-04:00,0,26
src\routes\labs\lab9_storytelling\+page.svelte,187,svelte,eca18dcf,Jin G,2024-09-14,17:50:51,-04:00,2024-09-14T17:50:51-04:00,0,19
src\routes\labs\lab9_storytelling\+page.svelte,188,svelte,eca18dcf,Jin G,2024-09-14,17:50:51,-04:00,2024-09-14T17:50:51-04:00,0,4
src\routes\labs\lab9_storytelling\+page.svelte,189,svelte,9ecffe8d,Jin G,2024-09-14,17:14:21,-04:00,2024-09-14T17:14:21-04:00,0,0
src\routes\labs\lab9_storytelling\+page.svelte,190,svelte,9ecffe8d,Jin G,2024-09-14,17:14:21,-04:00,2024-09-14T17:14:21-04:00,0,0
src\routes\labs\lab9_storytelling\+page.svelte,191,svelte,eca18dcf,Jin G,2024-09-14,17:50:51,-04:00,2024-09-14T17:50:51-04:00,0,35
src\routes\labs\lab9_storytelling\+page.svelte,192,svelte,9ecffe8d,Jin G,2024-09-14,17:14:21,-04:00,2024-09-14T17:14:21-04:00,0,39
src\routes\labs\lab9_storytelling\+page.svelte,193,svelte,9ecffe8d,Jin G,2024-09-14,17:14:21,-04:00,2024-09-14T17:14:21-04:00,0,0
src\routes\labs\lab9_storytelling\+page.svelte,194,svelte,eca18dcf,Jin G,2024-09-14,17:50:51,-04:00,2024-09-14T17:50:51-04:00,0,0
src\routes\labs\lab9_storytelling\+page.svelte,195,svelte,eca18dcf,Jin G,2024-09-14,17:50:51,-04:00,2024-09-14T17:50:51-04:00,0,0
src\routes\labs\lab9_storytelling\+page.svelte,196,svelte,9ecffe8d,Jin G,2024-09-14,17:14:21,-04:00,2024-09-14T17:14:21-04:00,0,4
src\routes\labs\lab9_storytelling\+page.svelte,197,svelte,eca18dcf,Jin G,2024-09-14,17:50:51,-04:00,2024-09-14T17:50:51-04:00,0,0
src\routes\labs\lab9_storytelling\+page.svelte,198,svelte,9ecffe8d,Jin G,2024-09-14,17:14:21,-04:00,2024-09-14T17:14:21-04:00,0,31
src\routes\labs\lab9_storytelling\+page.svelte,199,svelte,9ecffe8d,Jin G,2024-09-14,17:14:21,-04:00,2024-09-14T17:14:21-04:00,0,2
src\routes\labs\lab9_storytelling\+page.svelte,200,svelte,9ecffe8d,Jin G,2024-09-14,17:14:21,-04:00,2024-09-14T17:14:21-04:00,0,82
src\routes\labs\lab9_storytelling\+page.svelte,201,svelte,9ecffe8d,Jin G,2024-09-14,17:14:21,-04:00,2024-09-14T17:14:21-04:00,0,45
src\routes\labs\lab9_storytelling\+page.svelte,202,svelte,4f040deb,Jin G,2024-09-16,19:25:08,-04:00,2024-09-16T19:25:08-04:00,0,64
src\routes\labs\lab9_storytelling\+page.svelte,203,svelte,9ecffe8d,Jin G,2024-09-14,17:14:21,-04:00,2024-09-14T17:14:21-04:00,0,4
src\routes\labs\lab9_storytelling\+page.svelte,204,svelte,9ecffe8d,Jin G,2024-09-14,17:14:21,-04:00,2024-09-14T17:14:21-04:00,0,109
src\routes\labs\lab9_storytelling\+page.svelte,205,svelte,9ecffe8d,Jin G,2024-09-14,17:14:21,-04:00,2024-09-14T17:14:21-04:00,0,3
src\routes\labs\lab9_storytelling\+page.svelte,206,svelte,9ecffe8d,Jin G,2024-09-14,17:14:21,-04:00,2024-09-14T17:14:21-04:00,0,6
src\routes\labs\lab9_storytelling\+page.svelte,207,svelte,9ecffe8d,Jin G,2024-09-14,17:14:21,-04:00,2024-09-14T17:14:21-04:00,0,5
src\routes\labs\lab9_storytelling\+page.svelte,208,svelte,9ecffe8d,Jin G,2024-09-14,17:14:21,-04:00,2024-09-14T17:14:21-04:00,0,0
src\routes\labs\lab9_storytelling\+page.svelte,209,svelte,9ecffe8d,Jin G,2024-09-14,17:14:21,-04:00,2024-09-14T17:14:21-04:00,0,27
src\routes\labs\lab9_storytelling\+page.svelte,210,svelte,eca18dcf,Jin G,2024-09-14,17:50:51,-04:00,2024-09-14T17:50:51-04:00,0,26
src\routes\labs\lab9_storytelling\+page.svelte,211,svelte,eca18dcf,Jin G,2024-09-14,17:50:51,-04:00,2024-09-14T17:50:51-04:00,0,23
src\routes\labs\lab9_storytelling\+page.svelte,212,svelte,eca18dcf,Jin G,2024-09-14,17:50:51,-04:00,2024-09-14T17:50:51-04:00,0,5
src\routes\labs\lab9_storytelling\+page.svelte,213,svelte,eca18dcf,Jin G,2024-09-14,17:50:51,-04:00,2024-09-14T17:50:51-04:00,0,11
src\routes\labs\lab9_storytelling\+page.svelte,214,svelte,eca18dcf,Jin G,2024-09-14,17:50:51,-04:00,2024-09-14T17:50:51-04:00,0,17
src\routes\labs\lab9_storytelling\+page.svelte,215,svelte,eca18dcf,Jin G,2024-09-14,17:50:51,-04:00,2024-09-14T17:50:51-04:00,0,6
src\routes\labs\lab9_storytelling\+page.svelte,216,svelte,eca18dcf,Jin G,2024-09-14,17:50:51,-04:00,2024-09-14T17:50:51-04:00,0,8
src\routes\labs\lab9_storytelling\+page.svelte,217,svelte,eca18dcf,Jin G,2024-09-14,17:50:51,-04:00,2024-09-14T17:50:51-04:00,0,26
src\routes\labs\lab9_storytelling\+page.svelte,218,svelte,eca18dcf,Jin G,2024-09-14,17:50:51,-04:00,2024-09-14T17:50:51-04:00,0,15
src\routes\labs\lab9_storytelling\+page.svelte,219,svelte,eca18dcf,Jin G,2024-09-14,17:50:51,-04:00,2024-09-14T17:50:51-04:00,0,1
src\routes\labs\lab9_storytelling\+page.svelte,220,svelte,eca18dcf,Jin G,2024-09-14,17:50:51,-04:00,2024-09-14T17:50:51-04:00,0,75
src\routes\labs\lab9_storytelling\+page.svelte,221,svelte,eca18dcf,Jin G,2024-09-14,17:50:51,-04:00,2024-09-14T17:50:51-04:00,0,7
src\routes\labs\lab9_storytelling\+page.svelte,222,svelte,9ecffe8d,Jin G,2024-09-14,17:14:21,-04:00,2024-09-14T17:14:21-04:00,0,84
src\routes\labs\lab9_storytelling\+page.svelte,223,svelte,eca18dcf,Jin G,2024-09-14,17:50:51,-04:00,2024-09-14T17:50:51-04:00,0,30
src\routes\labs\lab9_storytelling\+page.svelte,224,svelte,eca18dcf,Jin G,2024-09-14,17:50:51,-04:00,2024-09-14T17:50:51-04:00,0,45
src\routes\labs\lab9_storytelling\+page.svelte,225,svelte,eca18dcf,Jin G,2024-09-14,17:50:51,-04:00,2024-09-14T17:50:51-04:00,0,3
src\routes\labs\lab9_storytelling\+page.svelte,226,svelte,eca18dcf,Jin G,2024-09-14,17:50:51,-04:00,2024-09-14T17:50:51-04:00,0,40
src\routes\labs\lab9_storytelling\+page.svelte,227,svelte,eca18dcf,Jin G,2024-09-14,17:50:51,-04:00,2024-09-14T17:50:51-04:00,0,63
src\routes\labs\lab9_storytelling\+page.svelte,228,svelte,eca18dcf,Jin G,2024-09-14,17:50:51,-04:00,2024-09-14T17:50:51-04:00,0,4
src\routes\labs\lab9_storytelling\+page.svelte,229,svelte,eca18dcf,Jin G,2024-09-14,17:50:51,-04:00,2024-09-14T17:50:51-04:00,0,6
src\routes\labs\lab9_storytelling\+page.svelte,230,svelte,eca18dcf,Jin G,2024-09-14,17:50:51,-04:00,2024-09-14T17:50:51-04:00,0,4
src\routes\labs\lab9_storytelling\+page.svelte,231,svelte,9ecffe8d,Jin G,2024-09-14,17:14:21,-04:00,2024-09-14T17:14:21-04:00,0,69
src\routes\labs\lab9_storytelling\+page.svelte,232,svelte,9ecffe8d,Jin G,2024-09-14,17:14:21,-04:00,2024-09-14T17:14:21-04:00,0,15
src\routes\labs\lab9_storytelling\+page.svelte,233,svelte,9ecffe8d,Jin G,2024-09-14,17:14:21,-04:00,2024-09-14T17:14:21-04:00,0,12
src\routes\labs\lab9_storytelling\+page.svelte,234,svelte,9ecffe8d,Jin G,2024-09-14,17:14:21,-04:00,2024-09-14T17:14:21-04:00,0,5
src\routes\labs\lab9_storytelling\+page.svelte,235,svelte,9ecffe8d,Jin G,2024-09-14,17:14:21,-04:00,2024-09-14T17:14:21-04:00,0,17
src\routes\labs\lab9_storytelling\+page.svelte,236,svelte,9ecffe8d,Jin G,2024-09-14,17:14:21,-04:00,2024-09-14T17:14:21-04:00,0,9
src\routes\labs\lab9_storytelling\+page.svelte,237,svelte,9ecffe8d,Jin G,2024-09-14,17:14:21,-04:00,2024-09-14T17:14:21-04:00,0,0
src\routes\labs\lab9_storytelling\+page.svelte,238,svelte,eca18dcf,Jin G,2024-09-14,17:50:51,-04:00,2024-09-14T17:50:51-04:00,0,26
src\routes\labs\lab9_storytelling\+page.svelte,239,svelte,eca18dcf,Jin G,2024-09-14,17:50:51,-04:00,2024-09-14T17:50:51-04:00,0,94
src\routes\labs\lab9_storytelling\+page.svelte,240,svelte,9ecffe8d,Jin G,2024-09-14,17:14:21,-04:00,2024-09-14T17:14:21-04:00,0,0
src\routes\labs\lab9_storytelling\+page.svelte,241,svelte,eca18dcf,Jin G,2024-09-14,17:50:51,-04:00,2024-09-14T17:50:51-04:00,0,32
src\routes\labs\lab9_storytelling\+page.svelte,242,svelte,eca18dcf,Jin G,2024-09-14,17:50:51,-04:00,2024-09-14T17:50:51-04:00,0,2
src\routes\labs\lab9_storytelling\+page.svelte,243,svelte,eca18dcf,Jin G,2024-09-14,17:50:51,-04:00,2024-09-14T17:50:51-04:00,0,82
src\routes\labs\lab9_storytelling\+page.svelte,244,svelte,eca18dcf,Jin G,2024-09-14,17:50:51,-04:00,2024-09-14T17:50:51-04:00,0,132
src\routes\labs\lab9_storytelling\+page.svelte,245,svelte,eca18dcf,Jin G,2024-09-14,17:50:51,-04:00,2024-09-14T17:50:51-04:00,0,111
src\routes\labs\lab9_storytelling\+page.svelte,246,svelte,eca18dcf,Jin G,2024-09-14,17:50:51,-04:00,2024-09-14T17:50:51-04:00,0,3
src\routes\labs\lab9_storytelling\+page.svelte,247,svelte,eca18dcf,Jin G,2024-09-14,17:50:51,-04:00,2024-09-14T17:50:51-04:00,0,6
src\routes\labs\lab9_storytelling\+page.svelte,248,svelte,eca18dcf,Jin G,2024-09-14,17:50:51,-04:00,2024-09-14T17:50:51-04:00,0,27
src\routes\labs\lab9_storytelling\+page.svelte,249,svelte,eca18dcf,Jin G,2024-09-14,17:50:51,-04:00,2024-09-14T17:50:51-04:00,0,45
src\routes\labs\lab9_storytelling\+page.svelte,250,svelte,eca18dcf,Jin G,2024-09-14,17:50:51,-04:00,2024-09-14T17:50:51-04:00,0,17
src\routes\labs\lab9_storytelling\+page.svelte,251,svelte,eca18dcf,Jin G,2024-09-14,17:50:51,-04:00,2024-09-14T17:50:51-04:00,0,9
src\routes\labs\lab9_storytelling\+page.svelte,252,svelte,a1b2f22d,Jin G,2024-09-14,17:30:24,-04:00,2024-09-14T17:30:24-04:00,0,0
src\routes\labs\lab9_storytelling\+page.svelte,253,svelte,a1b2f22d,Jin G,2024-09-14,17:30:24,-04:00,2024-09-14T17:30:24-04:00,0,0
src\routes\labs\lab9_storytelling\+page.svelte,254,svelte,19707f87,Jin G,2024-09-14,09:32:59,-04:00,2024-09-14T09:32:59-04:00,0,0
src\routes\labs\lab9_storytelling\+page.svelte,255,svelte,eca18dcf,Jin G,2024-09-14,17:50:51,-04:00,2024-09-14T17:50:51-04:00,0,27
src\routes\labs\lab9_storytelling\+page.svelte,256,svelte,9ecffe8d,Jin G,2024-09-14,17:14:21,-04:00,2024-09-14T17:14:21-04:00,0,67
src\routes\labs\lab9_storytelling\+page.svelte,257,svelte,8114b222,Jin G,2024-09-14,11:25:18,-04:00,2024-09-14T11:25:18-04:00,0,3
src\routes\labs\lab9_storytelling\+page.svelte,258,svelte,8114b222,Jin G,2024-09-14,11:25:18,-04:00,2024-09-14T11:25:18-04:00,0,64
src\routes\labs\lab9_storytelling\+page.svelte,259,svelte,8114b222,Jin G,2024-09-14,11:25:18,-04:00,2024-09-14T11:25:18-04:00,0,15
src\routes\labs\lab9_storytelling\+page.svelte,260,svelte,8114b222,Jin G,2024-09-14,11:25:18,-04:00,2024-09-14T11:25:18-04:00,0,12
src\routes\labs\lab9_storytelling\+page.svelte,261,svelte,8114b222,Jin G,2024-09-14,11:25:18,-04:00,2024-09-14T11:25:18-04:00,0,3
src\routes\labs\lab9_storytelling\+page.svelte,262,svelte,8114b222,Jin G,2024-09-14,11:25:18,-04:00,2024-09-14T11:25:18-04:00,0,1
src\routes\labs\lab9_storytelling\+page.svelte,263,svelte,8114b222,Jin G,2024-09-14,11:25:18,-04:00,2024-09-14T11:25:18-04:00,0,3
src\routes\labs\lab9_storytelling\+page.svelte,264,svelte,8114b222,Jin G,2024-09-14,11:25:18,-04:00,2024-09-14T11:25:18-04:00,0,31
src\routes\labs\lab9_storytelling\+page.svelte,265,svelte,8114b222,Jin G,2024-09-14,11:25:18,-04:00,2024-09-14T11:25:18-04:00,0,32
src\routes\labs\lab9_storytelling\+page.svelte,266,svelte,8114b222,Jin G,2024-09-14,11:25:18,-04:00,2024-09-14T11:25:18-04:00,0,3
src\routes\labs\lab9_storytelling\+page.svelte,267,svelte,8114b222,Jin G,2024-09-14,11:25:18,-04:00,2024-09-14T11:25:18-04:00,0,80
src\routes\labs\lab9_storytelling\+page.svelte,268,svelte,8114b222,Jin G,2024-09-14,11:25:18,-04:00,2024-09-14T11:25:18-04:00,0,11
src\routes\labs\lab9_storytelling\+page.svelte,269,svelte,8114b222,Jin G,2024-09-14,11:25:18,-04:00,2024-09-14T11:25:18-04:00,0,4
src\routes\labs\lab9_storytelling\+page.svelte,270,svelte,8114b222,Jin G,2024-09-14,11:25:18,-04:00,2024-09-14T11:25:18-04:00,0,6
src\routes\labs\lab9_storytelling\+page.svelte,271,svelte,8114b222,Jin G,2024-09-14,11:25:18,-04:00,2024-09-14T11:25:18-04:00,0,6
src\routes\labs\lab9_storytelling\+page.svelte,272,svelte,8114b222,Jin G,2024-09-14,11:25:18,-04:00,2024-09-14T11:25:18-04:00,0,57
src\routes\labs\lab9_storytelling\+page.svelte,273,svelte,8114b222,Jin G,2024-09-14,11:25:18,-04:00,2024-09-14T11:25:18-04:00,0,4
src\routes\labs\lab9_storytelling\+page.svelte,274,svelte,8114b222,Jin G,2024-09-14,11:25:18,-04:00,2024-09-14T11:25:18-04:00,0,4
src\routes\labs\lab9_storytelling\+page.svelte,275,svelte,eca18dcf,Jin G,2024-09-14,17:50:51,-04:00,2024-09-14T17:50:51-04:00,0,9
src\routes\labs\lab9_storytelling\+page.svelte,276,svelte,19707f87,Jin G,2024-09-14,09:32:59,-04:00,2024-09-14T09:32:59-04:00,0,0
src\routes\labs\lab9_storytelling\+page.svelte,277,svelte,19707f87,Jin G,2024-09-14,09:32:59,-04:00,2024-09-14T09:32:59-04:00,0,6
src\routes\labs\lab9_storytelling\+page.svelte,278,css,9ecffe8d,Jin G,2024-09-14,17:14:21,-04:00,2024-09-14T17:14:21-04:00,0,14
src\routes\labs\lab9_storytelling\+page.svelte,279,css,9ecffe8d,Jin G,2024-09-14,17:14:21,-04:00,2024-09-14T17:14:21-04:00,0,27
src\routes\labs\lab9_storytelling\+page.svelte,280,css,9ecffe8d,Jin G,2024-09-14,17:14:21,-04:00,2024-09-14T17:14:21-04:00,0,0
src\routes\labs\lab9_storytelling\+page.svelte,281,css,9ecffe8d,Jin G,2024-09-14,17:14:21,-04:00,2024-09-14T17:14:21-04:00,0,0
src\routes\labs\lab9_storytelling\+page.svelte,282,css,19707f87,Jin G,2024-09-14,09:32:59,-04:00,2024-09-14T09:32:59-04:00,0,7
src\routes\labs\lab9_storytelling\+page.svelte,283,css,19707f87,Jin G,2024-09-14,09:32:59,-04:00,2024-09-14T09:32:59-04:00,0,13
src\routes\labs\lab9_storytelling\+page.svelte,284,css,eca18dcf,Jin G,2024-09-14,17:50:51,-04:00,2024-09-14T17:50:51-04:00,0,56
src\routes\labs\lab9_storytelling\+page.svelte,285,css,eca18dcf,Jin G,2024-09-14,17:50:51,-04:00,2024-09-14T17:50:51-04:00,0,40
src\routes\labs\lab9_storytelling\+page.svelte,286,css,19707f87,Jin G,2024-09-14,09:32:59,-04:00,2024-09-14T09:32:59-04:00,0,47
src\routes\labs\lab9_storytelling\+page.svelte,287,css,19707f87,Jin G,2024-09-14,09:32:59,-04:00,2024-09-14T09:32:59-04:00,0,13
src\routes\labs\lab9_storytelling\+page.svelte,288,css,19707f87,Jin G,2024-09-14,09:32:59,-04:00,2024-09-14T09:32:59-04:00,0,40
src\routes\labs\lab9_storytelling\+page.svelte,289,css,19707f87,Jin G,2024-09-14,09:32:59,-04:00,2024-09-14T09:32:59-04:00,0,60
src\routes\labs\lab9_storytelling\+page.svelte,290,css,19707f87,Jin G,2024-09-14,09:32:59,-04:00,2024-09-14T09:32:59-04:00,0,47
src\routes\labs\lab9_storytelling\+page.svelte,291,css,eca18dcf,Jin G,2024-09-14,17:50:51,-04:00,2024-09-14T17:50:51-04:00,0,0
src\routes\labs\lab9_storytelling\+page.svelte,292,css,eca18dcf,Jin G,2024-09-14,17:50:51,-04:00,2024-09-14T17:50:51-04:00,0,0
src\routes\labs\lab9_storytelling\+page.svelte,293,css,eca18dcf,Jin G,2024-09-14,17:50:51,-04:00,2024-09-14T17:50:51-04:00,0,21
src\routes\labs\lab9_storytelling\+page.svelte,294,css,eca18dcf,Jin G,2024-09-14,17:50:51,-04:00,2024-09-14T17:50:51-04:00,0,38
src\routes\labs\lab9_storytelling\+page.svelte,295,css,eca18dcf,Jin G,2024-09-14,17:50:51,-04:00,2024-09-14T17:50:51-04:00,0,51
src\routes\labs\lab9_storytelling\+page.svelte,296,css,eca18dcf,Jin G,2024-09-14,17:50:51,-04:00,2024-09-14T17:50:51-04:00,0,0
src\routes\labs\lab9_storytelling\+page.svelte,297,css,eca18dcf,Jin G,2024-09-14,17:50:51,-04:00,2024-09-14T17:50:51-04:00,0,0
src\routes\labs\lab9_storytelling\+page.svelte,298,css,eca18dcf,Jin G,2024-09-14,17:50:51,-04:00,2024-09-14T17:50:51-04:00,0,10
src\routes\labs\lab9_storytelling\+page.svelte,299,css,eca18dcf,Jin G,2024-09-14,17:50:51,-04:00,2024-09-14T17:50:51-04:00,0,48
src\routes\labs\lab9_storytelling\+page.svelte,300,css,eca18dcf,Jin G,2024-09-14,17:50:51,-04:00,2024-09-14T17:50:51-04:00,0,18
src\routes\labs\lab9_storytelling\+page.svelte,301,css,eca18dcf,Jin G,2024-09-14,17:50:51,-04:00,2024-09-14T17:50:51-04:00,0,0
src\routes\labs\lab9_storytelling\+page.svelte,302,css,eca18dcf,Jin G,2024-09-14,17:50:51,-04:00,2024-09-14T17:50:51-04:00,0,0
src\routes\labs\lab9_storytelling\+page.svelte,303,css,eca18dcf,Jin G,2024-09-14,17:50:51,-04:00,2024-09-14T17:50:51-04:00,0,10
src\routes\labs\lab9_storytelling\+page.svelte,304,css,eca18dcf,Jin G,2024-09-14,17:50:51,-04:00,2024-09-14T17:50:51-04:00,0,73
src\routes\labs\lab9_storytelling\+page.svelte,305,css,eca18dcf,Jin G,2024-09-14,17:50:51,-04:00,2024-09-14T17:50:51-04:00,0,18
src\routes\labs\lab9_storytelling\+page.svelte,306,css,eca18dcf,Jin G,2024-09-14,17:50:51,-04:00,2024-09-14T17:50:51-04:00,0,0
src\routes\labs\lab9_storytelling\+page.svelte,307,css,19707f87,Jin G,2024-09-14,09:32:59,-04:00,2024-09-14T09:32:59-04:00,0,0
src\routes\labs\lab9_storytelling\+page.svelte,308,css,19707f87,Jin G,2024-09-14,09:32:59,-04:00,2024-09-14T09:32:59-04:00,0,3
src\routes\labs\lab9_storytelling\+page.svelte,309,css,19707f87,Jin G,2024-09-14,09:32:59,-04:00,2024-09-14T09:32:59-04:00,0,15
src\routes\labs\lab9_storytelling\+page.svelte,310,css,19707f87,Jin G,2024-09-14,09:32:59,-04:00,2024-09-14T09:32:59-04:00,0,11
src\routes\labs\lab9_storytelling\+page.svelte,311,css,19707f87,Jin G,2024-09-14,09:32:59,-04:00,2024-09-14T09:32:59-04:00,0,17
src\routes\labs\lab9_storytelling\+page.svelte,312,css,19707f87,Jin G,2024-09-14,09:32:59,-04:00,2024-09-14T09:32:59-04:00,0,55
src\routes\labs\lab9_storytelling\+page.svelte,313,css,19707f87,Jin G,2024-09-14,09:32:59,-04:00,2024-09-14T09:32:59-04:00,0,0
src\routes\labs\lab9_storytelling\+page.svelte,314,css,19707f87,Jin G,2024-09-14,09:32:59,-04:00,2024-09-14T09:32:59-04:00,0,0
src\routes\labs\lab9_storytelling\+page.svelte,315,css,19707f87,Jin G,2024-09-14,09:32:59,-04:00,2024-09-14T09:32:59-04:00,0,3
src\routes\labs\lab9_storytelling\+page.svelte,316,css,19707f87,Jin G,2024-09-14,09:32:59,-04:00,2024-09-14T09:32:59-04:00,0,15
src\routes\labs\lab9_storytelling\+page.svelte,317,css,19707f87,Jin G,2024-09-14,09:32:59,-04:00,2024-09-14T09:32:59-04:00,0,11
src\routes\labs\lab9_storytelling\+page.svelte,318,css,19707f87,Jin G,2024-09-14,09:32:59,-04:00,2024-09-14T09:32:59-04:00,0,37
src\routes\labs\lab9_storytelling\+page.svelte,319,css,19707f87,Jin G,2024-09-14,09:32:59,-04:00,2024-09-14T09:32:59-04:00,0,0
src\routes\labs\lab9_storytelling\+page.svelte,320,css,19707f87,Jin G,2024-09-14,09:32:59,-04:00,2024-09-14T09:32:59-04:00,0,0
src\routes\labs\lab9_storytelling\+page.svelte,321,css,19707f87,Jin G,2024-09-14,09:32:59,-04:00,2024-09-14T09:32:59-04:00,0,11
src\routes\labs\lab9_storytelling\+page.svelte,322,css,19707f87,Jin G,2024-09-14,09:32:59,-04:00,2024-09-14T09:32:59-04:00,0,55
src\routes\labs\lab9_storytelling\+page.svelte,323,css,19707f87,Jin G,2024-09-14,09:32:59,-04:00,2024-09-14T09:32:59-04:00,0,42
src\routes\labs\lab9_storytelling\+page.svelte,324,css,19707f87,Jin G,2024-09-14,09:32:59,-04:00,2024-09-14T09:32:59-04:00,0,42
src\routes\labs\lab9_storytelling\+page.svelte,325,css,19707f87,Jin G,2024-09-14,09:32:59,-04:00,2024-09-14T09:32:59-04:00,0,0
src\routes\labs\lab9_storytelling\+page.svelte,326,css,19707f87,Jin G,2024-09-14,09:32:59,-04:00,2024-09-14T09:32:59-04:00,0,0
src\routes\labs\lab9_storytelling\+page.svelte,327,css,19707f87,Jin G,2024-09-14,09:32:59,-04:00,2024-09-14T09:32:59-04:00,0,20
src\routes\labs\lab9_storytelling\+page.svelte,328,css,19707f87,Jin G,2024-09-14,09:32:59,-04:00,2024-09-14T09:32:59-04:00,0,13
src\routes\labs\lab9_storytelling\+page.svelte,329,css,19707f87,Jin G,2024-09-14,09:32:59,-04:00,2024-09-14T09:32:59-04:00,0,79
src\routes\labs\lab9_storytelling\+page.svelte,330,css,19707f87,Jin G,2024-09-14,09:32:59,-04:00,2024-09-14T09:32:59-04:00,0,10
src\routes\labs\lab9_storytelling\+page.svelte,331,css,19707f87,Jin G,2024-09-14,09:32:59,-04:00,2024-09-14T09:32:59-04:00,0,21
src\routes\labs\lab9_storytelling\+page.svelte,332,css,19707f87,Jin G,2024-09-14,09:32:59,-04:00,2024-09-14T09:32:59-04:00,0,0
src\routes\labs\lab9_storytelling\+page.svelte,333,css,19707f87,Jin G,2024-09-14,09:32:59,-04:00,2024-09-14T09:32:59-04:00,0,0
src\routes\labs\lab9_storytelling\+page.svelte,334,css,19707f87,Jin G,2024-09-14,09:32:59,-04:00,2024-09-14T09:32:59-04:00,0,23
src\routes\labs\lab9_storytelling\+page.svelte,335,css,19707f87,Jin G,2024-09-14,09:32:59,-04:00,2024-09-14T09:32:59-04:00,0,18
src\routes\labs\lab9_storytelling\+page.svelte,336,css,19707f87,Jin G,2024-09-14,09:32:59,-04:00,2024-09-14T09:32:59-04:00,0,30
src\routes\labs\lab9_storytelling\+page.svelte,337,css,19707f87,Jin G,2024-09-14,09:32:59,-04:00,2024-09-14T09:32:59-04:00,0,14
src\routes\labs\lab9_storytelling\+page.svelte,338,css,19707f87,Jin G,2024-09-14,09:32:59,-04:00,2024-09-14T09:32:59-04:00,0,0
src\routes\labs\lab9_storytelling\+page.svelte,339,css,19707f87,Jin G,2024-09-14,09:32:59,-04:00,2024-09-14T09:32:59-04:00,0,0
src\routes\labs\lab9_storytelling\+page.svelte,340,css,19707f87,Jin G,2024-09-14,09:32:59,-04:00,2024-09-14T09:32:59-04:00,0,27
src\routes\labs\lab9_storytelling\+page.svelte,341,css,19707f87,Jin G,2024-09-14,09:32:59,-04:00,2024-09-14T09:32:59-04:00,0,14
src\routes\labs\lab9_storytelling\+page.svelte,342,css,8114b222,Jin G,2024-09-14,11:25:18,-04:00,2024-09-14T11:25:18-04:00,0,15
src\routes\labs\lab9_storytelling\+page.svelte,343,css,19707f87,Jin G,2024-09-14,09:32:59,-04:00,2024-09-14T09:32:59-04:00,0,31
src\routes\labs\lab9_storytelling\+page.svelte,344,css,19707f87,Jin G,2024-09-14,09:32:59,-04:00,2024-09-14T09:32:59-04:00,0,22
src\routes\labs\lab9_storytelling\+page.svelte,345,css,19707f87,Jin G,2024-09-14,09:32:59,-04:00,2024-09-14T09:32:59-04:00,0,0
src\routes\labs\lab9_storytelling\+page.svelte,346,css,19707f87,Jin G,2024-09-14,09:32:59,-04:00,2024-09-14T09:32:59-04:00,0,0
src\routes\labs\lab9_storytelling\+page.svelte,347,css,19707f87,Jin G,2024-09-14,09:32:59,-04:00,2024-09-14T09:32:59-04:00,0,24
src\routes\labs\lab9_storytelling\+page.svelte,348,css,8114b222,Jin G,2024-09-14,11:25:18,-04:00,2024-09-14T11:25:18-04:00,0,15
src\routes\labs\lab9_storytelling\+page.svelte,349,css,19707f87,Jin G,2024-09-14,09:32:59,-04:00,2024-09-14T09:32:59-04:00,0,11
src\routes\labs\lab9_storytelling\+page.svelte,350,css,19707f87,Jin G,2024-09-14,09:32:59,-04:00,2024-09-14T09:32:59-04:00,0,0
src\routes\labs\lab9_storytelling\+page.svelte,351,css,d3060045,Jin G,2024-09-14,13:27:35,-04:00,2024-09-14T13:27:35-04:00,0,0
src\routes\labs\lab9_storytelling\+page.svelte,352,css,d3060045,Jin G,2024-09-14,13:27:35,-04:00,2024-09-14T13:27:35-04:00,0,25
src\routes\labs\lab9_storytelling\+page.svelte,353,css,d3060045,Jin G,2024-09-14,13:27:35,-04:00,2024-09-14T13:27:35-04:00,0,3
src\routes\labs\lab9_storytelling\+page.svelte,354,css,d3060045,Jin G,2024-09-14,13:27:35,-04:00,2024-09-14T13:27:35-04:00,0,33
src\routes\labs\lab9_storytelling\+page.svelte,355,css,d3060045,Jin G,2024-09-14,13:27:35,-04:00,2024-09-14T13:27:35-04:00,0,0
src\routes\labs\lab9_storytelling\+page.svelte,356,css,d3060045,Jin G,2024-09-14,13:27:35,-04:00,2024-09-14T13:27:35-04:00,0,0
src\routes\labs\lab9_storytelling\+page.svelte,357,svelte,19707f87,Jin G,2024-09-14,09:32:59,-04:00,2024-09-14T09:32:59-04:00,0,7
src\routes\labs\lab8_bikewatching\+page.svelte,1,svelte,feabd744,Jin G,2024-09-12,10:45:08,-04:00,2024-09-12T10:45:08-04:00,0,7
src\routes\labs\lab8_bikewatching\+page.svelte,2,js,9d554aca,Jin G,2024-09-18,14:58:26,-04:00,2024-09-18T14:58:26-04:00,0,33
src\routes\labs\lab8_bikewatching\+page.svelte,3,js,feabd744,Jin G,2024-09-12,10:45:08,-04:00,2024-09-12T10:45:08-04:00,0,32
src\routes\labs\lab8_bikewatching\+page.svelte,4,js,f94476fb,Jin G,2024-09-15,16:12:34,-04:00,2024-09-15T16:12:34-04:00,0,62
src\routes\labs\lab8_bikewatching\+page.svelte,5,js,feabd744,Jin G,2024-09-12,10:45:08,-04:00,2024-09-12T10:45:08-04:00,0,32
src\routes\labs\lab8_bikewatching\+page.svelte,6,js,97d8621f,Jin G,2024-09-12,19:47:51,-04:00,2024-09-12T19:47:51-04:00,0,24
src\routes\labs\lab8_bikewatching\+page.svelte,7,js,97d8621f,Jin G,2024-09-12,19:47:51,-04:00,2024-09-12T19:47:51-04:00,0,34
src\routes\labs\lab8_bikewatching\+page.svelte,8,js,34b90c70,Jin G,2024-09-13,08:35:06,-04:00,2024-09-13T08:35:06-04:00,0,39
src\routes\labs\lab8_bikewatching\+page.svelte,9,js,feabd744,Jin G,2024-09-12,10:45:08,-04:00,2024-09-12T10:45:08-04:00,0,0
src\routes\labs\lab8_bikewatching\+page.svelte,10,js,feabd744,Jin G,2024-09-12,10:45:08,-04:00,2024-09-12T10:45:08-04:00,0,21
src\routes\labs\lab8_bikewatching\+page.svelte,11,js,feabd744,Jin G,2024-09-12,10:45:08,-04:00,2024-09-12T10:45:08-04:00,0,91
src\routes\labs\lab8_bikewatching\+page.svelte,12,js,feabd744,Jin G,2024-09-12,10:45:08,-04:00,2024-09-12T10:45:08-04:00,0,0
src\routes\labs\lab8_bikewatching\+page.svelte,13,js,56b1a9f4,Jin G,2024-09-12,13:47:24,-04:00,2024-09-12T13:47:24-04:00,0,7
src\routes\labs\lab8_bikewatching\+page.svelte,14,js,d2a0287d,Jin G,2024-09-13,09:15:07,-04:00,2024-09-13T09:15:07-04:00,0,27
src\routes\labs\lab8_bikewatching\+page.svelte,15,js,d2a0287d,Jin G,2024-09-13,09:15:07,-04:00,2024-09-13T09:15:07-04:00,0,0
src\routes\labs\lab8_bikewatching\+page.svelte,16,js,5ba41089,Jin G,2024-09-13,09:41:15,-04:00,2024-09-13T09:41:15-04:00,0,14
src\routes\labs\lab8_bikewatching\+page.svelte,17,js,feabd744,Jin G,2024-09-12,10:45:08,-04:00,2024-09-12T10:45:08-04:00,0,0
src\routes\labs\lab8_bikewatching\+page.svelte,18,js,2144ca8d,Jin G,2024-09-12,19:51:15,-04:00,2024-09-12T19:51:15-04:00,0,22
src\routes\labs\lab8_bikewatching\+page.svelte,19,js,5ba41089,Jin G,2024-09-13,09:41:15,-04:00,2024-09-13T09:41:15-04:00,0,47
src\routes\labs\lab8_bikewatching\+page.svelte,20,js,d2a0287d,Jin G,2024-09-13,09:15:07,-04:00,2024-09-13T09:15:07-04:00,0,0
src\routes\labs\lab8_bikewatching\+page.svelte,21,js,5ba41089,Jin G,2024-09-13,09:41:15,-04:00,2024-09-13T09:41:15-04:00,0,61
src\routes\labs\lab8_bikewatching\+page.svelte,22,js,5ba41089,Jin G,2024-09-13,09:41:15,-04:00,2024-09-13T09:41:15-04:00,0,0
src\routes\labs\lab8_bikewatching\+page.svelte,23,js,3251721a,Jin G,2024-09-13,10:44:54,-04:00,2024-09-13T10:44:54-04:00,0,73
src\routes\labs\lab8_bikewatching\+page.svelte,24,js,3251721a,Jin G,2024-09-13,10:44:54,-04:00,2024-09-13T10:44:54-04:00,0,0
src\routes\labs\lab8_bikewatching\+page.svelte,25,js,dce5c110,Jin G,2024-09-13,18:15:42,-04:00,2024-09-13T18:15:42-04:00,0,63
src\routes\labs\lab8_bikewatching\+page.svelte,26,js,dce5c110,Jin G,2024-09-13,18:15:42,-04:00,2024-09-13T18:15:42-04:00,0,61
src\routes\labs\lab8_bikewatching\+page.svelte,27,js,34b90c70,Jin G,2024-09-13,08:35:06,-04:00,2024-09-13T08:35:06-04:00,0,0
src\routes\labs\lab8_bikewatching\+page.svelte,28,js,dce5c110,Jin G,2024-09-13,18:15:42,-04:00,2024-09-13T18:15:42-04:00,0,75
src\routes\labs\lab8_bikewatching\+page.svelte,29,js,dce5c110,Jin G,2024-09-13,18:15:42,-04:00,2024-09-13T18:15:42-04:00,0,18
src\routes\labs\lab8_bikewatching\+page.svelte,30,js,dce5c110,Jin G,2024-09-13,18:15:42,-04:00,2024-09-13T18:15:42-04:00,0,2
src\routes\labs\lab8_bikewatching\+page.svelte,31,js,dce5c110,Jin G,2024-09-13,18:15:42,-04:00,2024-09-13T18:15:42-04:00,0,0
src\routes\labs\lab8_bikewatching\+page.svelte,32,js,dce5c110,Jin G,2024-09-13,18:15:42,-04:00,2024-09-13T18:15:42-04:00,0,47
src\routes\labs\lab8_bikewatching\+page.svelte,33,js,dce5c110,Jin G,2024-09-13,18:15:42,-04:00,2024-09-13T18:15:42-04:00,0,43
src\routes\labs\lab8_bikewatching\+page.svelte,34,js,dce5c110,Jin G,2024-09-13,18:15:42,-04:00,2024-09-13T18:15:42-04:00,0,36
src\routes\labs\lab8_bikewatching\+page.svelte,35,js,dce5c110,Jin G,2024-09-13,18:15:42,-04:00,2024-09-13T18:15:42-04:00,0,0
src\routes\labs\lab8_bikewatching\+page.svelte,36,js,dce5c110,Jin G,2024-09-13,18:15:42,-04:00,2024-09-13T18:15:42-04:00,0,27
src\routes\labs\lab8_bikewatching\+page.svelte,37,js,dce5c110,Jin G,2024-09-13,18:15:42,-04:00,2024-09-13T18:15:42-04:00,0,51
src\routes\labs\lab8_bikewatching\+page.svelte,38,js,dce5c110,Jin G,2024-09-13,18:15:42,-04:00,2024-09-13T18:15:42-04:00,0,53
src\routes\labs\lab8_bikewatching\+page.svelte,39,js,dce5c110,Jin G,2024-09-13,18:15:42,-04:00,2024-09-13T18:15:42-04:00,0,50
src\routes\labs\lab8_bikewatching\+page.svelte,40,js,dce5c110,Jin G,2024-09-13,18:15:42,-04:00,2024-09-13T18:15:42-04:00,0,7
src\routes\labs\lab8_bikewatching\+page.svelte,41,js,dce5c110,Jin G,2024-09-13,18:15:42,-04:00,2024-09-13T18:15:42-04:00,0,55
src\routes\labs\lab8_bikewatching\+page.svelte,42,js,dce5c110,Jin G,2024-09-13,18:15:42,-04:00,2024-09-13T18:15:42-04:00,0,0
src\routes\labs\lab8_bikewatching\+page.svelte,43,js,dce5c110,Jin G,2024-09-13,18:15:42,-04:00,2024-09-13T18:15:42-04:00,0,0
src\routes\labs\lab8_bikewatching\+page.svelte,44,js,3251721a,Jin G,2024-09-13,10:44:54,-04:00,2024-09-13T10:44:54-04:00,0,0
src\routes\labs\lab8_bikewatching\+page.svelte,45,js,fb6fd253,Jin G,2024-09-14,08:15:17,-04:00,2024-09-14T08:15:17-04:00,0,70
src\routes\labs\lab8_bikewatching\+page.svelte,46,js,fb6fd253,Jin G,2024-09-14,08:15:17,-04:00,2024-09-14T08:15:17-04:00,0,44
src\routes\labs\lab8_bikewatching\+page.svelte,47,js,fb6fd253,Jin G,2024-09-14,08:15:17,-04:00,2024-09-14T08:15:17-04:00,0,0
src\routes\labs\lab8_bikewatching\+page.svelte,48,js,97d8621f,Jin G,2024-09-12,19:47:51,-04:00,2024-09-12T19:47:51-04:00,0,20
src\routes\labs\lab8_bikewatching\+page.svelte,49,js,97d8621f,Jin G,2024-09-12,19:47:51,-04:00,2024-09-12T19:47:51-04:00,0,35
src\routes\labs\lab8_bikewatching\+page.svelte,50,js,34b90c70,Jin G,2024-09-13,08:35:06,-04:00,2024-09-13T08:35:06-04:00,0,0
src\routes\labs\lab8_bikewatching\+page.svelte,51,js,f263caf0,Jin G,2024-09-18,15:27:57,-04:00,2024-09-18T15:27:57-04:00,0,79
src\routes\labs\lab8_bikewatching\+page.svelte,52,js,97d8621f,Jin G,2024-09-12,19:47:51,-04:00,2024-09-12T19:47:51-04:00,0,6
src\routes\labs\lab8_bikewatching\+page.svelte,53,js,97d8621f,Jin G,2024-09-12,19:47:51,-04:00,2024-09-12T19:47:51-04:00,0,13
src\routes\labs\lab8_bikewatching\+page.svelte,54,js,97d8621f,Jin G,2024-09-12,19:47:51,-04:00,2024-09-12T19:47:51-04:00,0,15
src\routes\labs\lab8_bikewatching\+page.svelte,55,js,97d8621f,Jin G,2024-09-12,19:47:51,-04:00,2024-09-12T19:47:51-04:00,0,3
src\routes\labs\lab8_bikewatching\+page.svelte,56,js,97d8621f,Jin G,2024-09-12,19:47:51,-04:00,2024-09-12T19:47:51-04:00,0,0
src\routes\labs\lab8_bikewatching\+page.svelte,57,js,dce5c110,Jin G,2024-09-13,18:15:42,-04:00,2024-09-13T18:15:42-04:00,0,26
src\routes\labs\lab8_bikewatching\+page.svelte,58,js,971e233e,Jin G,2024-09-18,15:30:02,-04:00,2024-09-18T15:30:02-04:00,0,44
src\routes\labs\lab8_bikewatching\+page.svelte,59,js,dce5c110,Jin G,2024-09-13,18:15:42,-04:00,2024-09-13T18:15:42-04:00,0,17
src\routes\labs\lab8_bikewatching\+page.svelte,60,js,3251721a,Jin G,2024-09-13,10:44:54,-04:00,2024-09-13T10:44:54-04:00,0,24
src\routes\labs\lab8_bikewatching\+page.svelte,61,js,dce5c110,Jin G,2024-09-13,18:15:42,-04:00,2024-09-13T18:15:42-04:00,0,43
src\routes\labs\lab8_bikewatching\+page.svelte,62,js,dce5c110,Jin G,2024-09-13,18:15:42,-04:00,2024-09-13T18:15:42-04:00,0,39
src\routes\labs\lab8_bikewatching\+page.svelte,63,js,dce5c110,Jin G,2024-09-13,18:15:42,-04:00,2024-09-13T18:15:42-04:00,0,0
src\routes\labs\lab8_bikewatching\+page.svelte,64,js,dce5c110,Jin G,2024-09-13,18:15:42,-04:00,2024-09-13T18:15:42-04:00,0,58
src\routes\labs\lab8_bikewatching\+page.svelte,65,js,dce5c110,Jin G,2024-09-13,18:15:42,-04:00,2024-09-13T18:15:42-04:00,0,45
src\routes\labs\lab8_bikewatching\+page.svelte,66,js,dce5c110,Jin G,2024-09-13,18:15:42,-04:00,2024-09-13T18:15:42-04:00,0,0
src\routes\labs\lab8_bikewatching\+page.svelte,67,js,dce5c110,Jin G,2024-09-13,18:15:42,-04:00,2024-09-13T18:15:42-04:00,0,54
src\routes\labs\lab8_bikewatching\+page.svelte,68,js,dce5c110,Jin G,2024-09-13,18:15:42,-04:00,2024-09-13T18:15:42-04:00,0,41
src\routes\labs\lab8_bikewatching\+page.svelte,69,js,3251721a,Jin G,2024-09-13,10:44:54,-04:00,2024-09-13T10:44:54-04:00,0,0
src\routes\labs\lab8_bikewatching\+page.svelte,70,js,3251721a,Jin G,2024-09-13,10:44:54,-04:00,2024-09-13T10:44:54-04:00,0,12
src\routes\labs\lab8_bikewatching\+page.svelte,71,js,dce5c110,Jin G,2024-09-13,18:15:42,-04:00,2024-09-13T18:15:42-04:00,0,2
src\routes\labs\lab8_bikewatching\+page.svelte,72,js,34b90c70,Jin G,2024-09-13,08:35:06,-04:00,2024-09-13T08:35:06-04:00,0,0
src\routes\labs\lab8_bikewatching\+page.svelte,73,js,d2a0287d,Jin G,2024-09-13,09:15:07,-04:00,2024-09-13T09:15:07-04:00,0,21
src\routes\labs\lab8_bikewatching\+page.svelte,74,js,d2a0287d,Jin G,2024-09-13,09:15:07,-04:00,2024-09-13T09:15:07-04:00,0,45
src\routes\labs\lab8_bikewatching\+page.svelte,75,js,d2a0287d,Jin G,2024-09-13,09:15:07,-04:00,2024-09-13T09:15:07-04:00,0,26
src\routes\labs\lab8_bikewatching\+page.svelte,76,js,d2a0287d,Jin G,2024-09-13,09:15:07,-04:00,2024-09-13T09:15:07-04:00,0,12
src\routes\labs\lab8_bikewatching\+page.svelte,77,js,34b90c70,Jin G,2024-09-13,08:35:06,-04:00,2024-09-13T08:35:06-04:00,0,15
src\routes\labs\lab8_bikewatching\+page.svelte,78,js,34b90c70,Jin G,2024-09-13,08:35:06,-04:00,2024-09-13T08:35:06-04:00,0,24
src\routes\labs\lab8_bikewatching\+page.svelte,79,js,34b90c70,Jin G,2024-09-13,08:35:06,-04:00,2024-09-13T08:35:06-04:00,0,1
src\routes\labs\lab8_bikewatching\+page.svelte,80,js,34b90c70,Jin G,2024-09-13,08:35:06,-04:00,2024-09-13T08:35:06-04:00,0,0
src\routes\labs\lab8_bikewatching\+page.svelte,81,js,d2a0287d,Jin G,2024-09-13,09:15:07,-04:00,2024-09-13T09:15:07-04:00,0,21
src\routes\labs\lab8_bikewatching\+page.svelte,82,js,d2a0287d,Jin G,2024-09-13,09:15:07,-04:00,2024-09-13T09:15:07-04:00,0,24
src\routes\labs\lab8_bikewatching\+page.svelte,83,js,d2a0287d,Jin G,2024-09-13,09:15:07,-04:00,2024-09-13T09:15:07-04:00,0,12
src\routes\labs\lab8_bikewatching\+page.svelte,84,js,d2a0287d,Jin G,2024-09-13,09:15:07,-04:00,2024-09-13T09:15:07-04:00,0,15
src\routes\labs\lab8_bikewatching\+page.svelte,85,js,d2a0287d,Jin G,2024-09-13,09:15:07,-04:00,2024-09-13T09:15:07-04:00,0,22
src\routes\labs\lab8_bikewatching\+page.svelte,86,js,d2a0287d,Jin G,2024-09-13,09:15:07,-04:00,2024-09-13T09:15:07-04:00,0,1
src\routes\labs\lab8_bikewatching\+page.svelte,87,js,34b90c70,Jin G,2024-09-13,08:35:06,-04:00,2024-09-13T08:35:06-04:00,0,0
src\routes\labs\lab8_bikewatching\+page.svelte,88,js,d2a0287d,Jin G,2024-09-13,09:15:07,-04:00,2024-09-13T09:15:07-04:00,0,21
src\routes\labs\lab8_bikewatching\+page.svelte,89,js,34b90c70,Jin G,2024-09-13,08:35:06,-04:00,2024-09-13T08:35:06-04:00,0,0
src\routes\labs\lab8_bikewatching\+page.svelte,90,js,5ba41089,Jin G,2024-09-13,09:41:15,-04:00,2024-09-13T09:41:15-04:00,0,50
src\routes\labs\lab8_bikewatching\+page.svelte,91,js,d2a0287d,Jin G,2024-09-13,09:15:07,-04:00,2024-09-13T09:15:07-04:00,0,23
src\routes\labs\lab8_bikewatching\+page.svelte,92,js,d2a0287d,Jin G,2024-09-13,09:15:07,-04:00,2024-09-13T09:15:07-04:00,0,40
src\routes\labs\lab8_bikewatching\+page.svelte,93,js,d2a0287d,Jin G,2024-09-13,09:15:07,-04:00,2024-09-13T09:15:07-04:00,0,44
src\routes\labs\lab8_bikewatching\+page.svelte,94,js,d2a0287d,Jin G,2024-09-13,09:15:07,-04:00,2024-09-13T09:15:07-04:00,0,60
src\routes\labs\lab8_bikewatching\+page.svelte,95,js,fb6fd253,Jin G,2024-09-14,08:15:17,-04:00,2024-09-14T08:15:17-04:00,0,74
src\routes\labs\lab8_bikewatching\+page.svelte,96,js,fb6fd253,Jin G,2024-09-14,08:15:17,-04:00,2024-09-14T08:15:17-04:00,0,74
src\routes\labs\lab8_bikewatching\+page.svelte,97,js,d2a0287d,Jin G,2024-09-13,09:15:07,-04:00,2024-09-13T09:15:07-04:00,0,14
src\routes\labs\lab8_bikewatching\+page.svelte,98,js,d2a0287d,Jin G,2024-09-13,09:15:07,-04:00,2024-09-13T09:15:07-04:00,0,2
src\routes\labs\lab8_bikewatching\+page.svelte,99,js,34b90c70,Jin G,2024-09-13,08:35:06,-04:00,2024-09-13T08:35:06-04:00,0,0
src\routes\labs\lab8_bikewatching\+page.svelte,100,js,3251721a,Jin G,2024-09-13,10:44:54,-04:00,2024-09-13T10:44:54-04:00,0,50
src\routes\labs\lab8_bikewatching\+page.svelte,101,js,3251721a,Jin G,2024-09-13,10:44:54,-04:00,2024-09-13T10:44:54-04:00,0,69
src\routes\labs\lab8_bikewatching\+page.svelte,102,js,3a821d80,Jin G,2024-09-13,09:32:40,-04:00,2024-09-13T09:32:40-04:00,0,0
src\routes\labs\lab8_bikewatching\+page.svelte,103,js,d2a0287d,Jin G,2024-09-13,09:15:07,-04:00,2024-09-13T09:15:07-04:00,0,21
src\routes\labs\lab8_bikewatching\+page.svelte,104,js,34b90c70,Jin G,2024-09-13,08:35:06,-04:00,2024-09-13T08:35:06-04:00,0,0
src\routes\labs\lab8_bikewatching\+page.svelte,105,js,5ba41089,Jin G,2024-09-13,09:41:15,-04:00,2024-09-13T09:41:15-04:00,0,38
src\routes\labs\lab8_bikewatching\+page.svelte,106,js,d2a0287d,Jin G,2024-09-13,09:15:07,-04:00,2024-09-13T09:15:07-04:00,0,24
src\routes\labs\lab8_bikewatching\+page.svelte,107,js,3a821d80,Jin G,2024-09-13,09:32:40,-04:00,2024-09-13T09:32:40-04:00,0,0
src\routes\labs\lab8_bikewatching\+page.svelte,108,js,d2a0287d,Jin G,2024-09-13,09:15:07,-04:00,2024-09-13T09:15:07-04:00,0,20
src\routes\labs\lab8_bikewatching\+page.svelte,109,js,97d8621f,Jin G,2024-09-12,19:47:51,-04:00,2024-09-12T19:47:51-04:00,0,0
src\routes\labs\lab8_bikewatching\+page.svelte,110,js,34b90c70,Jin G,2024-09-13,08:35:06,-04:00,2024-09-13T08:35:06-04:00,0,36
src\routes\labs\lab8_bikewatching\+page.svelte,111,js,34b90c70,Jin G,2024-09-13,08:35:06,-04:00,2024-09-13T08:35:06-04:00,0,0
src\routes\labs\lab8_bikewatching\+page.svelte,112,js,34b90c70,Jin G,2024-09-13,08:35:06,-04:00,2024-09-13T08:35:06-04:00,0,35
src\routes\labs\lab8_bikewatching\+page.svelte,113,js,d2a0287d,Jin G,2024-09-13,09:15:07,-04:00,2024-09-13T09:15:07-04:00,0,44
src\routes\labs\lab8_bikewatching\+page.svelte,114,js,34b90c70,Jin G,2024-09-13,08:35:06,-04:00,2024-09-13T08:35:06-04:00,0,0
src\routes\labs\lab8_bikewatching\+page.svelte,115,js,34b90c70,Jin G,2024-09-13,08:35:06,-04:00,2024-09-13T08:35:06-04:00,0,52
src\routes\labs\lab8_bikewatching\+page.svelte,116,js,97d8621f,Jin G,2024-09-12,19:47:51,-04:00,2024-09-12T19:47:51-04:00,0,34
src\routes\labs\lab8_bikewatching\+page.svelte,117,js,d2a0287d,Jin G,2024-09-13,09:15:07,-04:00,2024-09-13T09:15:07-04:00,0,0
src\routes\labs\lab8_bikewatching\+page.svelte,118,js,56b1a9f4,Jin G,2024-09-12,13:47:24,-04:00,2024-09-12T13:47:24-04:00,0,23
src\routes\labs\lab8_bikewatching\+page.svelte,119,js,56b1a9f4,Jin G,2024-09-12,13:47:24,-04:00,2024-09-12T13:47:24-04:00,0,51
src\routes\labs\lab8_bikewatching\+page.svelte,120,js,56b1a9f4,Jin G,2024-09-12,13:47:24,-04:00,2024-09-12T13:47:24-04:00,0,81
src\routes\labs\lab8_bikewatching\+page.svelte,121,js,56b1a9f4,Jin G,2024-09-12,13:47:24,-04:00,2024-09-12T13:47:24-04:00,0,65
src\routes\labs\lab8_bikewatching\+page.svelte,122,js,56b1a9f4,Jin G,2024-09-12,13:47:24,-04:00,2024-09-12T13:47:24-04:00,0,25
src\routes\labs\lab8_bikewatching\+page.svelte,123,js,56b1a9f4,Jin G,2024-09-12,13:47:24,-04:00,2024-09-12T13:47:24-04:00,0,2
src\routes\labs\lab8_bikewatching\+page.svelte,124,js,feabd744,Jin G,2024-09-12,10:45:08,-04:00,2024-09-12T10:45:08-04:00,0,0
src\routes\labs\lab8_bikewatching\+page.svelte,125,js,97d8621f,Jin G,2024-09-12,19:47:51,-04:00,2024-09-12T19:47:51-04:00,0,30
src\routes\labs\lab8_bikewatching\+page.svelte,126,js,97d8621f,Jin G,2024-09-12,19:47:51,-04:00,2024-09-12T19:47:51-04:00,0,0
src\routes\labs\lab8_bikewatching\+page.svelte,127,js,97d8621f,Jin G,2024-09-12,19:47:51,-04:00,2024-09-12T19:47:51-04:00,0,33
src\routes\labs\lab8_bikewatching\+page.svelte,128,js,97d8621f,Jin G,2024-09-12,19:47:51,-04:00,2024-09-12T19:47:51-04:00,0,40
src\routes\labs\lab8_bikewatching\+page.svelte,129,js,97d8621f,Jin G,2024-09-12,19:47:51,-04:00,2024-09-12T19:47:51-04:00,0,24
src\routes\labs\lab8_bikewatching\+page.svelte,130,js,97d8621f,Jin G,2024-09-12,19:47:51,-04:00,2024-09-12T19:47:51-04:00,0,3
src\routes\labs\lab8_bikewatching\+page.svelte,131,js,97d8621f,Jin G,2024-09-12,19:47:51,-04:00,2024-09-12T19:47:51-04:00,0,0
src\routes\labs\lab8_bikewatching\+page.svelte,132,js,56b1a9f4,Jin G,2024-09-12,13:47:24,-04:00,2024-09-12T13:47:24-04:00,0,61
src\routes\labs\lab8_bikewatching\+page.svelte,133,js,97d8621f,Jin G,2024-09-12,19:47:51,-04:00,2024-09-12T19:47:51-04:00,0,27
src\routes\labs\lab8_bikewatching\+page.svelte,134,js,56b1a9f4,Jin G,2024-09-12,13:47:24,-04:00,2024-09-12T13:47:24-04:00,0,30
src\routes\labs\lab8_bikewatching\+page.svelte,135,js,56b1a9f4,Jin G,2024-09-12,13:47:24,-04:00,2024-09-12T13:47:24-04:00,0,15
src\routes\labs\lab8_bikewatching\+page.svelte,136,js,56b1a9f4,Jin G,2024-09-12,13:47:24,-04:00,2024-09-12T13:47:24-04:00,0,167
src\routes\labs\lab8_bikewatching\+page.svelte,137,js,56b1a9f4,Jin G,2024-09-12,13:47:24,-04:00,2024-09-12T13:47:24-04:00,0,2
src\routes\labs\lab8_bikewatching\+page.svelte,138,js,feabd744,Jin G,2024-09-12,10:45:08,-04:00,2024-09-12T10:45:08-04:00,0,0
src\routes\labs\lab8_bikewatching\+page.svelte,139,js,56b1a9f4,Jin G,2024-09-12,13:47:24,-04:00,2024-09-12T13:47:24-04:00,0,33
src\routes\labs\lab8_bikewatching\+page.svelte,140,js,56b1a9f4,Jin G,2024-09-12,13:47:24,-04:00,2024-09-12T13:47:24-04:00,0,15
src\routes\labs\lab8_bikewatching\+page.svelte,141,js,56b1a9f4,Jin G,2024-09-12,13:47:24,-04:00,2024-09-12T13:47:24-04:00,0,138
src\routes\labs\lab8_bikewatching\+page.svelte,142,js,56b1a9f4,Jin G,2024-09-12,13:47:24,-04:00,2024-09-12T13:47:24-04:00,0,2
src\routes\labs\lab8_bikewatching\+page.svelte,143,js,56b1a9f4,Jin G,2024-09-12,13:47:24,-04:00,2024-09-12T13:47:24-04:00,0,0
src\routes\labs\lab8_bikewatching\+page.svelte,144,js,56b1a9f4,Jin G,2024-09-12,13:47:24,-04:00,2024-09-12T13:47:24-04:00,0,13
src\routes\labs\lab8_bikewatching\+page.svelte,145,js,56b1a9f4,Jin G,2024-09-12,13:47:24,-04:00,2024-09-12T13:47:24-04:00,0,48
src\routes\labs\lab8_bikewatching\+page.svelte,146,js,56b1a9f4,Jin G,2024-09-12,13:47:24,-04:00,2024-09-12T13:47:24-04:00,0,65
src\routes\labs\lab8_bikewatching\+page.svelte,147,js,56b1a9f4,Jin G,2024-09-12,13:47:24,-04:00,2024-09-12T13:47:24-04:00,0,62
src\routes\labs\lab8_bikewatching\+page.svelte,148,js,56b1a9f4,Jin G,2024-09-12,13:47:24,-04:00,2024-09-12T13:47:24-04:00,0,7
src\routes\labs\lab8_bikewatching\+page.svelte,149,js,97d8621f,Jin G,2024-09-12,19:47:51,-04:00,2024-09-12T19:47:51-04:00,0,21
src\routes\labs\lab8_bikewatching\+page.svelte,150,js,97d8621f,Jin G,2024-09-12,19:47:51,-04:00,2024-09-12T19:47:51-04:00,0,15
src\routes\labs\lab8_bikewatching\+page.svelte,151,js,56b1a9f4,Jin G,2024-09-12,13:47:24,-04:00,2024-09-12T13:47:24-04:00,0,1
src\routes\labs\lab8_bikewatching\+page.svelte,152,js,56b1a9f4,Jin G,2024-09-12,13:47:24,-04:00,2024-09-12T13:47:24-04:00,0,2
src\routes\labs\lab8_bikewatching\+page.svelte,153,js,56b1a9f4,Jin G,2024-09-12,13:47:24,-04:00,2024-09-12T13:47:24-04:00,0,0
src\routes\labs\lab8_bikewatching\+page.svelte,154,js,56b1a9f4,Jin G,2024-09-12,13:47:24,-04:00,2024-09-12T13:47:24-04:00,0,13
src\routes\labs\lab8_bikewatching\+page.svelte,155,js,56b1a9f4,Jin G,2024-09-12,13:47:24,-04:00,2024-09-12T13:47:24-04:00,0,58
src\routes\labs\lab8_bikewatching\+page.svelte,156,js,56b1a9f4,Jin G,2024-09-12,13:47:24,-04:00,2024-09-12T13:47:24-04:00,0,65
src\routes\labs\lab8_bikewatching\+page.svelte,157,js,56b1a9f4,Jin G,2024-09-12,13:47:24,-04:00,2024-09-12T13:47:24-04:00,0,65
src\routes\labs\lab8_bikewatching\+page.svelte,158,js,56b1a9f4,Jin G,2024-09-12,13:47:24,-04:00,2024-09-12T13:47:24-04:00,0,7
src\routes\labs\lab8_bikewatching\+page.svelte,159,js,97d8621f,Jin G,2024-09-12,19:47:51,-04:00,2024-09-12T19:47:51-04:00,0,21
src\routes\labs\lab8_bikewatching\+page.svelte,160,js,97d8621f,Jin G,2024-09-12,19:47:51,-04:00,2024-09-12T19:47:51-04:00,0,15
src\routes\labs\lab8_bikewatching\+page.svelte,161,js,56b1a9f4,Jin G,2024-09-12,13:47:24,-04:00,2024-09-12T13:47:24-04:00,0,1
src\routes\labs\lab8_bikewatching\+page.svelte,162,js,56b1a9f4,Jin G,2024-09-12,13:47:24,-04:00,2024-09-12T13:47:24-04:00,0,2
src\routes\labs\lab8_bikewatching\+page.svelte,163,js,56b1a9f4,Jin G,2024-09-12,13:47:24,-04:00,2024-09-12T13:47:24-04:00,0,2
src\routes\labs\lab8_bikewatching\+page.svelte,164,js,56b1a9f4,Jin G,2024-09-12,13:47:24,-04:00,2024-09-12T13:47:24-04:00,0,2
src\routes\labs\lab8_bikewatching\+page.svelte,165,js,97d8621f,Jin G,2024-09-12,19:47:51,-04:00,2024-09-12T19:47:51-04:00,0,0
src\routes\labs\lab8_bikewatching\+page.svelte,166,js,34b90c70,Jin G,2024-09-13,08:35:06,-04:00,2024-09-13T08:35:06-04:00,0,45
src\routes\labs\lab8_bikewatching\+page.svelte,167,js,2144ca8d,Jin G,2024-09-12,19:51:15,-04:00,2024-09-12T19:51:15-04:00,0,0
src\routes\labs\lab8_bikewatching\+page.svelte,168,js,34b90c70,Jin G,2024-09-13,08:35:06,-04:00,2024-09-13T08:35:06-04:00,0,18
src\routes\labs\lab8_bikewatching\+page.svelte,169,js,34b90c70,Jin G,2024-09-13,08:35:06,-04:00,2024-09-13T08:35:06-04:00,0,28
src\routes\labs\lab8_bikewatching\+page.svelte,170,js,34b90c70,Jin G,2024-09-13,08:35:06,-04:00,2024-09-13T08:35:06-04:00,0,23
src\routes\labs\lab8_bikewatching\+page.svelte,171,js,34b90c70,Jin G,2024-09-13,08:35:06,-04:00,2024-09-13T08:35:06-04:00,0,60
src\routes\labs\lab8_bikewatching\+page.svelte,172,js,34b90c70,Jin G,2024-09-13,08:35:06,-04:00,2024-09-13T08:35:06-04:00,0,33
src\routes\labs\lab8_bikewatching\+page.svelte,173,js,34b90c70,Jin G,2024-09-13,08:35:06,-04:00,2024-09-13T08:35:06-04:00,0,23
src\routes\labs\lab8_bikewatching\+page.svelte,174,js,34b90c70,Jin G,2024-09-13,08:35:06,-04:00,2024-09-13T08:35:06-04:00,0,0
src\routes\labs\lab8_bikewatching\+page.svelte,175,js,3251721a,Jin G,2024-09-13,10:44:54,-04:00,2024-09-13T10:44:54-04:00,0,0
src\routes\labs\lab8_bikewatching\+page.svelte,176,js,3251721a,Jin G,2024-09-13,10:44:54,-04:00,2024-09-13T10:44:54-04:00,0,36
src\routes\labs\lab8_bikewatching\+page.svelte,177,js,3251721a,Jin G,2024-09-13,10:44:54,-04:00,2024-09-13T10:44:54-04:00,0,47
src\routes\labs\lab8_bikewatching\+page.svelte,178,js,3251721a,Jin G,2024-09-13,10:44:54,-04:00,2024-09-13T10:44:54-04:00,0,0
src\routes\labs\lab8_bikewatching\+page.svelte,179,js,3251721a,Jin G,2024-09-13,10:44:54,-04:00,2024-09-13T10:44:54-04:00,0,0
src\routes\labs\lab8_bikewatching\+page.svelte,180,js,fb6fd253,Jin G,2024-09-14,08:15:17,-04:00,2024-09-14T08:15:17-04:00,0,52
src\routes\labs\lab8_bikewatching\+page.svelte,181,js,fb6fd253,Jin G,2024-09-14,08:15:17,-04:00,2024-09-14T08:15:17-04:00,0,93
src\routes\labs\lab8_bikewatching\+page.svelte,182,js,fb6fd253,Jin G,2024-09-14,08:15:17,-04:00,2024-09-14T08:15:17-04:00,0,32
src\routes\labs\lab8_bikewatching\+page.svelte,183,js,fb6fd253,Jin G,2024-09-14,08:15:17,-04:00,2024-09-14T08:15:17-04:00,0,118
src\routes\labs\lab8_bikewatching\+page.svelte,184,js,fb6fd253,Jin G,2024-09-14,08:15:17,-04:00,2024-09-14T08:15:17-04:00,0,49
src\routes\labs\lab8_bikewatching\+page.svelte,185,js,fb6fd253,Jin G,2024-09-14,08:15:17,-04:00,2024-09-14T08:15:17-04:00,0,62
src\routes\labs\lab8_bikewatching\+page.svelte,186,js,fb6fd253,Jin G,2024-09-14,08:15:17,-04:00,2024-09-14T08:15:17-04:00,0,3
src\routes\labs\lab8_bikewatching\+page.svelte,187,js,fb6fd253,Jin G,2024-09-14,08:15:17,-04:00,2024-09-14T08:15:17-04:00,0,0
src\routes\labs\lab8_bikewatching\+page.svelte,188,js,fb6fd253,Jin G,2024-09-14,08:15:17,-04:00,2024-09-14T08:15:17-04:00,0,49
src\routes\labs\lab8_bikewatching\+page.svelte,189,js,fb6fd253,Jin G,2024-09-14,08:15:17,-04:00,2024-09-14T08:15:17-04:00,0,24
src\routes\labs\lab8_bikewatching\+page.svelte,190,js,fb6fd253,Jin G,2024-09-14,08:15:17,-04:00,2024-09-14T08:15:17-04:00,0,13
src\routes\labs\lab8_bikewatching\+page.svelte,191,js,fb6fd253,Jin G,2024-09-14,08:15:17,-04:00,2024-09-14T08:15:17-04:00,0,7
src\routes\labs\lab8_bikewatching\+page.svelte,192,js,fb6fd253,Jin G,2024-09-14,08:15:17,-04:00,2024-09-14T08:15:17-04:00,0,65
src\routes\labs\lab8_bikewatching\+page.svelte,193,js,fb6fd253,Jin G,2024-09-14,08:15:17,-04:00,2024-09-14T08:15:17-04:00,0,0
src\routes\labs\lab8_bikewatching\+page.svelte,194,js,fb6fd253,Jin G,2024-09-14,08:15:17,-04:00,2024-09-14T08:15:17-04:00,0,18
src\routes\labs\lab8_bikewatching\+page.svelte,195,js,fb6fd253,Jin G,2024-09-14,08:15:17,-04:00,2024-09-14T08:15:17-04:00,0,56
src\routes\labs\lab8_bikewatching\+page.svelte,196,js,fb6fd253,Jin G,2024-09-14,08:15:17,-04:00,2024-09-14T08:15:17-04:00,0,0
src\routes\labs\lab8_bikewatching\+page.svelte,197,js,fb6fd253,Jin G,2024-09-14,08:15:17,-04:00,2024-09-14T08:15:17-04:00,0,0
src\routes\labs\lab8_bikewatching\+page.svelte,198,js,fb6fd253,Jin G,2024-09-14,08:15:17,-04:00,2024-09-14T08:15:17-04:00,0,40
src\routes\labs\lab8_bikewatching\+page.svelte,199,js,fb6fd253,Jin G,2024-09-14,08:15:17,-04:00,2024-09-14T08:15:17-04:00,0,75
src\routes\labs\lab8_bikewatching\+page.svelte,200,js,fb6fd253,Jin G,2024-09-14,08:15:17,-04:00,2024-09-14T08:15:17-04:00,0,0
src\routes\labs\lab8_bikewatching\+page.svelte,201,js,fb6fd253,Jin G,2024-09-14,08:15:17,-04:00,2024-09-14T08:15:17-04:00,0,0
src\routes\labs\lab8_bikewatching\+page.svelte,202,js,fb6fd253,Jin G,2024-09-14,08:15:17,-04:00,2024-09-14T08:15:17-04:00,0,24
src\routes\labs\lab8_bikewatching\+page.svelte,203,js,fb6fd253,Jin G,2024-09-14,08:15:17,-04:00,2024-09-14T08:15:17-04:00,0,76
src\routes\labs\lab8_bikewatching\+page.svelte,204,js,fb6fd253,Jin G,2024-09-14,08:15:17,-04:00,2024-09-14T08:15:17-04:00,0,0
src\routes\labs\lab8_bikewatching\+page.svelte,205,js,fb6fd253,Jin G,2024-09-14,08:15:17,-04:00,2024-09-14T08:15:17-04:00,0,0
src\routes\labs\lab8_bikewatching\+page.svelte,206,js,fb6fd253,Jin G,2024-09-14,08:15:17,-04:00,2024-09-14T08:15:17-04:00,0,0
src\routes\labs\lab8_bikewatching\+page.svelte,207,js,dce5c110,Jin G,2024-09-13,18:15:42,-04:00,2024-09-13T18:15:42-04:00,0,17
src\routes\labs\lab8_bikewatching\+page.svelte,208,js,dce5c110,Jin G,2024-09-13,18:15:42,-04:00,2024-09-13T18:15:42-04:00,0,16
src\routes\labs\lab8_bikewatching\+page.svelte,209,js,dce5c110,Jin G,2024-09-13,18:15:42,-04:00,2024-09-13T18:15:42-04:00,0,6
src\routes\labs\lab8_bikewatching\+page.svelte,210,js,dce5c110,Jin G,2024-09-13,18:15:42,-04:00,2024-09-13T18:15:42-04:00,0,25
src\routes\labs\lab8_bikewatching\+page.svelte,211,js,dce5c110,Jin G,2024-09-13,18:15:42,-04:00,2024-09-13T18:15:42-04:00,0,58
src\routes\labs\lab8_bikewatching\+page.svelte,212,js,dce5c110,Jin G,2024-09-13,18:15:42,-04:00,2024-09-13T18:15:42-04:00,0,45
src\routes\labs\lab8_bikewatching\+page.svelte,213,js,dce5c110,Jin G,2024-09-13,18:15:42,-04:00,2024-09-13T18:15:42-04:00,0,56
src\routes\labs\lab8_bikewatching\+page.svelte,214,js,dce5c110,Jin G,2024-09-13,18:15:42,-04:00,2024-09-13T18:15:42-04:00,0,41
src\routes\labs\lab8_bikewatching\+page.svelte,215,js,dce5c110,Jin G,2024-09-13,18:15:42,-04:00,2024-09-13T18:15:42-04:00,0,7
src\routes\labs\lab8_bikewatching\+page.svelte,216,js,dce5c110,Jin G,2024-09-13,18:15:42,-04:00,2024-09-13T18:15:42-04:00,0,45
src\routes\labs\lab8_bikewatching\+page.svelte,217,js,dce5c110,Jin G,2024-09-13,18:15:42,-04:00,2024-09-13T18:15:42-04:00,0,40
src\routes\labs\lab8_bikewatching\+page.svelte,218,js,dce5c110,Jin G,2024-09-13,18:15:42,-04:00,2024-09-13T18:15:42-04:00,0,1
src\routes\labs\lab8_bikewatching\+page.svelte,219,js,dce5c110,Jin G,2024-09-13,18:15:42,-04:00,2024-09-13T18:15:42-04:00,0,2
src\routes\labs\lab8_bikewatching\+page.svelte,220,js,3251721a,Jin G,2024-09-13,10:44:54,-04:00,2024-09-13T10:44:54-04:00,0,0
src\routes\labs\lab8_bikewatching\+page.svelte,221,js,3251721a,Jin G,2024-09-13,10:44:54,-04:00,2024-09-13T10:44:54-04:00,0,31
src\routes\labs\lab8_bikewatching\+page.svelte,222,js,dce5c110,Jin G,2024-09-13,18:15:42,-04:00,2024-09-13T18:15:42-04:00,0,76
src\routes\labs\lab8_bikewatching\+page.svelte,223,js,dce5c110,Jin G,2024-09-13,18:15:42,-04:00,2024-09-13T18:15:42-04:00,0,58
src\routes\labs\lab8_bikewatching\+page.svelte,224,js,dce5c110,Jin G,2024-09-13,18:15:42,-04:00,2024-09-13T18:15:42-04:00,0,47
src\routes\labs\lab8_bikewatching\+page.svelte,225,js,3251721a,Jin G,2024-09-13,10:44:54,-04:00,2024-09-13T10:44:54-04:00,0,1
src\routes\labs\lab8_bikewatching\+page.svelte,226,js,3251721a,Jin G,2024-09-13,10:44:54,-04:00,2024-09-13T10:44:54-04:00,0,0
src\routes\labs\lab8_bikewatching\+page.svelte,227,js,3251721a,Jin G,2024-09-13,10:44:54,-04:00,2024-09-13T10:44:54-04:00,0,33
src\routes\labs\lab8_bikewatching\+page.svelte,228,js,dce5c110,Jin G,2024-09-13,18:15:42,-04:00,2024-09-13T18:15:42-04:00,0,78
src\routes\labs\lab8_bikewatching\+page.svelte,229,js,dce5c110,Jin G,2024-09-13,18:15:42,-04:00,2024-09-13T18:15:42-04:00,0,60
src\routes\labs\lab8_bikewatching\+page.svelte,230,js,dce5c110,Jin G,2024-09-13,18:15:42,-04:00,2024-09-13T18:15:42-04:00,0,51
src\routes\labs\lab8_bikewatching\+page.svelte,231,js,3251721a,Jin G,2024-09-13,10:44:54,-04:00,2024-09-13T10:44:54-04:00,0,1
src\routes\labs\lab8_bikewatching\+page.svelte,232,js,3251721a,Jin G,2024-09-13,10:44:54,-04:00,2024-09-13T10:44:54-04:00,0,0
src\routes\labs\lab8_bikewatching\+page.svelte,233,js,dce5c110,Jin G,2024-09-13,18:15:42,-04:00,2024-09-13T18:15:42-04:00,0,49
src\routes\labs\lab8_bikewatching\+page.svelte,234,js,dce5c110,Jin G,2024-09-13,18:15:42,-04:00,2024-09-13T18:15:42-04:00,0,72
src\routes\labs\lab8_bikewatching\+page.svelte,235,js,3251721a,Jin G,2024-09-13,10:44:54,-04:00,2024-09-13T10:44:54-04:00,0,60
src\routes\labs\lab8_bikewatching\+page.svelte,236,js,3251721a,Jin G,2024-09-13,10:44:54,-04:00,2024-09-13T10:44:54-04:00,0,64
src\routes\labs\lab8_bikewatching\+page.svelte,237,js,3251721a,Jin G,2024-09-13,10:44:54,-04:00,2024-09-13T10:44:54-04:00,0,60
src\routes\labs\lab8_bikewatching\+page.svelte,238,js,fb6fd253,Jin G,2024-09-14,08:15:17,-04:00,2024-09-14T08:15:17-04:00,0,0
src\routes\labs\lab8_bikewatching\+page.svelte,239,js,fb6fd253,Jin G,2024-09-14,08:15:17,-04:00,2024-09-14T08:15:17-04:00,0,63
src\routes\labs\lab8_bikewatching\+page.svelte,240,js,fb6fd253,Jin G,2024-09-14,08:15:17,-04:00,2024-09-14T08:15:17-04:00,0,63
src\routes\labs\lab8_bikewatching\+page.svelte,241,js,fb6fd253,Jin G,2024-09-14,08:15:17,-04:00,2024-09-14T08:15:17-04:00,0,0
src\routes\labs\lab8_bikewatching\+page.svelte,242,js,3251721a,Jin G,2024-09-13,10:44:54,-04:00,2024-09-13T10:44:54-04:00,0,14
src\routes\labs\lab8_bikewatching\+page.svelte,243,js,3251721a,Jin G,2024-09-13,10:44:54,-04:00,2024-09-13T10:44:54-04:00,0,2
src\routes\labs\lab8_bikewatching\+page.svelte,244,js,3251721a,Jin G,2024-09-13,10:44:54,-04:00,2024-09-13T10:44:54-04:00,0,0
src\routes\labs\lab8_bikewatching\+page.svelte,245,js,dce5c110,Jin G,2024-09-13,18:15:42,-04:00,2024-09-13T18:15:42-04:00,0,18
src\routes\labs\lab8_bikewatching\+page.svelte,246,js,dce5c110,Jin G,2024-09-13,18:15:42,-04:00,2024-09-13T18:15:42-04:00,0,11
src\routes\labs\lab8_bikewatching\+page.svelte,247,js,dce5c110,Jin G,2024-09-13,18:15:42,-04:00,2024-09-13T18:15:42-04:00,0,60
src\routes\labs\lab8_bikewatching\+page.svelte,248,js,dce5c110,Jin G,2024-09-13,18:15:42,-04:00,2024-09-13T18:15:42-04:00,0,87
src\routes\labs\lab8_bikewatching\+page.svelte,249,svelte,feabd744,Jin G,2024-09-12,10:45:08,-04:00,2024-09-12T10:45:08-04:00,0,8
src\routes\labs\lab8_bikewatching\+page.svelte,250,svelte,feabd744,Jin G,2024-09-12,10:45:08,-04:00,2024-09-12T10:45:08-04:00,0,0
src\routes\labs\lab8_bikewatching\+page.svelte,251,svelte,97d8621f,Jin G,2024-09-12,19:47:51,-04:00,2024-09-12T19:47:51-04:00,0,4
src\routes\labs\lab8_bikewatching\+page.svelte,252,svelte,f94476fb,Jin G,2024-09-15,16:12:34,-04:00,2024-09-15T16:12:34-04:00,0,58
src\routes\labs\lab8_bikewatching\+page.svelte,253,svelte,fb6fd253,Jin G,2024-09-14,08:15:17,-04:00,2024-09-14T08:15:17-04:00,0,28
src\routes\labs\lab8_bikewatching\+page.svelte,254,svelte,5ba41089,Jin G,2024-09-13,09:41:15,-04:00,2024-09-13T09:41:15-04:00,0,6
src\routes\labs\lab8_bikewatching\+page.svelte,255,svelte,5ba41089,Jin G,2024-09-13,09:41:15,-04:00,2024-09-13T09:41:15-04:00,0,14
src\routes\labs\lab8_bikewatching\+page.svelte,256,svelte,5ba41089,Jin G,2024-09-13,09:41:15,-04:00,2024-09-13T09:41:15-04:00,0,5
src\routes\labs\lab8_bikewatching\+page.svelte,257,svelte,7d28acde,Jin G,2024-09-13,10:18:19,-04:00,2024-09-13T10:18:19-04:00,0,22
src\routes\labs\lab8_bikewatching\+page.svelte,258,svelte,5ba41089,Jin G,2024-09-13,09:41:15,-04:00,2024-09-13T09:41:15-04:00,0,11
src\routes\labs\lab8_bikewatching\+page.svelte,259,svelte,5ba41089,Jin G,2024-09-13,09:41:15,-04:00,2024-09-13T09:41:15-04:00,0,7
src\routes\labs\lab8_bikewatching\+page.svelte,260,svelte,5ba41089,Jin G,2024-09-13,09:41:15,-04:00,2024-09-13T09:41:15-04:00,0,9
src\routes\labs\lab8_bikewatching\+page.svelte,261,svelte,5ba41089,Jin G,2024-09-13,09:41:15,-04:00,2024-09-13T09:41:15-04:00,0,56
src\routes\labs\lab8_bikewatching\+page.svelte,262,svelte,5ba41089,Jin G,2024-09-13,09:41:15,-04:00,2024-09-13T09:41:15-04:00,0,1
src\routes\labs\lab8_bikewatching\+page.svelte,263,svelte,5ba41089,Jin G,2024-09-13,09:41:15,-04:00,2024-09-13T09:41:15-04:00,0,22
src\routes\labs\lab8_bikewatching\+page.svelte,264,svelte,5ba41089,Jin G,2024-09-13,09:41:15,-04:00,2024-09-13T09:41:15-04:00,0,42
src\routes\labs\lab8_bikewatching\+page.svelte,265,svelte,5ba41089,Jin G,2024-09-13,09:41:15,-04:00,2024-09-13T09:41:15-04:00,0,6
src\routes\labs\lab8_bikewatching\+page.svelte,266,svelte,7d28acde,Jin G,2024-09-13,10:18:19,-04:00,2024-09-13T10:18:19-04:00,0,53
src\routes\labs\lab8_bikewatching\+page.svelte,267,svelte,5ba41089,Jin G,2024-09-13,09:41:15,-04:00,2024-09-13T09:41:15-04:00,0,4
src\routes\labs\lab8_bikewatching\+page.svelte,268,svelte,5ba41089,Jin G,2024-09-13,09:41:15,-04:00,2024-09-13T09:41:15-04:00,0,7
src\routes\labs\lab8_bikewatching\+page.svelte,269,svelte,34b90c70,Jin G,2024-09-13,08:35:06,-04:00,2024-09-13T08:35:06-04:00,0,13
src\routes\labs\lab8_bikewatching\+page.svelte,270,svelte,34b90c70,Jin G,2024-09-13,08:35:06,-04:00,2024-09-13T08:35:06-04:00,0,20
src\routes\labs\lab8_bikewatching\+page.svelte,271,svelte,34b90c70,Jin G,2024-09-13,08:35:06,-04:00,2024-09-13T08:35:06-04:00,0,4
src\routes\labs\lab8_bikewatching\+page.svelte,272,svelte,d2a0287d,Jin G,2024-09-13,09:15:07,-04:00,2024-09-13T09:15:07-04:00,0,27
src\routes\labs\lab8_bikewatching\+page.svelte,273,svelte,34b90c70,Jin G,2024-09-13,08:35:06,-04:00,2024-09-13T08:35:06-04:00,0,4
src\routes\labs\lab8_bikewatching\+page.svelte,274,svelte,34b90c70,Jin G,2024-09-13,08:35:06,-04:00,2024-09-13T08:35:06-04:00,0,6
src\routes\labs\lab8_bikewatching\+page.svelte,275,svelte,fb6fd253,Jin G,2024-09-14,08:15:17,-04:00,2024-09-14T08:15:17-04:00,0,61
src\routes\labs\lab8_bikewatching\+page.svelte,276,svelte,34b90c70,Jin G,2024-09-13,08:35:06,-04:00,2024-09-13T08:35:06-04:00,0,25
src\routes\labs\lab8_bikewatching\+page.svelte,277,svelte,34b90c70,Jin G,2024-09-13,08:35:06,-04:00,2024-09-13T08:35:06-04:00,0,25
src\routes\labs\lab8_bikewatching\+page.svelte,278,svelte,5ba41089,Jin G,2024-09-13,09:41:15,-04:00,2024-09-13T09:41:15-04:00,0,36
src\routes\labs\lab8_bikewatching\+page.svelte,279,svelte,3a821d80,Jin G,2024-09-13,09:32:40,-04:00,2024-09-13T09:32:40-04:00,0,17
src\routes\labs\lab8_bikewatching\+page.svelte,280,svelte,5ba41089,Jin G,2024-09-13,09:41:15,-04:00,2024-09-13T09:41:15-04:00,0,13
src\routes\labs\lab8_bikewatching\+page.svelte,281,svelte,5ba41089,Jin G,2024-09-13,09:41:15,-04:00,2024-09-13T09:41:15-04:00,0,20
src\routes\labs\lab8_bikewatching\+page.svelte,282,svelte,3a821d80,Jin G,2024-09-13,09:32:40,-04:00,2024-09-13T09:32:40-04:00,0,0
src\routes\labs\lab8_bikewatching\+page.svelte,283,svelte,5ba41089,Jin G,2024-09-13,09:41:15,-04:00,2024-09-13T09:41:15-04:00,0,5
src\routes\labs\lab8_bikewatching\+page.svelte,284,svelte,5ba41089,Jin G,2024-09-13,09:41:15,-04:00,2024-09-13T09:41:15-04:00,0,81
src\routes\labs\lab8_bikewatching\+page.svelte,285,svelte,5ba41089,Jin G,2024-09-13,09:41:15,-04:00,2024-09-13T09:41:15-04:00,0,15
src\routes\labs\lab8_bikewatching\+page.svelte,286,svelte,5ba41089,Jin G,2024-09-13,09:41:15,-04:00,2024-09-13T09:41:15-04:00,0,0
src\routes\labs\lab8_bikewatching\+page.svelte,287,svelte,5ba41089,Jin G,2024-09-13,09:41:15,-04:00,2024-09-13T09:41:15-04:00,0,8
src\routes\labs\lab8_bikewatching\+page.svelte,288,svelte,34b90c70,Jin G,2024-09-13,08:35:06,-04:00,2024-09-13T08:35:06-04:00,0,5
src\routes\labs\lab8_bikewatching\+page.svelte,289,svelte,34b90c70,Jin G,2024-09-13,08:35:06,-04:00,2024-09-13T08:35:06-04:00,0,6
src\routes\labs\lab8_bikewatching\+page.svelte,290,svelte,34b90c70,Jin G,2024-09-13,08:35:06,-04:00,2024-09-13T08:35:06-04:00,0,5
src\routes\labs\lab8_bikewatching\+page.svelte,291,svelte,2144ca8d,Jin G,2024-09-12,19:51:15,-04:00,2024-09-12T19:51:15-04:00,0,5
src\routes\labs\lab8_bikewatching\+page.svelte,292,svelte,34b90c70,Jin G,2024-09-13,08:35:06,-04:00,2024-09-13T08:35:06-04:00,0,5
src\routes\labs\lab8_bikewatching\+page.svelte,293,svelte,fb6fd253,Jin G,2024-09-14,08:15:17,-04:00,2024-09-14T08:15:17-04:00,0,0
src\routes\labs\lab8_bikewatching\+page.svelte,294,svelte,fb6fd253,Jin G,2024-09-14,08:15:17,-04:00,2024-09-14T08:15:17-04:00,0,0
src\routes\labs\lab8_bikewatching\+page.svelte,295,svelte,fb6fd253,Jin G,2024-09-14,08:15:17,-04:00,2024-09-14T08:15:17-04:00,0,19
src\routes\labs\lab8_bikewatching\+page.svelte,296,svelte,fb6fd253,Jin G,2024-09-14,08:15:17,-04:00,2024-09-14T08:15:17-04:00,0,25
src\routes\labs\lab8_bikewatching\+page.svelte,297,svelte,fb6fd253,Jin G,2024-09-14,08:15:17,-04:00,2024-09-14T08:15:17-04:00,0,36
src\routes\labs\lab8_bikewatching\+page.svelte,298,svelte,fb6fd253,Jin G,2024-09-14,08:15:17,-04:00,2024-09-14T08:15:17-04:00,0,37
src\routes\labs\lab8_bikewatching\+page.svelte,299,svelte,fb6fd253,Jin G,2024-09-14,08:15:17,-04:00,2024-09-14T08:15:17-04:00,0,0
src\routes\labs\lab8_bikewatching\+page.svelte,300,svelte,fb6fd253,Jin G,2024-09-14,08:15:17,-04:00,2024-09-14T08:15:17-04:00,0,5
src\routes\labs\lab8_bikewatching\+page.svelte,301,svelte,fb6fd253,Jin G,2024-09-14,08:15:17,-04:00,2024-09-14T08:15:17-04:00,0,25
src\routes\labs\lab8_bikewatching\+page.svelte,302,svelte,fb6fd253,Jin G,2024-09-14,08:15:17,-04:00,2024-09-14T08:15:17-04:00,0,42
src\routes\labs\lab8_bikewatching\+page.svelte,303,svelte,fb6fd253,Jin G,2024-09-14,08:15:17,-04:00,2024-09-14T08:15:17-04:00,0,48
src\routes\labs\lab8_bikewatching\+page.svelte,304,svelte,fb6fd253,Jin G,2024-09-14,08:15:17,-04:00,2024-09-14T08:15:17-04:00,0,0
src\routes\labs\lab8_bikewatching\+page.svelte,305,svelte,fb6fd253,Jin G,2024-09-14,08:15:17,-04:00,2024-09-14T08:15:17-04:00,0,5
src\routes\labs\lab8_bikewatching\+page.svelte,306,svelte,fb6fd253,Jin G,2024-09-14,08:15:17,-04:00,2024-09-14T08:15:17-04:00,0,25
src\routes\labs\lab8_bikewatching\+page.svelte,307,svelte,fb6fd253,Jin G,2024-09-14,08:15:17,-04:00,2024-09-14T08:15:17-04:00,0,40
src\routes\labs\lab8_bikewatching\+page.svelte,308,svelte,fb6fd253,Jin G,2024-09-14,08:15:17,-04:00,2024-09-14T08:15:17-04:00,0,41
src\routes\labs\lab8_bikewatching\+page.svelte,309,svelte,fb6fd253,Jin G,2024-09-14,08:15:17,-04:00,2024-09-14T08:15:17-04:00,0,0
src\routes\labs\lab8_bikewatching\+page.svelte,310,svelte,fb6fd253,Jin G,2024-09-14,08:15:17,-04:00,2024-09-14T08:15:17-04:00,0,5
src\routes\labs\lab8_bikewatching\+page.svelte,311,svelte,fb6fd253,Jin G,2024-09-14,08:15:17,-04:00,2024-09-14T08:15:17-04:00,0,25
src\routes\labs\lab8_bikewatching\+page.svelte,312,svelte,fb6fd253,Jin G,2024-09-14,08:15:17,-04:00,2024-09-14T08:15:17-04:00,0,40
src\routes\labs\lab8_bikewatching\+page.svelte,313,svelte,fb6fd253,Jin G,2024-09-14,08:15:17,-04:00,2024-09-14T08:15:17-04:00,0,46
src\routes\labs\lab8_bikewatching\+page.svelte,314,svelte,fb6fd253,Jin G,2024-09-14,08:15:17,-04:00,2024-09-14T08:15:17-04:00,0,0
src\routes\labs\lab8_bikewatching\+page.svelte,315,svelte,fb6fd253,Jin G,2024-09-14,08:15:17,-04:00,2024-09-14T08:15:17-04:00,0,5
src\routes\labs\lab8_bikewatching\+page.svelte,316,svelte,fb6fd253,Jin G,2024-09-14,08:15:17,-04:00,2024-09-14T08:15:17-04:00,0,5
src\routes\labs\lab8_bikewatching\+page.svelte,317,svelte,97d8621f,Jin G,2024-09-12,19:47:51,-04:00,2024-09-12T19:47:51-04:00,0,5
src\routes\labs\lab8_bikewatching\+page.svelte,318,svelte,feabd744,Jin G,2024-09-12,10:45:08,-04:00,2024-09-12T10:45:08-04:00,0,0
src\routes\labs\lab8_bikewatching\+page.svelte,319,svelte,feabd744,Jin G,2024-09-12,10:45:08,-04:00,2024-09-12T10:45:08-04:00,0,6
src\routes\labs\lab8_bikewatching\+page.svelte,320,css,feabd744,Jin G,2024-09-12,10:45:08,-04:00,2024-09-12T10:45:08-04:00,0,5
src\routes\labs\lab8_bikewatching\+page.svelte,321,css,feabd744,Jin G,2024-09-12,10:45:08,-04:00,2024-09-12T10:45:08-04:00,0,4
src\routes\labs\lab8_bikewatching\+page.svelte,322,css,feabd744,Jin G,2024-09-12,10:45:08,-04:00,2024-09-12T10:45:08-04:00,0,18
src\routes\labs\lab8_bikewatching\+page.svelte,323,css,feabd744,Jin G,2024-09-12,10:45:08,-04:00,2024-09-12T10:45:08-04:00,0,10
src\routes\labs\lab8_bikewatching\+page.svelte,324,css,feabd744,Jin G,2024-09-12,10:45:08,-04:00,2024-09-12T10:45:08-04:00,0,13
src\routes\labs\lab8_bikewatching\+page.svelte,325,css,feabd744,Jin G,2024-09-12,10:45:08,-04:00,2024-09-12T10:45:08-04:00,0,17
src\routes\labs\lab8_bikewatching\+page.svelte,326,css,feabd744,Jin G,2024-09-12,10:45:08,-04:00,2024-09-12T10:45:08-04:00,0,15
src\routes\labs\lab8_bikewatching\+page.svelte,327,css,feabd744,Jin G,2024-09-12,10:45:08,-04:00,2024-09-12T10:45:08-04:00,0,17
src\routes\labs\lab8_bikewatching\+page.svelte,328,css,feabd744,Jin G,2024-09-12,10:45:08,-04:00,2024-09-12T10:45:08-04:00,0,22
src\routes\labs\lab8_bikewatching\+page.svelte,329,css,feabd744,Jin G,2024-09-12,10:45:08,-04:00,2024-09-12T10:45:08-04:00,0,12
src\routes\labs\lab8_bikewatching\+page.svelte,330,css,feabd744,Jin G,2024-09-12,10:45:08,-04:00,2024-09-12T10:45:08-04:00,0,12
src\routes\labs\lab8_bikewatching\+page.svelte,331,css,feabd744,Jin G,2024-09-12,10:45:08,-04:00,2024-09-12T10:45:08-04:00,0,0
src\routes\labs\lab8_bikewatching\+page.svelte,332,css,feabd744,Jin G,2024-09-12,10:45:08,-04:00,2024-09-12T10:45:08-04:00,0,0
src\routes\labs\lab8_bikewatching\+page.svelte,333,css,feabd744,Jin G,2024-09-12,10:45:08,-04:00,2024-09-12T10:45:08-04:00,0,5
src\routes\labs\lab8_bikewatching\+page.svelte,334,css,f94476fb,Jin G,2024-09-15,16:12:34,-04:00,2024-09-15T16:12:34-04:00,0,14
src\routes\labs\lab8_bikewatching\+page.svelte,335,css,feabd744,Jin G,2024-09-12,10:45:08,-04:00,2024-09-12T10:45:08-04:00,0,7
src\routes\labs\lab8_bikewatching\+page.svelte,336,css,feabd744,Jin G,2024-09-12,10:45:08,-04:00,2024-09-12T10:45:08-04:00,0,17
src\routes\labs\lab8_bikewatching\+page.svelte,337,css,feabd744,Jin G,2024-09-12,10:45:08,-04:00,2024-09-12T10:45:08-04:00,0,0
src\routes\labs\lab8_bikewatching\+page.svelte,338,css,97d8621f,Jin G,2024-09-12,19:47:51,-04:00,2024-09-12T19:47:51-04:00,0,0
src\routes\labs\lab8_bikewatching\+page.svelte,339,css,97d8621f,Jin G,2024-09-12,19:47:51,-04:00,2024-09-12T19:47:51-04:00,0,4
src\routes\labs\lab8_bikewatching\+page.svelte,340,css,97d8621f,Jin G,2024-09-12,19:47:51,-04:00,2024-09-12T19:47:51-04:00,0,18
src\routes\labs\lab8_bikewatching\+page.svelte,341,css,f94476fb,Jin G,2024-09-15,16:12:34,-04:00,2024-09-15T16:12:34-04:00,0,10
src\routes\labs\lab8_bikewatching\+page.svelte,342,css,97d8621f,Jin G,2024-09-12,19:47:51,-04:00,2024-09-12T19:47:51-04:00,0,11
src\routes\labs\lab8_bikewatching\+page.svelte,343,css,97d8621f,Jin G,2024-09-12,19:47:51,-04:00,2024-09-12T19:47:51-04:00,0,12
src\routes\labs\lab8_bikewatching\+page.svelte,344,css,97d8621f,Jin G,2024-09-12,19:47:51,-04:00,2024-09-12T19:47:51-04:00,0,20
src\routes\labs\lab8_bikewatching\+page.svelte,345,css,97d8621f,Jin G,2024-09-12,19:47:51,-04:00,2024-09-12T19:47:51-04:00,0,0
src\routes\labs\lab8_bikewatching\+page.svelte,346,css,3a821d80,Jin G,2024-09-13,09:32:40,-04:00,2024-09-13T09:32:40-04:00,0,0
src\routes\labs\lab8_bikewatching\+page.svelte,347,css,3a821d80,Jin G,2024-09-13,09:32:40,-04:00,2024-09-13T09:32:40-04:00,0,7
src\routes\labs\lab8_bikewatching\+page.svelte,348,css,3a821d80,Jin G,2024-09-13,09:32:40,-04:00,2024-09-13T09:32:40-04:00,0,25
src\routes\labs\lab8_bikewatching\+page.svelte,349,css,3a821d80,Jin G,2024-09-13,09:32:40,-04:00,2024-09-13T09:32:40-04:00,0,0
src\routes\labs\lab8_bikewatching\+page.svelte,350,css,3a821d80,Jin G,2024-09-13,09:32:40,-04:00,2024-09-13T09:32:40-04:00,0,0
src\routes\labs\lab8_bikewatching\+page.svelte,351,css,3a821d80,Jin G,2024-09-13,09:32:40,-04:00,2024-09-13T09:32:40-04:00,0,13
src\routes\labs\lab8_bikewatching\+page.svelte,352,css,3a821d80,Jin G,2024-09-13,09:32:40,-04:00,2024-09-13T09:32:40-04:00,0,15
src\routes\labs\lab8_bikewatching\+page.svelte,353,css,3a821d80,Jin G,2024-09-13,09:32:40,-04:00,2024-09-13T09:32:40-04:00,0,17
src\routes\labs\lab8_bikewatching\+page.svelte,354,css,3a821d80,Jin G,2024-09-13,09:32:40,-04:00,2024-09-13T09:32:40-04:00,0,0
src\routes\labs\lab8_bikewatching\+page.svelte,355,css,5ba41089,Jin G,2024-09-13,09:41:15,-04:00,2024-09-13T09:41:15-04:00,0,0
src\routes\labs\lab8_bikewatching\+page.svelte,356,css,5ba41089,Jin G,2024-09-13,09:41:15,-04:00,2024-09-13T09:41:15-04:00,0,3
src\routes\labs\lab8_bikewatching\+page.svelte,357,css,5ba41089,Jin G,2024-09-13,09:41:15,-04:00,2024-09-13T09:41:15-04:00,0,11
src\routes\labs\lab8_bikewatching\+page.svelte,358,css,5ba41089,Jin G,2024-09-13,09:41:15,-04:00,2024-09-13T09:41:15-04:00,0,18
src\routes\labs\lab8_bikewatching\+page.svelte,359,css,5ba41089,Jin G,2024-09-13,09:41:15,-04:00,2024-09-13T09:41:15-04:00,0,0
src\routes\labs\lab8_bikewatching\+page.svelte,360,css,5ba41089,Jin G,2024-09-13,09:41:15,-04:00,2024-09-13T09:41:15-04:00,0,0
src\routes\labs\lab8_bikewatching\+page.svelte,361,css,5ba41089,Jin G,2024-09-13,09:41:15,-04:00,2024-09-13T09:41:15-04:00,0,20
src\routes\labs\lab8_bikewatching\+page.svelte,362,css,5ba41089,Jin G,2024-09-13,09:41:15,-04:00,2024-09-13T09:41:15-04:00,0,45
src\routes\labs\lab8_bikewatching\+page.svelte,363,css,5ba41089,Jin G,2024-09-13,09:41:15,-04:00,2024-09-13T09:41:15-04:00,0,0
src\routes\labs\lab8_bikewatching\+page.svelte,364,css,fb6fd253,Jin G,2024-09-14,08:15:17,-04:00,2024-09-14T08:15:17-04:00,0,0
src\routes\labs\lab8_bikewatching\+page.svelte,365,css,fb6fd253,Jin G,2024-09-14,08:15:17,-04:00,2024-09-14T08:15:17-04:00,0,8
src\routes\labs\lab8_bikewatching\+page.svelte,366,css,fb6fd253,Jin G,2024-09-14,08:15:17,-04:00,2024-09-14T08:15:17-04:00,0,13
src\routes\labs\lab8_bikewatching\+page.svelte,367,css,fb6fd253,Jin G,2024-09-14,08:15:17,-04:00,2024-09-14T08:15:17-04:00,0,30
src\routes\labs\lab8_bikewatching\+page.svelte,368,css,fb6fd253,Jin G,2024-09-14,08:15:17,-04:00,2024-09-14T08:15:17-04:00,0,15
src\routes\labs\lab8_bikewatching\+page.svelte,369,css,fb6fd253,Jin G,2024-09-14,08:15:17,-04:00,2024-09-14T08:15:17-04:00,0,12
src\routes\labs\lab8_bikewatching\+page.svelte,370,css,fb6fd253,Jin G,2024-09-14,08:15:17,-04:00,2024-09-14T08:15:17-04:00,0,23
src\routes\labs\lab8_bikewatching\+page.svelte,371,css,fb6fd253,Jin G,2024-09-14,08:15:17,-04:00,2024-09-14T08:15:17-04:00,0,18
src\routes\labs\lab8_bikewatching\+page.svelte,372,css,fb6fd253,Jin G,2024-09-14,08:15:17,-04:00,2024-09-14T08:15:17-04:00,0,40
src\routes\labs\lab8_bikewatching\+page.svelte,373,css,fb6fd253,Jin G,2024-09-14,08:15:17,-04:00,2024-09-14T08:15:17-04:00,0,0
src\routes\labs\lab8_bikewatching\+page.svelte,374,css,fb6fd253,Jin G,2024-09-14,08:15:17,-04:00,2024-09-14T08:15:17-04:00,0,0
src\routes\labs\lab8_bikewatching\+page.svelte,375,css,fb6fd253,Jin G,2024-09-14,08:15:17,-04:00,2024-09-14T08:15:17-04:00,0,14
src\routes\labs\lab8_bikewatching\+page.svelte,376,css,fb6fd253,Jin G,2024-09-14,08:15:17,-04:00,2024-09-14T08:15:17-04:00,0,13
src\routes\labs\lab8_bikewatching\+page.svelte,377,css,fb6fd253,Jin G,2024-09-14,08:15:17,-04:00,2024-09-14T08:15:17-04:00,0,22
src\routes\labs\lab8_bikewatching\+page.svelte,378,css,fb6fd253,Jin G,2024-09-14,08:15:17,-04:00,2024-09-14T08:15:17-04:00,0,19
src\routes\labs\lab8_bikewatching\+page.svelte,379,css,fb6fd253,Jin G,2024-09-14,08:15:17,-04:00,2024-09-14T08:15:17-04:00,0,0
src\routes\labs\lab8_bikewatching\+page.svelte,380,css,fb6fd253,Jin G,2024-09-14,08:15:17,-04:00,2024-09-14T08:15:17-04:00,0,0
src\routes\labs\lab8_bikewatching\+page.svelte,381,css,fb6fd253,Jin G,2024-09-14,08:15:17,-04:00,2024-09-14T08:15:17-04:00,0,14
src\routes\labs\lab8_bikewatching\+page.svelte,382,css,fb6fd253,Jin G,2024-09-14,08:15:17,-04:00,2024-09-14T08:15:17-04:00,0,20
src\routes\labs\lab8_bikewatching\+page.svelte,383,css,fb6fd253,Jin G,2024-09-14,08:15:17,-04:00,2024-09-14T08:15:17-04:00,0,0
src\routes\labs\lab8_bikewatching\+page.svelte,384,css,fb6fd253,Jin G,2024-09-14,08:15:17,-04:00,2024-09-14T08:15:17-04:00,0,0
src\routes\labs\lab8_bikewatching\+page.svelte,385,css,fb6fd253,Jin G,2024-09-14,08:15:17,-04:00,2024-09-14T08:15:17-04:00,0,14
src\routes\labs\lab8_bikewatching\+page.svelte,386,css,fb6fd253,Jin G,2024-09-14,08:15:17,-04:00,2024-09-14T08:15:17-04:00,0,12
src\routes\labs\lab8_bikewatching\+page.svelte,387,css,fb6fd253,Jin G,2024-09-14,08:15:17,-04:00,2024-09-14T08:15:17-04:00,0,12
src\routes\labs\lab8_bikewatching\+page.svelte,388,css,fb6fd253,Jin G,2024-09-14,08:15:17,-04:00,2024-09-14T08:15:17-04:00,0,18
src\routes\labs\lab8_bikewatching\+page.svelte,389,css,fb6fd253,Jin G,2024-09-14,08:15:17,-04:00,2024-09-14T08:15:17-04:00,0,0
src\routes\labs\lab8_bikewatching\+page.svelte,390,css,fb6fd253,Jin G,2024-09-14,08:15:17,-04:00,2024-09-14T08:15:17-04:00,0,0
src\routes\labs\lab8_bikewatching\+page.svelte,391,css,fb6fd253,Jin G,2024-09-14,08:15:17,-04:00,2024-09-14T08:15:17-04:00,0,39
src\routes\labs\lab8_bikewatching\+page.svelte,392,css,fb6fd253,Jin G,2024-09-14,08:15:17,-04:00,2024-09-14T08:15:17-04:00,0,6
src\routes\labs\lab8_bikewatching\+page.svelte,393,css,fb6fd253,Jin G,2024-09-14,08:15:17,-04:00,2024-09-14T08:15:17-04:00,0,46
src\routes\labs\lab8_bikewatching\+page.svelte,394,css,fb6fd253,Jin G,2024-09-14,08:15:17,-04:00,2024-09-14T08:15:17-04:00,0,0
src\routes\labs\lab8_bikewatching\+page.svelte,395,css,fb6fd253,Jin G,2024-09-14,08:15:17,-04:00,2024-09-14T08:15:17-04:00,0,0
src\routes\labs\lab8_bikewatching\+page.svelte,396,css,fb6fd253,Jin G,2024-09-14,08:15:17,-04:00,2024-09-14T08:15:17-04:00,0,12
src\routes\labs\lab8_bikewatching\+page.svelte,397,css,fb6fd253,Jin G,2024-09-14,08:15:17,-04:00,2024-09-14T08:15:17-04:00,0,54
src\routes\labs\lab8_bikewatching\+page.svelte,398,css,fb6fd253,Jin G,2024-09-14,08:15:17,-04:00,2024-09-14T08:15:17-04:00,0,0
src\routes\labs\lab8_bikewatching\+page.svelte,399,css,fb6fd253,Jin G,2024-09-14,08:15:17,-04:00,2024-09-14T08:15:17-04:00,0,0
src\routes\labs\lab8_bikewatching\+page.svelte,400,css,fb6fd253,Jin G,2024-09-14,08:15:17,-04:00,2024-09-14T08:15:17-04:00,0,10
src\routes\labs\lab8_bikewatching\+page.svelte,401,css,fb6fd253,Jin G,2024-09-14,08:15:17,-04:00,2024-09-14T08:15:17-04:00,0,65
src\routes\labs\lab8_bikewatching\+page.svelte,402,css,fb6fd253,Jin G,2024-09-14,08:15:17,-04:00,2024-09-14T08:15:17-04:00,0,0
src\routes\labs\lab8_bikewatching\+page.svelte,403,css,fb6fd253,Jin G,2024-09-14,08:15:17,-04:00,2024-09-14T08:15:17-04:00,0,0
src\routes\labs\lab8_bikewatching\+page.svelte,404,css,fb6fd253,Jin G,2024-09-14,08:15:17,-04:00,2024-09-14T08:15:17-04:00,0,10
src\routes\labs\lab8_bikewatching\+page.svelte,405,css,fb6fd253,Jin G,2024-09-14,08:15:17,-04:00,2024-09-14T08:15:17-04:00,0,65
src\routes\labs\lab8_bikewatching\+page.svelte,406,css,fb6fd253,Jin G,2024-09-14,08:15:17,-04:00,2024-09-14T08:15:17-04:00,0,0
src\routes\labs\lab8_bikewatching\+page.svelte,407,svelte,feabd744,Jin G,2024-09-12,10:45:08,-04:00,2024-09-12T10:45:08-04:00,0,7
src\routes\labs\lab7_commit_meta\+page.svelte,1,svelte,19707f87,Jin G,2024-09-14,09:32:59,-04:00,2024-09-14T09:32:59-04:00,0,7
src\routes\labs\lab7_commit_meta\+page.svelte,2,js,9d554aca,Jin G,2024-09-18,14:58:26,-04:00,2024-09-18T14:58:26-04:00,0,33
src\routes\labs\lab7_commit_meta\+page.svelte,3,js,19707f87,Jin G,2024-09-14,09:32:59,-04:00,2024-09-14T09:32:59-04:00,0,24
src\routes\labs\lab7_commit_meta\+page.svelte,4,js,19707f87,Jin G,2024-09-14,09:32:59,-04:00,2024-09-14T09:32:59-04:00,0,32
src\routes\labs\lab7_commit_meta\+page.svelte,5,js,19707f87,Jin G,2024-09-14,09:32:59,-04:00,2024-09-14T09:32:59-04:00,0,73
src\routes\labs\lab7_commit_meta\+page.svelte,6,js,19707f87,Jin G,2024-09-14,09:32:59,-04:00,2024-09-14T09:32:59-04:00,0,33
src\routes\labs\lab7_commit_meta\+page.svelte,7,js,19707f87,Jin G,2024-09-14,09:32:59,-04:00,2024-09-14T09:32:59-04:00,0,0
src\routes\labs\lab7_commit_meta\+page.svelte,8,js,19707f87,Jin G,2024-09-14,09:32:59,-04:00,2024-09-14T09:32:59-04:00,0,13
src\routes\labs\lab7_commit_meta\+page.svelte,9,js,19707f87,Jin G,2024-09-14,09:32:59,-04:00,2024-09-14T09:32:59-04:00,0,16
src\routes\labs\lab7_commit_meta\+page.svelte,10,js,19707f87,Jin G,2024-09-14,09:32:59,-04:00,2024-09-14T09:32:59-04:00,0,14
src\routes\labs\lab7_commit_meta\+page.svelte,11,js,19707f87,Jin G,2024-09-14,09:32:59,-04:00,2024-09-14T09:32:59-04:00,0,0
src\routes\labs\lab7_commit_meta\+page.svelte,12,js,19707f87,Jin G,2024-09-14,09:32:59,-04:00,2024-09-14T09:32:59-04:00,0,21
src\routes\labs\lab7_commit_meta\+page.svelte,13,js,19707f87,Jin G,2024-09-14,09:32:59,-04:00,2024-09-14T09:32:59-04:00,0,18
src\routes\labs\lab7_commit_meta\+page.svelte,14,js,19707f87,Jin G,2024-09-14,09:32:59,-04:00,2024-09-14T09:32:59-04:00,0,0
src\routes\labs\lab7_commit_meta\+page.svelte,15,js,19707f87,Jin G,2024-09-14,09:32:59,-04:00,2024-09-14T09:32:59-04:00,0,38
src\routes\labs\lab7_commit_meta\+page.svelte,16,js,19707f87,Jin G,2024-09-14,09:32:59,-04:00,2024-09-14T09:32:59-04:00,0,28
src\routes\labs\lab7_commit_meta\+page.svelte,17,js,19707f87,Jin G,2024-09-14,09:32:59,-04:00,2024-09-14T09:32:59-04:00,0,4
src\routes\labs\lab7_commit_meta\+page.svelte,18,js,19707f87,Jin G,2024-09-14,09:32:59,-04:00,2024-09-14T09:32:59-04:00,0,15
src\routes\labs\lab7_commit_meta\+page.svelte,19,js,19707f87,Jin G,2024-09-14,09:32:59,-04:00,2024-09-14T09:32:59-04:00,0,61
src\routes\labs\lab7_commit_meta\+page.svelte,20,js,19707f87,Jin G,2024-09-14,09:32:59,-04:00,2024-09-14T09:32:59-04:00,0,1
src\routes\labs\lab7_commit_meta\+page.svelte,21,js,19707f87,Jin G,2024-09-14,09:32:59,-04:00,2024-09-14T09:32:59-04:00,0,0
src\routes\labs\lab7_commit_meta\+page.svelte,22,js,19707f87,Jin G,2024-09-14,09:32:59,-04:00,2024-09-14T09:32:59-04:00,0,36
src\routes\labs\lab7_commit_meta\+page.svelte,23,js,19707f87,Jin G,2024-09-14,09:32:59,-04:00,2024-09-14T09:32:59-04:00,0,67
src\routes\labs\lab7_commit_meta\+page.svelte,24,js,19707f87,Jin G,2024-09-14,09:32:59,-04:00,2024-09-14T09:32:59-04:00,0,0
src\routes\labs\lab7_commit_meta\+page.svelte,25,js,19707f87,Jin G,2024-09-14,09:32:59,-04:00,2024-09-14T09:32:59-04:00,0,16
src\routes\labs\lab7_commit_meta\+page.svelte,26,js,19707f87,Jin G,2024-09-14,09:32:59,-04:00,2024-09-14T09:32:59-04:00,0,16
src\routes\labs\lab7_commit_meta\+page.svelte,27,js,19707f87,Jin G,2024-09-14,09:32:59,-04:00,2024-09-14T09:32:59-04:00,0,52
src\routes\labs\lab7_commit_meta\+page.svelte,28,js,19707f87,Jin G,2024-09-14,09:32:59,-04:00,2024-09-14T09:32:59-04:00,0,57
src\routes\labs\lab7_commit_meta\+page.svelte,29,js,19707f87,Jin G,2024-09-14,09:32:59,-04:00,2024-09-14T09:32:59-04:00,0,0
src\routes\labs\lab7_commit_meta\+page.svelte,30,js,19707f87,Jin G,2024-09-14,09:32:59,-04:00,2024-09-14T09:32:59-04:00,0,17
src\routes\labs\lab7_commit_meta\+page.svelte,31,js,19707f87,Jin G,2024-09-14,09:32:59,-04:00,2024-09-14T09:32:59-04:00,0,15
src\routes\labs\lab7_commit_meta\+page.svelte,32,js,19707f87,Jin G,2024-09-14,09:32:59,-04:00,2024-09-14T09:32:59-04:00,0,27
src\routes\labs\lab7_commit_meta\+page.svelte,33,js,19707f87,Jin G,2024-09-14,09:32:59,-04:00,2024-09-14T09:32:59-04:00,0,30
src\routes\labs\lab7_commit_meta\+page.svelte,34,js,19707f87,Jin G,2024-09-14,09:32:59,-04:00,2024-09-14T09:32:59-04:00,0,17
src\routes\labs\lab7_commit_meta\+page.svelte,35,js,19707f87,Jin G,2024-09-14,09:32:59,-04:00,2024-09-14T09:32:59-04:00,0,1
src\routes\labs\lab7_commit_meta\+page.svelte,36,js,19707f87,Jin G,2024-09-14,09:32:59,-04:00,2024-09-14T09:32:59-04:00,0,53
src\routes\labs\lab7_commit_meta\+page.svelte,37,js,19707f87,Jin G,2024-09-14,09:32:59,-04:00,2024-09-14T09:32:59-04:00,0,54
src\routes\labs\lab7_commit_meta\+page.svelte,38,js,19707f87,Jin G,2024-09-14,09:32:59,-04:00,2024-09-14T09:32:59-04:00,0,0
src\routes\labs\lab7_commit_meta\+page.svelte,39,js,19707f87,Jin G,2024-09-14,09:32:59,-04:00,2024-09-14T09:32:59-04:00,0,32
src\routes\labs\lab7_commit_meta\+page.svelte,40,js,19707f87,Jin G,2024-09-14,09:32:59,-04:00,2024-09-14T09:32:59-04:00,0,0
src\routes\labs\lab7_commit_meta\+page.svelte,41,js,19707f87,Jin G,2024-09-14,09:32:59,-04:00,2024-09-14T09:32:59-04:00,0,21
src\routes\labs\lab7_commit_meta\+page.svelte,42,js,19707f87,Jin G,2024-09-14,09:32:59,-04:00,2024-09-14T09:32:59-04:00,0,63
src\routes\labs\lab7_commit_meta\+page.svelte,43,js,19707f87,Jin G,2024-09-14,09:32:59,-04:00,2024-09-14T09:32:59-04:00,0,0
src\routes\labs\lab7_commit_meta\+page.svelte,44,js,19707f87,Jin G,2024-09-14,09:32:59,-04:00,2024-09-14T09:32:59-04:00,0,27
src\routes\labs\lab7_commit_meta\+page.svelte,45,js,19707f87,Jin G,2024-09-14,09:32:59,-04:00,2024-09-14T09:32:59-04:00,0,0
src\routes\labs\lab7_commit_meta\+page.svelte,46,js,19707f87,Jin G,2024-09-14,09:32:59,-04:00,2024-09-14T09:32:59-04:00,0,17
src\routes\labs\lab7_commit_meta\+page.svelte,47,js,19707f87,Jin G,2024-09-14,09:32:59,-04:00,2024-09-14T09:32:59-04:00,0,0
src\routes\labs\lab7_commit_meta\+page.svelte,48,js,19707f87,Jin G,2024-09-14,09:32:59,-04:00,2024-09-14T09:32:59-04:00,0,36
src\routes\labs\lab7_commit_meta\+page.svelte,49,js,19707f87,Jin G,2024-09-14,09:32:59,-04:00,2024-09-14T09:32:59-04:00,0,0
src\routes\labs\lab7_commit_meta\+page.svelte,50,js,19707f87,Jin G,2024-09-14,09:32:59,-04:00,2024-09-14T09:32:59-04:00,0,26
src\routes\labs\lab7_commit_meta\+page.svelte,51,js,19707f87,Jin G,2024-09-14,09:32:59,-04:00,2024-09-14T09:32:59-04:00,0,0
src\routes\labs\lab7_commit_meta\+page.svelte,52,js,19707f87,Jin G,2024-09-14,09:32:59,-04:00,2024-09-14T09:32:59-04:00,0,10
src\routes\labs\lab7_commit_meta\+page.svelte,53,js,19707f87,Jin G,2024-09-14,09:32:59,-04:00,2024-09-14T09:32:59-04:00,0,0
src\routes\labs\lab7_commit_meta\+page.svelte,54,js,19707f87,Jin G,2024-09-14,09:32:59,-04:00,2024-09-14T09:32:59-04:00,0,64
src\routes\labs\lab7_commit_meta\+page.svelte,55,js,19707f87,Jin G,2024-09-14,09:32:59,-04:00,2024-09-14T09:32:59-04:00,0,42
src\routes\labs\lab7_commit_meta\+page.svelte,56,js,19707f87,Jin G,2024-09-14,09:32:59,-04:00,2024-09-14T09:32:59-04:00,0,95
src\routes\labs\lab7_commit_meta\+page.svelte,57,js,19707f87,Jin G,2024-09-14,09:32:59,-04:00,2024-09-14T09:32:59-04:00,0,0
src\routes\labs\lab7_commit_meta\+page.svelte,58,js,19707f87,Jin G,2024-09-14,09:32:59,-04:00,2024-09-14T09:32:59-04:00,0,55
src\routes\labs\lab7_commit_meta\+page.svelte,59,js,19707f87,Jin G,2024-09-14,09:32:59,-04:00,2024-09-14T09:32:59-04:00,0,66
src\routes\labs\lab7_commit_meta\+page.svelte,60,js,19707f87,Jin G,2024-09-14,09:32:59,-04:00,2024-09-14T09:32:59-04:00,0,41
src\routes\labs\lab7_commit_meta\+page.svelte,61,js,19707f87,Jin G,2024-09-14,09:32:59,-04:00,2024-09-14T09:32:59-04:00,0,0
src\routes\labs\lab7_commit_meta\+page.svelte,62,js,19707f87,Jin G,2024-09-14,09:32:59,-04:00,2024-09-14T09:32:59-04:00,0,4
src\routes\labs\lab7_commit_meta\+page.svelte,63,js,19707f87,Jin G,2024-09-14,09:32:59,-04:00,2024-09-14T09:32:59-04:00,0,33
src\routes\labs\lab7_commit_meta\+page.svelte,64,js,19707f87,Jin G,2024-09-14,09:32:59,-04:00,2024-09-14T09:32:59-04:00,0,66
src\routes\labs\lab7_commit_meta\+page.svelte,65,js,19707f87,Jin G,2024-09-14,09:32:59,-04:00,2024-09-14T09:32:59-04:00,0,17
src\routes\labs\lab7_commit_meta\+page.svelte,66,js,19707f87,Jin G,2024-09-14,09:32:59,-04:00,2024-09-14T09:32:59-04:00,0,12
src\routes\labs\lab7_commit_meta\+page.svelte,67,js,19707f87,Jin G,2024-09-14,09:32:59,-04:00,2024-09-14T09:32:59-04:00,0,64
src\routes\labs\lab7_commit_meta\+page.svelte,68,js,19707f87,Jin G,2024-09-14,09:32:59,-04:00,2024-09-14T09:32:59-04:00,0,71
src\routes\labs\lab7_commit_meta\+page.svelte,69,js,19707f87,Jin G,2024-09-14,09:32:59,-04:00,2024-09-14T09:32:59-04:00,0,1
src\routes\labs\lab7_commit_meta\+page.svelte,70,js,19707f87,Jin G,2024-09-14,09:32:59,-04:00,2024-09-14T09:32:59-04:00,0,2
src\routes\labs\lab7_commit_meta\+page.svelte,71,js,19707f87,Jin G,2024-09-14,09:32:59,-04:00,2024-09-14T09:32:59-04:00,0,0
src\routes\labs\lab7_commit_meta\+page.svelte,72,js,19707f87,Jin G,2024-09-14,09:32:59,-04:00,2024-09-14T09:32:59-04:00,0,57
src\routes\labs\lab7_commit_meta\+page.svelte,73,js,19707f87,Jin G,2024-09-14,09:32:59,-04:00,2024-09-14T09:32:59-04:00,0,16
src\routes\labs\lab7_commit_meta\+page.svelte,74,js,19707f87,Jin G,2024-09-14,09:32:59,-04:00,2024-09-14T09:32:59-04:00,0,57
src\routes\labs\lab7_commit_meta\+page.svelte,75,js,19707f87,Jin G,2024-09-14,09:32:59,-04:00,2024-09-14T09:32:59-04:00,0,0
src\routes\labs\lab7_commit_meta\+page.svelte,76,js,19707f87,Jin G,2024-09-14,09:32:59,-04:00,2024-09-14T09:32:59-04:00,0,61
src\routes\labs\lab7_commit_meta\+page.svelte,77,js,19707f87,Jin G,2024-09-14,09:32:59,-04:00,2024-09-14T09:32:59-04:00,0,44
src\routes\labs\lab7_commit_meta\+page.svelte,78,js,19707f87,Jin G,2024-09-14,09:32:59,-04:00,2024-09-14T09:32:59-04:00,0,42
src\routes\labs\lab7_commit_meta\+page.svelte,79,js,19707f87,Jin G,2024-09-14,09:32:59,-04:00,2024-09-14T09:32:59-04:00,0,0
src\routes\labs\lab7_commit_meta\+page.svelte,80,js,19707f87,Jin G,2024-09-14,09:32:59,-04:00,2024-09-14T09:32:59-04:00,0,0
src\routes\labs\lab7_commit_meta\+page.svelte,81,js,19707f87,Jin G,2024-09-14,09:32:59,-04:00,2024-09-14T09:32:59-04:00,0,0
src\routes\labs\lab7_commit_meta\+page.svelte,82,js,19707f87,Jin G,2024-09-14,09:32:59,-04:00,2024-09-14T09:32:59-04:00,0,20
src\routes\labs\lab7_commit_meta\+page.svelte,83,js,e23a9043,Jin G,2024-09-16,00:27:49,-04:00,2024-09-16T00:27:49-04:00,0,42
src\routes\labs\lab7_commit_meta\+page.svelte,84,js,19707f87,Jin G,2024-09-14,09:32:59,-04:00,2024-09-14T09:32:59-04:00,0,6
src\routes\labs\lab7_commit_meta\+page.svelte,85,js,19707f87,Jin G,2024-09-14,09:32:59,-04:00,2024-09-14T09:32:59-04:00,0,15
src\routes\labs\lab7_commit_meta\+page.svelte,86,js,19707f87,Jin G,2024-09-14,09:32:59,-04:00,2024-09-14T09:32:59-04:00,0,17
src\routes\labs\lab7_commit_meta\+page.svelte,87,js,19707f87,Jin G,2024-09-14,09:32:59,-04:00,2024-09-14T09:32:59-04:00,0,19
src\routes\labs\lab7_commit_meta\+page.svelte,88,js,19707f87,Jin G,2024-09-14,09:32:59,-04:00,2024-09-14T09:32:59-04:00,0,50
src\routes\labs\lab7_commit_meta\+page.svelte,89,js,19707f87,Jin G,2024-09-14,09:32:59,-04:00,2024-09-14T09:32:59-04:00,0,32
src\routes\labs\lab7_commit_meta\+page.svelte,90,js,19707f87,Jin G,2024-09-14,09:32:59,-04:00,2024-09-14T09:32:59-04:00,0,3
src\routes\labs\lab7_commit_meta\+page.svelte,91,js,19707f87,Jin G,2024-09-14,09:32:59,-04:00,2024-09-14T09:32:59-04:00,0,0
src\routes\labs\lab7_commit_meta\+page.svelte,92,js,19707f87,Jin G,2024-09-14,09:32:59,-04:00,2024-09-14T09:32:59-04:00,0,27
src\routes\labs\lab7_commit_meta\+page.svelte,93,js,19707f87,Jin G,2024-09-14,09:32:59,-04:00,2024-09-14T09:32:59-04:00,0,8
src\routes\labs\lab7_commit_meta\+page.svelte,94,js,19707f87,Jin G,2024-09-14,09:32:59,-04:00,2024-09-14T09:32:59-04:00,0,50
src\routes\labs\lab7_commit_meta\+page.svelte,95,js,19707f87,Jin G,2024-09-14,09:32:59,-04:00,2024-09-14T09:32:59-04:00,0,49
src\routes\labs\lab7_commit_meta\+page.svelte,96,js,19707f87,Jin G,2024-09-14,09:32:59,-04:00,2024-09-14T09:32:59-04:00,0,21
src\routes\labs\lab7_commit_meta\+page.svelte,97,js,19707f87,Jin G,2024-09-14,09:32:59,-04:00,2024-09-14T09:32:59-04:00,0,10
src\routes\labs\lab7_commit_meta\+page.svelte,98,js,19707f87,Jin G,2024-09-14,09:32:59,-04:00,2024-09-14T09:32:59-04:00,0,4
src\routes\labs\lab7_commit_meta\+page.svelte,99,js,19707f87,Jin G,2024-09-14,09:32:59,-04:00,2024-09-14T09:32:59-04:00,0,15
src\routes\labs\lab7_commit_meta\+page.svelte,100,js,19707f87,Jin G,2024-09-14,09:32:59,-04:00,2024-09-14T09:32:59-04:00,0,12
src\routes\labs\lab7_commit_meta\+page.svelte,101,js,19707f87,Jin G,2024-09-14,09:32:59,-04:00,2024-09-14T09:32:59-04:00,0,0
src\routes\labs\lab7_commit_meta\+page.svelte,102,js,19707f87,Jin G,2024-09-14,09:32:59,-04:00,2024-09-14T09:32:59-04:00,0,1
src\routes\labs\lab7_commit_meta\+page.svelte,103,js,19707f87,Jin G,2024-09-14,09:32:59,-04:00,2024-09-14T09:32:59-04:00,0,22
src\routes\labs\lab7_commit_meta\+page.svelte,104,js,19707f87,Jin G,2024-09-14,09:32:59,-04:00,2024-09-14T09:32:59-04:00,0,10
src\routes\labs\lab7_commit_meta\+page.svelte,105,js,19707f87,Jin G,2024-09-14,09:32:59,-04:00,2024-09-14T09:32:59-04:00,0,4
src\routes\labs\lab7_commit_meta\+page.svelte,106,js,19707f87,Jin G,2024-09-14,09:32:59,-04:00,2024-09-14T09:32:59-04:00,0,15
src\routes\labs\lab7_commit_meta\+page.svelte,107,js,19707f87,Jin G,2024-09-14,09:32:59,-04:00,2024-09-14T09:32:59-04:00,0,12
src\routes\labs\lab7_commit_meta\+page.svelte,108,js,19707f87,Jin G,2024-09-14,09:32:59,-04:00,2024-09-14T09:32:59-04:00,0,0
src\routes\labs\lab7_commit_meta\+page.svelte,109,js,19707f87,Jin G,2024-09-14,09:32:59,-04:00,2024-09-14T09:32:59-04:00,0,1
src\routes\labs\lab7_commit_meta\+page.svelte,110,js,19707f87,Jin G,2024-09-14,09:32:59,-04:00,2024-09-14T09:32:59-04:00,0,42
src\routes\labs\lab7_commit_meta\+page.svelte,111,js,19707f87,Jin G,2024-09-14,09:32:59,-04:00,2024-09-14T09:32:59-04:00,0,41
src\routes\labs\lab7_commit_meta\+page.svelte,112,js,19707f87,Jin G,2024-09-14,09:32:59,-04:00,2024-09-14T09:32:59-04:00,0,1
src\routes\labs\lab7_commit_meta\+page.svelte,113,js,19707f87,Jin G,2024-09-14,09:32:59,-04:00,2024-09-14T09:32:59-04:00,0,0
src\routes\labs\lab7_commit_meta\+page.svelte,114,js,19707f87,Jin G,2024-09-14,09:32:59,-04:00,2024-09-14T09:32:59-04:00,0,46
src\routes\labs\lab7_commit_meta\+page.svelte,115,js,19707f87,Jin G,2024-09-14,09:32:59,-04:00,2024-09-14T09:32:59-04:00,0,55
src\routes\labs\lab7_commit_meta\+page.svelte,116,js,19707f87,Jin G,2024-09-14,09:32:59,-04:00,2024-09-14T09:32:59-04:00,0,10
src\routes\labs\lab7_commit_meta\+page.svelte,117,js,19707f87,Jin G,2024-09-14,09:32:59,-04:00,2024-09-14T09:32:59-04:00,0,45
src\routes\labs\lab7_commit_meta\+page.svelte,118,js,19707f87,Jin G,2024-09-14,09:32:59,-04:00,2024-09-14T09:32:59-04:00,0,24
src\routes\labs\lab7_commit_meta\+page.svelte,119,js,19707f87,Jin G,2024-09-14,09:32:59,-04:00,2024-09-14T09:32:59-04:00,0,36
src\routes\labs\lab7_commit_meta\+page.svelte,120,js,19707f87,Jin G,2024-09-14,09:32:59,-04:00,2024-09-14T09:32:59-04:00,0,0
src\routes\labs\lab7_commit_meta\+page.svelte,121,js,19707f87,Jin G,2024-09-14,09:32:59,-04:00,2024-09-14T09:32:59-04:00,0,67
src\routes\labs\lab7_commit_meta\+page.svelte,122,js,19707f87,Jin G,2024-09-14,09:32:59,-04:00,2024-09-14T09:32:59-04:00,0,11
src\routes\labs\lab7_commit_meta\+page.svelte,123,js,19707f87,Jin G,2024-09-14,09:32:59,-04:00,2024-09-14T09:32:59-04:00,0,29
src\routes\labs\lab7_commit_meta\+page.svelte,124,js,19707f87,Jin G,2024-09-14,09:32:59,-04:00,2024-09-14T09:32:59-04:00,0,26
src\routes\labs\lab7_commit_meta\+page.svelte,125,js,19707f87,Jin G,2024-09-14,09:32:59,-04:00,2024-09-14T09:32:59-04:00,0,20
src\routes\labs\lab7_commit_meta\+page.svelte,126,js,19707f87,Jin G,2024-09-14,09:32:59,-04:00,2024-09-14T09:32:59-04:00,0,54
src\routes\labs\lab7_commit_meta\+page.svelte,127,js,19707f87,Jin G,2024-09-14,09:32:59,-04:00,2024-09-14T09:32:59-04:00,0,10
src\routes\labs\lab7_commit_meta\+page.svelte,128,js,19707f87,Jin G,2024-09-14,09:32:59,-04:00,2024-09-14T09:32:59-04:00,0,10
src\routes\labs\lab7_commit_meta\+page.svelte,129,js,19707f87,Jin G,2024-09-14,09:32:59,-04:00,2024-09-14T09:32:59-04:00,0,64
src\routes\labs\lab7_commit_meta\+page.svelte,130,js,19707f87,Jin G,2024-09-14,09:32:59,-04:00,2024-09-14T09:32:59-04:00,0,6
src\routes\labs\lab7_commit_meta\+page.svelte,131,js,19707f87,Jin G,2024-09-14,09:32:59,-04:00,2024-09-14T09:32:59-04:00,0,4
src\routes\labs\lab7_commit_meta\+page.svelte,132,js,19707f87,Jin G,2024-09-14,09:32:59,-04:00,2024-09-14T09:32:59-04:00,0,4
src\routes\labs\lab7_commit_meta\+page.svelte,133,js,19707f87,Jin G,2024-09-14,09:32:59,-04:00,2024-09-14T09:32:59-04:00,0,8
src\routes\labs\lab7_commit_meta\+page.svelte,134,js,19707f87,Jin G,2024-09-14,09:32:59,-04:00,2024-09-14T09:32:59-04:00,0,8
src\routes\labs\lab7_commit_meta\+page.svelte,135,js,19707f87,Jin G,2024-09-14,09:32:59,-04:00,2024-09-14T09:32:59-04:00,0,58
src\routes\labs\lab7_commit_meta\+page.svelte,136,js,19707f87,Jin G,2024-09-14,09:32:59,-04:00,2024-09-14T09:32:59-04:00,0,24
src\routes\labs\lab7_commit_meta\+page.svelte,137,js,19707f87,Jin G,2024-09-14,09:32:59,-04:00,2024-09-14T09:32:59-04:00,0,1
src\routes\labs\lab7_commit_meta\+page.svelte,138,js,19707f87,Jin G,2024-09-14,09:32:59,-04:00,2024-09-14T09:32:59-04:00,0,0
src\routes\labs\lab7_commit_meta\+page.svelte,139,js,19707f87,Jin G,2024-09-14,09:32:59,-04:00,2024-09-14T09:32:59-04:00,0,40
src\routes\labs\lab7_commit_meta\+page.svelte,140,js,19707f87,Jin G,2024-09-14,09:32:59,-04:00,2024-09-14T09:32:59-04:00,0,36
src\routes\labs\lab7_commit_meta\+page.svelte,141,js,19707f87,Jin G,2024-09-14,09:32:59,-04:00,2024-09-14T09:32:59-04:00,0,12
src\routes\labs\lab7_commit_meta\+page.svelte,142,js,19707f87,Jin G,2024-09-14,09:32:59,-04:00,2024-09-14T09:32:59-04:00,0,18
src\routes\labs\lab7_commit_meta\+page.svelte,143,js,19707f87,Jin G,2024-09-14,09:32:59,-04:00,2024-09-14T09:32:59-04:00,0,14
src\routes\labs\lab7_commit_meta\+page.svelte,144,js,19707f87,Jin G,2024-09-14,09:32:59,-04:00,2024-09-14T09:32:59-04:00,0,17
src\routes\labs\lab7_commit_meta\+page.svelte,145,js,19707f87,Jin G,2024-09-14,09:32:59,-04:00,2024-09-14T09:32:59-04:00,0,2
src\routes\labs\lab7_commit_meta\+page.svelte,146,js,19707f87,Jin G,2024-09-14,09:32:59,-04:00,2024-09-14T09:32:59-04:00,0,0
src\routes\labs\lab7_commit_meta\+page.svelte,147,js,19707f87,Jin G,2024-09-14,09:32:59,-04:00,2024-09-14T09:32:59-04:00,0,10
src\routes\labs\lab7_commit_meta\+page.svelte,148,js,19707f87,Jin G,2024-09-14,09:32:59,-04:00,2024-09-14T09:32:59-04:00,0,2
src\routes\labs\lab7_commit_meta\+page.svelte,149,js,19707f87,Jin G,2024-09-14,09:32:59,-04:00,2024-09-14T09:32:59-04:00,0,0
src\routes\labs\lab7_commit_meta\+page.svelte,150,js,19707f87,Jin G,2024-09-14,09:32:59,-04:00,2024-09-14T09:32:59-04:00,0,140
src\routes\labs\lab7_commit_meta\+page.svelte,151,js,19707f87,Jin G,2024-09-14,09:32:59,-04:00,2024-09-14T09:32:59-04:00,0,48
src\routes\labs\lab7_commit_meta\+page.svelte,152,js,19707f87,Jin G,2024-09-14,09:32:59,-04:00,2024-09-14T09:32:59-04:00,0,0
src\routes\labs\lab7_commit_meta\+page.svelte,153,js,19707f87,Jin G,2024-09-14,09:32:59,-04:00,2024-09-14T09:32:59-04:00,0,35
src\routes\labs\lab7_commit_meta\+page.svelte,154,js,19707f87,Jin G,2024-09-14,09:32:59,-04:00,2024-09-14T09:32:59-04:00,0,0
src\routes\labs\lab7_commit_meta\+page.svelte,155,js,19707f87,Jin G,2024-09-14,09:32:59,-04:00,2024-09-14T09:32:59-04:00,0,10
src\routes\labs\lab7_commit_meta\+page.svelte,156,js,19707f87,Jin G,2024-09-14,09:32:59,-04:00,2024-09-14T09:32:59-04:00,0,11
src\routes\labs\lab7_commit_meta\+page.svelte,157,js,19707f87,Jin G,2024-09-14,09:32:59,-04:00,2024-09-14T09:32:59-04:00,0,77
src\routes\labs\lab7_commit_meta\+page.svelte,158,js,19707f87,Jin G,2024-09-14,09:32:59,-04:00,2024-09-14T09:32:59-04:00,0,17
src\routes\labs\lab7_commit_meta\+page.svelte,159,js,19707f87,Jin G,2024-09-14,09:32:59,-04:00,2024-09-14T09:32:59-04:00,0,7
src\routes\labs\lab7_commit_meta\+page.svelte,160,js,19707f87,Jin G,2024-09-14,09:32:59,-04:00,2024-09-14T09:32:59-04:00,0,0
src\routes\labs\lab7_commit_meta\+page.svelte,161,js,19707f87,Jin G,2024-09-14,09:32:59,-04:00,2024-09-14T09:32:59-04:00,0,10
src\routes\labs\lab7_commit_meta\+page.svelte,162,js,19707f87,Jin G,2024-09-14,09:32:59,-04:00,2024-09-14T09:32:59-04:00,0,13
src\routes\labs\lab7_commit_meta\+page.svelte,163,js,19707f87,Jin G,2024-09-14,09:32:59,-04:00,2024-09-14T09:32:59-04:00,0,52
src\routes\labs\lab7_commit_meta\+page.svelte,164,js,19707f87,Jin G,2024-09-14,09:32:59,-04:00,2024-09-14T09:32:59-04:00,0,18
src\routes\labs\lab7_commit_meta\+page.svelte,165,js,19707f87,Jin G,2024-09-14,09:32:59,-04:00,2024-09-14T09:32:59-04:00,0,7
src\routes\labs\lab7_commit_meta\+page.svelte,166,js,19707f87,Jin G,2024-09-14,09:32:59,-04:00,2024-09-14T09:32:59-04:00,0,2
src\routes\labs\lab7_commit_meta\+page.svelte,167,js,19707f87,Jin G,2024-09-14,09:32:59,-04:00,2024-09-14T09:32:59-04:00,0,0
src\routes\labs\lab7_commit_meta\+page.svelte,168,js,19707f87,Jin G,2024-09-14,09:32:59,-04:00,2024-09-14T09:32:59-04:00,0,27
src\routes\labs\lab7_commit_meta\+page.svelte,169,js,19707f87,Jin G,2024-09-14,09:32:59,-04:00,2024-09-14T09:32:59-04:00,0,23
src\routes\labs\lab7_commit_meta\+page.svelte,170,js,19707f87,Jin G,2024-09-14,09:32:59,-04:00,2024-09-14T09:32:59-04:00,0,44
src\routes\labs\lab7_commit_meta\+page.svelte,171,js,19707f87,Jin G,2024-09-14,09:32:59,-04:00,2024-09-14T09:32:59-04:00,0,21
src\routes\labs\lab7_commit_meta\+page.svelte,172,js,19707f87,Jin G,2024-09-14,09:32:59,-04:00,2024-09-14T09:32:59-04:00,0,1
src\routes\labs\lab7_commit_meta\+page.svelte,173,js,19707f87,Jin G,2024-09-14,09:32:59,-04:00,2024-09-14T09:32:59-04:00,0,16
src\routes\labs\lab7_commit_meta\+page.svelte,174,js,19707f87,Jin G,2024-09-14,09:32:59,-04:00,2024-09-14T09:32:59-04:00,0,58
src\routes\labs\lab7_commit_meta\+page.svelte,175,js,19707f87,Jin G,2024-09-14,09:32:59,-04:00,2024-09-14T09:32:59-04:00,0,1
src\routes\labs\lab7_commit_meta\+page.svelte,176,js,19707f87,Jin G,2024-09-14,09:32:59,-04:00,2024-09-14T09:32:59-04:00,0,30
src\routes\labs\lab7_commit_meta\+page.svelte,177,js,19707f87,Jin G,2024-09-14,09:32:59,-04:00,2024-09-14T09:32:59-04:00,0,61
src\routes\labs\lab7_commit_meta\+page.svelte,178,js,19707f87,Jin G,2024-09-14,09:32:59,-04:00,2024-09-14T09:32:59-04:00,0,1
src\routes\labs\lab7_commit_meta\+page.svelte,179,js,19707f87,Jin G,2024-09-14,09:32:59,-04:00,2024-09-14T09:32:59-04:00,0,0
src\routes\labs\lab7_commit_meta\+page.svelte,180,js,19707f87,Jin G,2024-09-14,09:32:59,-04:00,2024-09-14T09:32:59-04:00,0,0
src\routes\labs\lab7_commit_meta\+page.svelte,181,js,19707f87,Jin G,2024-09-14,09:32:59,-04:00,2024-09-14T09:32:59-04:00,0,31
src\routes\labs\lab7_commit_meta\+page.svelte,182,js,19707f87,Jin G,2024-09-14,09:32:59,-04:00,2024-09-14T09:32:59-04:00,0,7
src\routes\labs\lab7_commit_meta\+page.svelte,183,js,19707f87,Jin G,2024-09-14,09:32:59,-04:00,2024-09-14T09:32:59-04:00,0,73
src\routes\labs\lab7_commit_meta\+page.svelte,184,js,19707f87,Jin G,2024-09-14,09:32:59,-04:00,2024-09-14T09:32:59-04:00,0,0
src\routes\labs\lab7_commit_meta\+page.svelte,185,js,19707f87,Jin G,2024-09-14,09:32:59,-04:00,2024-09-14T09:32:59-04:00,0,3
src\routes\labs\lab7_commit_meta\+page.svelte,186,js,19707f87,Jin G,2024-09-14,09:32:59,-04:00,2024-09-14T09:32:59-04:00,0,62
src\routes\labs\lab7_commit_meta\+page.svelte,187,js,19707f87,Jin G,2024-09-14,09:32:59,-04:00,2024-09-14T09:32:59-04:00,0,0
src\routes\labs\lab7_commit_meta\+page.svelte,188,js,19707f87,Jin G,2024-09-14,09:32:59,-04:00,2024-09-14T09:32:59-04:00,0,58
src\routes\labs\lab7_commit_meta\+page.svelte,189,js,19707f87,Jin G,2024-09-14,09:32:59,-04:00,2024-09-14T09:32:59-04:00,0,55
src\routes\labs\lab7_commit_meta\+page.svelte,190,js,19707f87,Jin G,2024-09-14,09:32:59,-04:00,2024-09-14T09:32:59-04:00,0,0
src\routes\labs\lab7_commit_meta\+page.svelte,191,js,19707f87,Jin G,2024-09-14,09:32:59,-04:00,2024-09-14T09:32:59-04:00,0,0
src\routes\labs\lab7_commit_meta\+page.svelte,192,js,19707f87,Jin G,2024-09-14,09:32:59,-04:00,2024-09-14T09:32:59-04:00,0,22
src\routes\labs\lab7_commit_meta\+page.svelte,193,js,19707f87,Jin G,2024-09-14,09:32:59,-04:00,2024-09-14T09:32:59-04:00,0,84
src\routes\labs\lab7_commit_meta\+page.svelte,194,js,19707f87,Jin G,2024-09-14,09:32:59,-04:00,2024-09-14T09:32:59-04:00,0,19
src\routes\labs\lab7_commit_meta\+page.svelte,195,js,19707f87,Jin G,2024-09-14,09:32:59,-04:00,2024-09-14T09:32:59-04:00,0,46
src\routes\labs\lab7_commit_meta\+page.svelte,196,js,19707f87,Jin G,2024-09-14,09:32:59,-04:00,2024-09-14T09:32:59-04:00,0,36
src\routes\labs\lab7_commit_meta\+page.svelte,197,js,19707f87,Jin G,2024-09-14,09:32:59,-04:00,2024-09-14T09:32:59-04:00,0,21
src\routes\labs\lab7_commit_meta\+page.svelte,198,js,19707f87,Jin G,2024-09-14,09:32:59,-04:00,2024-09-14T09:32:59-04:00,0,13
src\routes\labs\lab7_commit_meta\+page.svelte,199,js,19707f87,Jin G,2024-09-14,09:32:59,-04:00,2024-09-14T09:32:59-04:00,0,83
src\routes\labs\lab7_commit_meta\+page.svelte,200,js,19707f87,Jin G,2024-09-14,09:32:59,-04:00,2024-09-14T09:32:59-04:00,0,0
src\routes\labs\lab7_commit_meta\+page.svelte,201,js,19707f87,Jin G,2024-09-14,09:32:59,-04:00,2024-09-14T09:32:59-04:00,0,0
src\routes\labs\lab7_commit_meta\+page.svelte,202,js,19707f87,Jin G,2024-09-14,09:32:59,-04:00,2024-09-14T09:32:59-04:00,0,34
src\routes\labs\lab7_commit_meta\+page.svelte,203,js,19707f87,Jin G,2024-09-14,09:32:59,-04:00,2024-09-14T09:32:59-04:00,0,32
src\routes\labs\lab7_commit_meta\+page.svelte,204,js,19707f87,Jin G,2024-09-14,09:32:59,-04:00,2024-09-14T09:32:59-04:00,0,68
src\routes\labs\lab7_commit_meta\+page.svelte,205,js,19707f87,Jin G,2024-09-14,09:32:59,-04:00,2024-09-14T09:32:59-04:00,0,0
src\routes\labs\lab7_commit_meta\+page.svelte,206,js,19707f87,Jin G,2024-09-14,09:32:59,-04:00,2024-09-14T09:32:59-04:00,0,62
src\routes\labs\lab7_commit_meta\+page.svelte,207,js,19707f87,Jin G,2024-09-14,09:32:59,-04:00,2024-09-14T09:32:59-04:00,0,62
src\routes\labs\lab7_commit_meta\+page.svelte,208,js,19707f87,Jin G,2024-09-14,09:32:59,-04:00,2024-09-14T09:32:59-04:00,0,30
src\routes\labs\lab7_commit_meta\+page.svelte,209,js,19707f87,Jin G,2024-09-14,09:32:59,-04:00,2024-09-14T09:32:59-04:00,0,27
src\routes\labs\lab7_commit_meta\+page.svelte,210,js,19707f87,Jin G,2024-09-14,09:32:59,-04:00,2024-09-14T09:32:59-04:00,0,31
src\routes\labs\lab7_commit_meta\+page.svelte,211,js,19707f87,Jin G,2024-09-14,09:32:59,-04:00,2024-09-14T09:32:59-04:00,0,67
src\routes\labs\lab7_commit_meta\+page.svelte,212,js,19707f87,Jin G,2024-09-14,09:32:59,-04:00,2024-09-14T09:32:59-04:00,0,37
src\routes\labs\lab7_commit_meta\+page.svelte,213,js,19707f87,Jin G,2024-09-14,09:32:59,-04:00,2024-09-14T09:32:59-04:00,0,15
src\routes\labs\lab7_commit_meta\+page.svelte,214,js,19707f87,Jin G,2024-09-14,09:32:59,-04:00,2024-09-14T09:32:59-04:00,0,0
src\routes\labs\lab7_commit_meta\+page.svelte,215,js,19707f87,Jin G,2024-09-14,09:32:59,-04:00,2024-09-14T09:32:59-04:00,0,0
src\routes\labs\lab7_commit_meta\+page.svelte,216,js,19707f87,Jin G,2024-09-14,09:32:59,-04:00,2024-09-14T09:32:59-04:00,0,75
src\routes\labs\lab7_commit_meta\+page.svelte,217,js,19707f87,Jin G,2024-09-14,09:32:59,-04:00,2024-09-14T09:32:59-04:00,0,62
src\routes\labs\lab7_commit_meta\+page.svelte,218,js,19707f87,Jin G,2024-09-14,09:32:59,-04:00,2024-09-14T09:32:59-04:00,0,69
src\routes\labs\lab7_commit_meta\+page.svelte,219,js,19707f87,Jin G,2024-09-14,09:32:59,-04:00,2024-09-14T09:32:59-04:00,0,13
src\routes\labs\lab7_commit_meta\+page.svelte,220,js,19707f87,Jin G,2024-09-14,09:32:59,-04:00,2024-09-14T09:32:59-04:00,0,1
src\routes\labs\lab7_commit_meta\+page.svelte,221,js,19707f87,Jin G,2024-09-14,09:32:59,-04:00,2024-09-14T09:32:59-04:00,0,52
src\routes\labs\lab7_commit_meta\+page.svelte,222,js,19707f87,Jin G,2024-09-14,09:32:59,-04:00,2024-09-14T09:32:59-04:00,0,95
src\routes\labs\lab7_commit_meta\+page.svelte,223,js,19707f87,Jin G,2024-09-14,09:32:59,-04:00,2024-09-14T09:32:59-04:00,0,0
src\routes\labs\lab7_commit_meta\+page.svelte,224,js,19707f87,Jin G,2024-09-14,09:32:59,-04:00,2024-09-14T09:32:59-04:00,0,44
src\routes\labs\lab7_commit_meta\+page.svelte,225,js,19707f87,Jin G,2024-09-14,09:32:59,-04:00,2024-09-14T09:32:59-04:00,0,0
src\routes\labs\lab7_commit_meta\+page.svelte,226,js,19707f87,Jin G,2024-09-14,09:32:59,-04:00,2024-09-14T09:32:59-04:00,0,210
src\routes\labs\lab7_commit_meta\+page.svelte,227,js,19707f87,Jin G,2024-09-14,09:32:59,-04:00,2024-09-14T09:32:59-04:00,0,33
src\routes\labs\lab7_commit_meta\+page.svelte,228,js,19707f87,Jin G,2024-09-14,09:32:59,-04:00,2024-09-14T09:32:59-04:00,0,13
src\routes\labs\lab7_commit_meta\+page.svelte,229,js,19707f87,Jin G,2024-09-14,09:32:59,-04:00,2024-09-14T09:32:59-04:00,0,71
src\routes\labs\lab7_commit_meta\+page.svelte,230,js,19707f87,Jin G,2024-09-14,09:32:59,-04:00,2024-09-14T09:32:59-04:00,0,49
src\routes\labs\lab7_commit_meta\+page.svelte,231,js,19707f87,Jin G,2024-09-14,09:32:59,-04:00,2024-09-14T09:32:59-04:00,0,1
src\routes\labs\lab7_commit_meta\+page.svelte,232,js,19707f87,Jin G,2024-09-14,09:32:59,-04:00,2024-09-14T09:32:59-04:00,0,0
src\routes\labs\lab7_commit_meta\+page.svelte,233,js,19707f87,Jin G,2024-09-14,09:32:59,-04:00,2024-09-14T09:32:59-04:00,0,52
src\routes\labs\lab7_commit_meta\+page.svelte,234,js,19707f87,Jin G,2024-09-14,09:32:59,-04:00,2024-09-14T09:32:59-04:00,0,0
src\routes\labs\lab7_commit_meta\+page.svelte,235,js,19707f87,Jin G,2024-09-14,09:32:59,-04:00,2024-09-14T09:32:59-04:00,0,37
src\routes\labs\lab7_commit_meta\+page.svelte,236,svelte,19707f87,Jin G,2024-09-14,09:32:59,-04:00,2024-09-14T09:32:59-04:00,0,8
src\routes\labs\lab7_commit_meta\+page.svelte,237,svelte,19707f87,Jin G,2024-09-14,09:32:59,-04:00,2024-09-14T09:32:59-04:00,0,0
src\routes\labs\lab7_commit_meta\+page.svelte,238,svelte,f94476fb,Jin G,2024-09-15,16:12:34,-04:00,2024-09-15T16:12:34-04:00,0,70
src\routes\labs\lab7_commit_meta\+page.svelte,239,svelte,f94476fb,Jin G,2024-09-15,16:12:34,-04:00,2024-09-15T16:12:34-04:00,0,0
src\routes\labs\lab7_commit_meta\+page.svelte,240,svelte,19707f87,Jin G,2024-09-14,09:32:59,-04:00,2024-09-14T09:32:59-04:00,0,17
src\routes\labs\lab7_commit_meta\+page.svelte,241,svelte,19707f87,Jin G,2024-09-14,09:32:59,-04:00,2024-09-14T09:32:59-04:00,0,15
src\routes\labs\lab7_commit_meta\+page.svelte,242,svelte,19707f87,Jin G,2024-09-14,09:32:59,-04:00,2024-09-14T09:32:59-04:00,0,24
src\routes\labs\lab7_commit_meta\+page.svelte,243,svelte,19707f87,Jin G,2024-09-14,09:32:59,-04:00,2024-09-14T09:32:59-04:00,0,13
src\routes\labs\lab7_commit_meta\+page.svelte,244,svelte,19707f87,Jin G,2024-09-14,09:32:59,-04:00,2024-09-14T09:32:59-04:00,0,26
src\routes\labs\lab7_commit_meta\+page.svelte,245,svelte,19707f87,Jin G,2024-09-14,09:32:59,-04:00,2024-09-14T09:32:59-04:00,0,17
src\routes\labs\lab7_commit_meta\+page.svelte,246,svelte,19707f87,Jin G,2024-09-14,09:32:59,-04:00,2024-09-14T09:32:59-04:00,0,24
src\routes\labs\lab7_commit_meta\+page.svelte,247,svelte,19707f87,Jin G,2024-09-14,09:32:59,-04:00,2024-09-14T09:32:59-04:00,0,23
src\routes\labs\lab7_commit_meta\+page.svelte,248,svelte,19707f87,Jin G,2024-09-14,09:32:59,-04:00,2024-09-14T09:32:59-04:00,0,29
src\routes\labs\lab7_commit_meta\+page.svelte,249,svelte,19707f87,Jin G,2024-09-14,09:32:59,-04:00,2024-09-14T09:32:59-04:00,0,20
src\routes\labs\lab7_commit_meta\+page.svelte,250,svelte,19707f87,Jin G,2024-09-14,09:32:59,-04:00,2024-09-14T09:32:59-04:00,0,27
src\routes\labs\lab7_commit_meta\+page.svelte,251,svelte,19707f87,Jin G,2024-09-14,09:32:59,-04:00,2024-09-14T09:32:59-04:00,0,20
src\routes\labs\lab7_commit_meta\+page.svelte,252,svelte,19707f87,Jin G,2024-09-14,09:32:59,-04:00,2024-09-14T09:32:59-04:00,0,27
src\routes\labs\lab7_commit_meta\+page.svelte,253,svelte,19707f87,Jin G,2024-09-14,09:32:59,-04:00,2024-09-14T09:32:59-04:00,0,26
src\routes\labs\lab7_commit_meta\+page.svelte,254,svelte,19707f87,Jin G,2024-09-14,09:32:59,-04:00,2024-09-14T09:32:59-04:00,0,19
src\routes\labs\lab7_commit_meta\+page.svelte,255,svelte,19707f87,Jin G,2024-09-14,09:32:59,-04:00,2024-09-14T09:32:59-04:00,0,4
src\routes\labs\lab7_commit_meta\+page.svelte,256,svelte,19707f87,Jin G,2024-09-14,09:32:59,-04:00,2024-09-14T09:32:59-04:00,0,0
src\routes\labs\lab7_commit_meta\+page.svelte,257,svelte,19707f87,Jin G,2024-09-14,09:32:59,-04:00,2024-09-14T09:32:59-04:00,0,22
src\routes\labs\lab7_commit_meta\+page.svelte,258,svelte,19707f87,Jin G,2024-09-14,09:32:59,-04:00,2024-09-14T09:32:59-04:00,0,51
src\routes\labs\lab7_commit_meta\+page.svelte,259,svelte,19707f87,Jin G,2024-09-14,09:32:59,-04:00,2024-09-14T09:32:59-04:00,0,70
src\routes\labs\lab7_commit_meta\+page.svelte,260,svelte,19707f87,Jin G,2024-09-14,09:32:59,-04:00,2024-09-14T09:32:59-04:00,0,68
src\routes\labs\lab7_commit_meta\+page.svelte,261,svelte,19707f87,Jin G,2024-09-14,09:32:59,-04:00,2024-09-14T09:32:59-04:00,0,0
src\routes\labs\lab7_commit_meta\+page.svelte,262,svelte,19707f87,Jin G,2024-09-14,09:32:59,-04:00,2024-09-14T09:32:59-04:00,0,15
src\routes\labs\lab7_commit_meta\+page.svelte,263,svelte,19707f87,Jin G,2024-09-14,09:32:59,-04:00,2024-09-14T09:32:59-04:00,0,31
src\routes\labs\lab7_commit_meta\+page.svelte,264,svelte,19707f87,Jin G,2024-09-14,09:32:59,-04:00,2024-09-14T09:32:59-04:00,0,6
src\routes\labs\lab7_commit_meta\+page.svelte,265,svelte,19707f87,Jin G,2024-09-14,09:32:59,-04:00,2024-09-14T09:32:59-04:00,0,27
src\routes\labs\lab7_commit_meta\+page.svelte,266,svelte,19707f87,Jin G,2024-09-14,09:32:59,-04:00,2024-09-14T09:32:59-04:00,0,27
src\routes\labs\lab7_commit_meta\+page.svelte,267,svelte,19707f87,Jin G,2024-09-14,09:32:59,-04:00,2024-09-14T09:32:59-04:00,0,28
src\routes\labs\lab7_commit_meta\+page.svelte,268,svelte,19707f87,Jin G,2024-09-14,09:32:59,-04:00,2024-09-14T09:32:59-04:00,0,15
src\routes\labs\lab7_commit_meta\+page.svelte,269,svelte,19707f87,Jin G,2024-09-14,09:32:59,-04:00,2024-09-14T09:32:59-04:00,0,46
src\routes\labs\lab7_commit_meta\+page.svelte,270,svelte,19707f87,Jin G,2024-09-14,09:32:59,-04:00,2024-09-14T09:32:59-04:00,0,50
src\routes\labs\lab7_commit_meta\+page.svelte,271,svelte,19707f87,Jin G,2024-09-14,09:32:59,-04:00,2024-09-14T09:32:59-04:00,0,50
src\routes\labs\lab7_commit_meta\+page.svelte,272,svelte,19707f87,Jin G,2024-09-14,09:32:59,-04:00,2024-09-14T09:32:59-04:00,0,40
src\routes\labs\lab7_commit_meta\+page.svelte,273,svelte,19707f87,Jin G,2024-09-14,09:32:59,-04:00,2024-09-14T09:32:59-04:00,0,22
src\routes\labs\lab7_commit_meta\+page.svelte,274,svelte,19707f87,Jin G,2024-09-14,09:32:59,-04:00,2024-09-14T09:32:59-04:00,0,17
src\routes\labs\lab7_commit_meta\+page.svelte,275,svelte,19707f87,Jin G,2024-09-14,09:32:59,-04:00,2024-09-14T09:32:59-04:00,0,16
src\routes\labs\lab7_commit_meta\+page.svelte,276,svelte,19707f87,Jin G,2024-09-14,09:32:59,-04:00,2024-09-14T09:32:59-04:00,0,11
src\routes\labs\lab7_commit_meta\+page.svelte,277,svelte,19707f87,Jin G,2024-09-14,09:32:59,-04:00,2024-09-14T09:32:59-04:00,0,32
src\routes\labs\lab7_commit_meta\+page.svelte,278,svelte,19707f87,Jin G,2024-09-14,09:32:59,-04:00,2024-09-14T09:32:59-04:00,0,13
src\routes\labs\lab7_commit_meta\+page.svelte,279,svelte,19707f87,Jin G,2024-09-14,09:32:59,-04:00,2024-09-14T09:32:59-04:00,0,19
src\routes\labs\lab7_commit_meta\+page.svelte,280,svelte,19707f87,Jin G,2024-09-14,09:32:59,-04:00,2024-09-14T09:32:59-04:00,0,45
src\routes\labs\lab7_commit_meta\+page.svelte,281,svelte,19707f87,Jin G,2024-09-14,09:32:59,-04:00,2024-09-14T09:32:59-04:00,0,44
src\routes\labs\lab7_commit_meta\+page.svelte,282,svelte,19707f87,Jin G,2024-09-14,09:32:59,-04:00,2024-09-14T09:32:59-04:00,0,1
src\routes\labs\lab7_commit_meta\+page.svelte,283,svelte,19707f87,Jin G,2024-09-14,09:32:59,-04:00,2024-09-14T09:32:59-04:00,0,6
src\routes\labs\lab7_commit_meta\+page.svelte,284,svelte,19707f87,Jin G,2024-09-14,09:32:59,-04:00,2024-09-14T09:32:59-04:00,0,3
src\routes\labs\lab7_commit_meta\+page.svelte,285,svelte,19707f87,Jin G,2024-09-14,09:32:59,-04:00,2024-09-14T09:32:59-04:00,0,1
src\routes\labs\lab7_commit_meta\+page.svelte,286,svelte,19707f87,Jin G,2024-09-14,09:32:59,-04:00,2024-09-14T09:32:59-04:00,0,16
src\routes\labs\lab7_commit_meta\+page.svelte,287,svelte,19707f87,Jin G,2024-09-14,09:32:59,-04:00,2024-09-14T09:32:59-04:00,0,42
src\routes\labs\lab7_commit_meta\+page.svelte,288,svelte,19707f87,Jin G,2024-09-14,09:32:59,-04:00,2024-09-14T09:32:59-04:00,0,25
src\routes\labs\lab7_commit_meta\+page.svelte,289,svelte,19707f87,Jin G,2024-09-14,09:32:59,-04:00,2024-09-14T09:32:59-04:00,0,1
src\routes\labs\lab7_commit_meta\+page.svelte,290,svelte,19707f87,Jin G,2024-09-14,09:32:59,-04:00,2024-09-14T09:32:59-04:00,0,5
src\routes\labs\lab7_commit_meta\+page.svelte,291,svelte,19707f87,Jin G,2024-09-14,09:32:59,-04:00,2024-09-14T09:32:59-04:00,0,0
src\routes\labs\lab7_commit_meta\+page.svelte,292,svelte,19707f87,Jin G,2024-09-14,09:32:59,-04:00,2024-09-14T09:32:59-04:00,0,44
src\routes\labs\lab7_commit_meta\+page.svelte,293,svelte,19707f87,Jin G,2024-09-14,09:32:59,-04:00,2024-09-14T09:32:59-04:00,0,69
src\routes\labs\lab7_commit_meta\+page.svelte,294,svelte,19707f87,Jin G,2024-09-14,09:32:59,-04:00,2024-09-14T09:32:59-04:00,0,0
src\routes\labs\lab7_commit_meta\+page.svelte,295,svelte,19707f87,Jin G,2024-09-14,09:32:59,-04:00,2024-09-14T09:32:59-04:00,0,25
src\routes\labs\lab7_commit_meta\+page.svelte,296,svelte,19707f87,Jin G,2024-09-14,09:32:59,-04:00,2024-09-14T09:32:59-04:00,0,37
src\routes\labs\lab7_commit_meta\+page.svelte,297,svelte,19707f87,Jin G,2024-09-14,09:32:59,-04:00,2024-09-14T09:32:59-04:00,0,24
src\routes\labs\lab7_commit_meta\+page.svelte,298,svelte,19707f87,Jin G,2024-09-14,09:32:59,-04:00,2024-09-14T09:32:59-04:00,0,45
src\routes\labs\lab7_commit_meta\+page.svelte,299,svelte,19707f87,Jin G,2024-09-14,09:32:59,-04:00,2024-09-14T09:32:59-04:00,0,30
src\routes\labs\lab7_commit_meta\+page.svelte,300,svelte,19707f87,Jin G,2024-09-14,09:32:59,-04:00,2024-09-14T09:32:59-04:00,0,45
src\routes\labs\lab7_commit_meta\+page.svelte,301,svelte,19707f87,Jin G,2024-09-14,09:32:59,-04:00,2024-09-14T09:32:59-04:00,0,3
src\routes\labs\lab7_commit_meta\+page.svelte,302,svelte,19707f87,Jin G,2024-09-14,09:32:59,-04:00,2024-09-14T09:32:59-04:00,0,40
src\routes\labs\lab7_commit_meta\+page.svelte,303,svelte,19707f87,Jin G,2024-09-14,09:32:59,-04:00,2024-09-14T09:32:59-04:00,0,66
src\routes\labs\lab7_commit_meta\+page.svelte,304,svelte,19707f87,Jin G,2024-09-14,09:32:59,-04:00,2024-09-14T09:32:59-04:00,0,4
src\routes\labs\lab7_commit_meta\+page.svelte,305,svelte,19707f87,Jin G,2024-09-14,09:32:59,-04:00,2024-09-14T09:32:59-04:00,0,6
src\routes\labs\lab7_commit_meta\+page.svelte,306,svelte,19707f87,Jin G,2024-09-14,09:32:59,-04:00,2024-09-14T09:32:59-04:00,0,4
src\routes\labs\lab7_commit_meta\+page.svelte,307,svelte,19707f87,Jin G,2024-09-14,09:32:59,-04:00,2024-09-14T09:32:59-04:00,0,0
src\routes\labs\lab7_commit_meta\+page.svelte,308,svelte,19707f87,Jin G,2024-09-14,09:32:59,-04:00,2024-09-14T09:32:59-04:00,0,105
src\routes\labs\lab7_commit_meta\+page.svelte,309,svelte,19707f87,Jin G,2024-09-14,09:32:59,-04:00,2024-09-14T09:32:59-04:00,0,0
src\routes\labs\lab7_commit_meta\+page.svelte,310,svelte,19707f87,Jin G,2024-09-14,09:32:59,-04:00,2024-09-14T09:32:59-04:00,0,2
src\routes\labs\lab7_commit_meta\+page.svelte,311,svelte,19707f87,Jin G,2024-09-14,09:32:59,-04:00,2024-09-14T09:32:59-04:00,0,11
src\routes\labs\lab7_commit_meta\+page.svelte,312,svelte,19707f87,Jin G,2024-09-14,09:32:59,-04:00,2024-09-14T09:32:59-04:00,0,27
src\routes\labs\lab7_commit_meta\+page.svelte,313,svelte,19707f87,Jin G,2024-09-14,09:32:59,-04:00,2024-09-14T09:32:59-04:00,0,24
src\routes\labs\lab7_commit_meta\+page.svelte,314,svelte,19707f87,Jin G,2024-09-14,09:32:59,-04:00,2024-09-14T09:32:59-04:00,0,63
src\routes\labs\lab7_commit_meta\+page.svelte,315,svelte,19707f87,Jin G,2024-09-14,09:32:59,-04:00,2024-09-14T09:32:59-04:00,0,0
src\routes\labs\lab7_commit_meta\+page.svelte,316,svelte,19707f87,Jin G,2024-09-14,09:32:59,-04:00,2024-09-14T09:32:59-04:00,0,39
src\routes\labs\lab7_commit_meta\+page.svelte,317,svelte,19707f87,Jin G,2024-09-14,09:32:59,-04:00,2024-09-14T09:32:59-04:00,0,14
src\routes\labs\lab7_commit_meta\+page.svelte,318,svelte,19707f87,Jin G,2024-09-14,09:32:59,-04:00,2024-09-14T09:32:59-04:00,0,74
src\routes\labs\lab7_commit_meta\+page.svelte,319,svelte,19707f87,Jin G,2024-09-14,09:32:59,-04:00,2024-09-14T09:32:59-04:00,0,0
src\routes\labs\lab7_commit_meta\+page.svelte,320,svelte,19707f87,Jin G,2024-09-14,09:32:59,-04:00,2024-09-14T09:32:59-04:00,0,12
src\routes\labs\lab7_commit_meta\+page.svelte,321,svelte,19707f87,Jin G,2024-09-14,09:32:59,-04:00,2024-09-14T09:32:59-04:00,0,3
src\routes\labs\lab7_commit_meta\+page.svelte,322,svelte,19707f87,Jin G,2024-09-14,09:32:59,-04:00,2024-09-14T09:32:59-04:00,0,68
src\routes\labs\lab7_commit_meta\+page.svelte,323,svelte,19707f87,Jin G,2024-09-14,09:32:59,-04:00,2024-09-14T09:32:59-04:00,0,4
src\routes\labs\lab7_commit_meta\+page.svelte,324,svelte,19707f87,Jin G,2024-09-14,09:32:59,-04:00,2024-09-14T09:32:59-04:00,0,0
src\routes\labs\lab7_commit_meta\+page.svelte,325,svelte,19707f87,Jin G,2024-09-14,09:32:59,-04:00,2024-09-14T09:32:59-04:00,0,39
src\routes\labs\lab7_commit_meta\+page.svelte,326,svelte,19707f87,Jin G,2024-09-14,09:32:59,-04:00,2024-09-14T09:32:59-04:00,0,12
src\routes\labs\lab7_commit_meta\+page.svelte,327,svelte,19707f87,Jin G,2024-09-14,09:32:59,-04:00,2024-09-14T09:32:59-04:00,0,3
src\routes\labs\lab7_commit_meta\+page.svelte,328,svelte,19707f87,Jin G,2024-09-14,09:32:59,-04:00,2024-09-14T09:32:59-04:00,0,69
src\routes\labs\lab7_commit_meta\+page.svelte,329,svelte,19707f87,Jin G,2024-09-14,09:32:59,-04:00,2024-09-14T09:32:59-04:00,0,4
src\routes\labs\lab7_commit_meta\+page.svelte,330,svelte,19707f87,Jin G,2024-09-14,09:32:59,-04:00,2024-09-14T09:32:59-04:00,0,0
src\routes\labs\lab7_commit_meta\+page.svelte,331,svelte,19707f87,Jin G,2024-09-14,09:32:59,-04:00,2024-09-14T09:32:59-04:00,0,14
src\routes\labs\lab7_commit_meta\+page.svelte,332,svelte,19707f87,Jin G,2024-09-14,09:32:59,-04:00,2024-09-14T09:32:59-04:00,0,30
src\routes\labs\lab7_commit_meta\+page.svelte,333,svelte,19707f87,Jin G,2024-09-14,09:32:59,-04:00,2024-09-14T09:32:59-04:00,0,0
src\routes\labs\lab7_commit_meta\+page.svelte,334,svelte,19707f87,Jin G,2024-09-14,09:32:59,-04:00,2024-09-14T09:32:59-04:00,0,20
src\routes\labs\lab7_commit_meta\+page.svelte,335,svelte,19707f87,Jin G,2024-09-14,09:32:59,-04:00,2024-09-14T09:32:59-04:00,0,34
src\routes\labs\lab7_commit_meta\+page.svelte,336,svelte,19707f87,Jin G,2024-09-14,09:32:59,-04:00,2024-09-14T09:32:59-04:00,0,4
src\routes\labs\lab7_commit_meta\+page.svelte,337,svelte,19707f87,Jin G,2024-09-14,09:32:59,-04:00,2024-09-14T09:32:59-04:00,0,0
src\routes\labs\lab7_commit_meta\+page.svelte,338,svelte,19707f87,Jin G,2024-09-14,09:32:59,-04:00,2024-09-14T09:32:59-04:00,0,0
src\routes\labs\lab7_commit_meta\+page.svelte,339,svelte,19707f87,Jin G,2024-09-14,09:32:59,-04:00,2024-09-14T09:32:59-04:00,0,0
src\routes\labs\lab7_commit_meta\+page.svelte,340,svelte,19707f87,Jin G,2024-09-14,09:32:59,-04:00,2024-09-14T09:32:59-04:00,0,5
src\routes\labs\lab7_commit_meta\+page.svelte,341,svelte,19707f87,Jin G,2024-09-14,09:32:59,-04:00,2024-09-14T09:32:59-04:00,0,0
src\routes\labs\lab7_commit_meta\+page.svelte,342,svelte,19707f87,Jin G,2024-09-14,09:32:59,-04:00,2024-09-14T09:32:59-04:00,0,6
src\routes\labs\lab7_commit_meta\+page.svelte,343,css,19707f87,Jin G,2024-09-14,09:32:59,-04:00,2024-09-14T09:32:59-04:00,0,7
src\routes\labs\lab7_commit_meta\+page.svelte,344,css,19707f87,Jin G,2024-09-14,09:32:59,-04:00,2024-09-14T09:32:59-04:00,0,13
src\routes\labs\lab7_commit_meta\+page.svelte,345,css,f94476fb,Jin G,2024-09-15,16:12:34,-04:00,2024-09-15T16:12:34-04:00,0,56
src\routes\labs\lab7_commit_meta\+page.svelte,346,css,f94476fb,Jin G,2024-09-15,16:12:34,-04:00,2024-09-15T16:12:34-04:00,0,40
src\routes\labs\lab7_commit_meta\+page.svelte,347,css,19707f87,Jin G,2024-09-14,09:32:59,-04:00,2024-09-14T09:32:59-04:00,0,47
src\routes\labs\lab7_commit_meta\+page.svelte,348,css,19707f87,Jin G,2024-09-14,09:32:59,-04:00,2024-09-14T09:32:59-04:00,0,13
src\routes\labs\lab7_commit_meta\+page.svelte,349,css,19707f87,Jin G,2024-09-14,09:32:59,-04:00,2024-09-14T09:32:59-04:00,0,40
src\routes\labs\lab7_commit_meta\+page.svelte,350,css,19707f87,Jin G,2024-09-14,09:32:59,-04:00,2024-09-14T09:32:59-04:00,0,60
src\routes\labs\lab7_commit_meta\+page.svelte,351,css,19707f87,Jin G,2024-09-14,09:32:59,-04:00,2024-09-14T09:32:59-04:00,0,47
src\routes\labs\lab7_commit_meta\+page.svelte,352,css,f94476fb,Jin G,2024-09-15,16:12:34,-04:00,2024-09-15T16:12:34-04:00,0,0
src\routes\labs\lab7_commit_meta\+page.svelte,353,css,f94476fb,Jin G,2024-09-15,16:12:34,-04:00,2024-09-15T16:12:34-04:00,0,0
src\routes\labs\lab7_commit_meta\+page.svelte,354,css,f94476fb,Jin G,2024-09-15,16:12:34,-04:00,2024-09-15T16:12:34-04:00,0,21
src\routes\labs\lab7_commit_meta\+page.svelte,355,css,f94476fb,Jin G,2024-09-15,16:12:34,-04:00,2024-09-15T16:12:34-04:00,0,38
src\routes\labs\lab7_commit_meta\+page.svelte,356,css,f94476fb,Jin G,2024-09-15,16:12:34,-04:00,2024-09-15T16:12:34-04:00,0,51
src\routes\labs\lab7_commit_meta\+page.svelte,357,css,f94476fb,Jin G,2024-09-15,16:12:34,-04:00,2024-09-15T16:12:34-04:00,0,0
src\routes\labs\lab7_commit_meta\+page.svelte,358,css,f94476fb,Jin G,2024-09-15,16:12:34,-04:00,2024-09-15T16:12:34-04:00,0,0
src\routes\labs\lab7_commit_meta\+page.svelte,359,css,f94476fb,Jin G,2024-09-15,16:12:34,-04:00,2024-09-15T16:12:34-04:00,0,10
src\routes\labs\lab7_commit_meta\+page.svelte,360,css,f94476fb,Jin G,2024-09-15,16:12:34,-04:00,2024-09-15T16:12:34-04:00,0,48
src\routes\labs\lab7_commit_meta\+page.svelte,361,css,f94476fb,Jin G,2024-09-15,16:12:34,-04:00,2024-09-15T16:12:34-04:00,0,18
src\routes\labs\lab7_commit_meta\+page.svelte,362,css,f94476fb,Jin G,2024-09-15,16:12:34,-04:00,2024-09-15T16:12:34-04:00,0,0
src\routes\labs\lab7_commit_meta\+page.svelte,363,css,f94476fb,Jin G,2024-09-15,16:12:34,-04:00,2024-09-15T16:12:34-04:00,0,0
src\routes\labs\lab7_commit_meta\+page.svelte,364,css,f94476fb,Jin G,2024-09-15,16:12:34,-04:00,2024-09-15T16:12:34-04:00,0,10
src\routes\labs\lab7_commit_meta\+page.svelte,365,css,f94476fb,Jin G,2024-09-15,16:12:34,-04:00,2024-09-15T16:12:34-04:00,0,73
src\routes\labs\lab7_commit_meta\+page.svelte,366,css,f94476fb,Jin G,2024-09-15,16:12:34,-04:00,2024-09-15T16:12:34-04:00,0,18
src\routes\labs\lab7_commit_meta\+page.svelte,367,css,f94476fb,Jin G,2024-09-15,16:12:34,-04:00,2024-09-15T16:12:34-04:00,0,0
src\routes\labs\lab7_commit_meta\+page.svelte,368,css,19707f87,Jin G,2024-09-14,09:32:59,-04:00,2024-09-14T09:32:59-04:00,0,0
src\routes\labs\lab7_commit_meta\+page.svelte,369,css,19707f87,Jin G,2024-09-14,09:32:59,-04:00,2024-09-14T09:32:59-04:00,0,3
src\routes\labs\lab7_commit_meta\+page.svelte,370,css,19707f87,Jin G,2024-09-14,09:32:59,-04:00,2024-09-14T09:32:59-04:00,0,15
src\routes\labs\lab7_commit_meta\+page.svelte,371,css,19707f87,Jin G,2024-09-14,09:32:59,-04:00,2024-09-14T09:32:59-04:00,0,11
src\routes\labs\lab7_commit_meta\+page.svelte,372,css,19707f87,Jin G,2024-09-14,09:32:59,-04:00,2024-09-14T09:32:59-04:00,0,17
src\routes\labs\lab7_commit_meta\+page.svelte,373,css,19707f87,Jin G,2024-09-14,09:32:59,-04:00,2024-09-14T09:32:59-04:00,0,55
src\routes\labs\lab7_commit_meta\+page.svelte,374,css,19707f87,Jin G,2024-09-14,09:32:59,-04:00,2024-09-14T09:32:59-04:00,0,0
src\routes\labs\lab7_commit_meta\+page.svelte,375,css,19707f87,Jin G,2024-09-14,09:32:59,-04:00,2024-09-14T09:32:59-04:00,0,0
src\routes\labs\lab7_commit_meta\+page.svelte,376,css,19707f87,Jin G,2024-09-14,09:32:59,-04:00,2024-09-14T09:32:59-04:00,0,3
src\routes\labs\lab7_commit_meta\+page.svelte,377,css,19707f87,Jin G,2024-09-14,09:32:59,-04:00,2024-09-14T09:32:59-04:00,0,15
src\routes\labs\lab7_commit_meta\+page.svelte,378,css,19707f87,Jin G,2024-09-14,09:32:59,-04:00,2024-09-14T09:32:59-04:00,0,11
src\routes\labs\lab7_commit_meta\+page.svelte,379,css,19707f87,Jin G,2024-09-14,09:32:59,-04:00,2024-09-14T09:32:59-04:00,0,37
src\routes\labs\lab7_commit_meta\+page.svelte,380,css,19707f87,Jin G,2024-09-14,09:32:59,-04:00,2024-09-14T09:32:59-04:00,0,0
src\routes\labs\lab7_commit_meta\+page.svelte,381,css,19707f87,Jin G,2024-09-14,09:32:59,-04:00,2024-09-14T09:32:59-04:00,0,0
src\routes\labs\lab7_commit_meta\+page.svelte,382,css,f94476fb,Jin G,2024-09-15,16:12:34,-04:00,2024-09-15T16:12:34-04:00,0,0
src\routes\labs\lab7_commit_meta\+page.svelte,383,css,19707f87,Jin G,2024-09-14,09:32:59,-04:00,2024-09-14T09:32:59-04:00,0,11
src\routes\labs\lab7_commit_meta\+page.svelte,384,css,19707f87,Jin G,2024-09-14,09:32:59,-04:00,2024-09-14T09:32:59-04:00,0,55
src\routes\labs\lab7_commit_meta\+page.svelte,385,css,19707f87,Jin G,2024-09-14,09:32:59,-04:00,2024-09-14T09:32:59-04:00,0,42
src\routes\labs\lab7_commit_meta\+page.svelte,386,css,19707f87,Jin G,2024-09-14,09:32:59,-04:00,2024-09-14T09:32:59-04:00,0,42
src\routes\labs\lab7_commit_meta\+page.svelte,387,css,19707f87,Jin G,2024-09-14,09:32:59,-04:00,2024-09-14T09:32:59-04:00,0,0
src\routes\labs\lab7_commit_meta\+page.svelte,388,css,19707f87,Jin G,2024-09-14,09:32:59,-04:00,2024-09-14T09:32:59-04:00,0,0
src\routes\labs\lab7_commit_meta\+page.svelte,389,css,19707f87,Jin G,2024-09-14,09:32:59,-04:00,2024-09-14T09:32:59-04:00,0,4
src\routes\labs\lab7_commit_meta\+page.svelte,390,css,4f040deb,Jin G,2024-09-16,19:25:08,-04:00,2024-09-16T19:25:08-04:00,0,23
src\routes\labs\lab7_commit_meta\+page.svelte,391,css,19707f87,Jin G,2024-09-14,09:32:59,-04:00,2024-09-14T09:32:59-04:00,0,0
src\routes\labs\lab7_commit_meta\+page.svelte,392,css,19707f87,Jin G,2024-09-14,09:32:59,-04:00,2024-09-14T09:32:59-04:00,0,0
src\routes\labs\lab7_commit_meta\+page.svelte,393,css,19707f87,Jin G,2024-09-14,09:32:59,-04:00,2024-09-14T09:32:59-04:00,0,11
src\routes\labs\lab7_commit_meta\+page.svelte,394,css,19707f87,Jin G,2024-09-14,09:32:59,-04:00,2024-09-14T09:32:59-04:00,0,19
src\routes\labs\lab7_commit_meta\+page.svelte,395,css,19707f87,Jin G,2024-09-14,09:32:59,-04:00,2024-09-14T09:32:59-04:00,0,0
src\routes\labs\lab7_commit_meta\+page.svelte,396,css,19707f87,Jin G,2024-09-14,09:32:59,-04:00,2024-09-14T09:32:59-04:00,0,0
src\routes\labs\lab7_commit_meta\+page.svelte,397,css,19707f87,Jin G,2024-09-14,09:32:59,-04:00,2024-09-14T09:32:59-04:00,0,8
src\routes\labs\lab7_commit_meta\+page.svelte,398,css,19707f87,Jin G,2024-09-14,09:32:59,-04:00,2024-09-14T09:32:59-04:00,0,18
src\routes\labs\lab7_commit_meta\+page.svelte,399,css,19707f87,Jin G,2024-09-14,09:32:59,-04:00,2024-09-14T09:32:59-04:00,0,17
src\routes\labs\lab7_commit_meta\+page.svelte,400,css,19707f87,Jin G,2024-09-14,09:32:59,-04:00,2024-09-14T09:32:59-04:00,0,13
src\routes\labs\lab7_commit_meta\+page.svelte,401,css,19707f87,Jin G,2024-09-14,09:32:59,-04:00,2024-09-14T09:32:59-04:00,0,18
src\routes\labs\lab7_commit_meta\+page.svelte,402,css,19707f87,Jin G,2024-09-14,09:32:59,-04:00,2024-09-14T09:32:59-04:00,0,41
src\routes\labs\lab7_commit_meta\+page.svelte,403,css,19707f87,Jin G,2024-09-14,09:32:59,-04:00,2024-09-14T09:32:59-04:00,0,55
src\routes\labs\lab7_commit_meta\+page.svelte,404,css,19707f87,Jin G,2024-09-14,09:32:59,-04:00,2024-09-14T09:32:59-04:00,0,0
src\routes\labs\lab7_commit_meta\+page.svelte,405,css,19707f87,Jin G,2024-09-14,09:32:59,-04:00,2024-09-14T09:32:59-04:00,0,26
src\routes\labs\lab7_commit_meta\+page.svelte,406,css,19707f87,Jin G,2024-09-14,09:32:59,-04:00,2024-09-14T09:32:59-04:00,0,40
src\routes\labs\lab7_commit_meta\+page.svelte,407,css,19707f87,Jin G,2024-09-14,09:32:59,-04:00,2024-09-14T09:32:59-04:00,0,0
src\routes\labs\lab7_commit_meta\+page.svelte,408,css,19707f87,Jin G,2024-09-14,09:32:59,-04:00,2024-09-14T09:32:59-04:00,0,37
src\routes\labs\lab7_commit_meta\+page.svelte,409,css,19707f87,Jin G,2024-09-14,09:32:59,-04:00,2024-09-14T09:32:59-04:00,0,10
src\routes\labs\lab7_commit_meta\+page.svelte,410,css,19707f87,Jin G,2024-09-14,09:32:59,-04:00,2024-09-14T09:32:59-04:00,0,18
src\routes\labs\lab7_commit_meta\+page.svelte,411,css,19707f87,Jin G,2024-09-14,09:32:59,-04:00,2024-09-14T09:32:59-04:00,0,0
src\routes\labs\lab7_commit_meta\+page.svelte,412,css,19707f87,Jin G,2024-09-14,09:32:59,-04:00,2024-09-14T09:32:59-04:00,0,0
src\routes\labs\lab7_commit_meta\+page.svelte,413,css,19707f87,Jin G,2024-09-14,09:32:59,-04:00,2024-09-14T09:32:59-04:00,0,0
src\routes\labs\lab7_commit_meta\+page.svelte,414,css,19707f87,Jin G,2024-09-14,09:32:59,-04:00,2024-09-14T09:32:59-04:00,0,7
src\routes\labs\lab7_commit_meta\+page.svelte,415,css,19707f87,Jin G,2024-09-14,09:32:59,-04:00,2024-09-14T09:32:59-04:00,0,24
src\routes\labs\lab7_commit_meta\+page.svelte,416,css,19707f87,Jin G,2024-09-14,09:32:59,-04:00,2024-09-14T09:32:59-04:00,0,23
src\routes\labs\lab7_commit_meta\+page.svelte,417,css,19707f87,Jin G,2024-09-14,09:32:59,-04:00,2024-09-14T09:32:59-04:00,0,32
src\routes\labs\lab7_commit_meta\+page.svelte,418,css,19707f87,Jin G,2024-09-14,09:32:59,-04:00,2024-09-14T09:32:59-04:00,0,0
src\routes\labs\lab7_commit_meta\+page.svelte,419,css,19707f87,Jin G,2024-09-14,09:32:59,-04:00,2024-09-14T09:32:59-04:00,0,0
src\routes\labs\lab7_commit_meta\+page.svelte,420,css,19707f87,Jin G,2024-09-14,09:32:59,-04:00,2024-09-14T09:32:59-04:00,0,13
src\routes\labs\lab7_commit_meta\+page.svelte,421,css,19707f87,Jin G,2024-09-14,09:32:59,-04:00,2024-09-14T09:32:59-04:00,0,48
src\routes\labs\lab7_commit_meta\+page.svelte,422,css,19707f87,Jin G,2024-09-14,09:32:59,-04:00,2024-09-14T09:32:59-04:00,0,52
src\routes\labs\lab7_commit_meta\+page.svelte,423,css,19707f87,Jin G,2024-09-14,09:32:59,-04:00,2024-09-14T09:32:59-04:00,0,0
src\routes\labs\lab7_commit_meta\+page.svelte,424,css,19707f87,Jin G,2024-09-14,09:32:59,-04:00,2024-09-14T09:32:59-04:00,0,0
src\routes\labs\lab7_commit_meta\+page.svelte,425,css,19707f87,Jin G,2024-09-14,09:32:59,-04:00,2024-09-14T09:32:59-04:00,0,16
src\routes\labs\lab7_commit_meta\+page.svelte,426,css,19707f87,Jin G,2024-09-14,09:32:59,-04:00,2024-09-14T09:32:59-04:00,0,72
src\routes\labs\lab7_commit_meta\+page.svelte,427,css,19707f87,Jin G,2024-09-14,09:32:59,-04:00,2024-09-14T09:32:59-04:00,0,66
src\routes\labs\lab7_commit_meta\+page.svelte,428,css,19707f87,Jin G,2024-09-14,09:32:59,-04:00,2024-09-14T09:32:59-04:00,0,28
src\routes\labs\lab7_commit_meta\+page.svelte,429,css,19707f87,Jin G,2024-09-14,09:32:59,-04:00,2024-09-14T09:32:59-04:00,0,0
src\routes\labs\lab7_commit_meta\+page.svelte,430,css,19707f87,Jin G,2024-09-14,09:32:59,-04:00,2024-09-14T09:32:59-04:00,0,0
src\routes\labs\lab7_commit_meta\+page.svelte,431,css,19707f87,Jin G,2024-09-14,09:32:59,-04:00,2024-09-14T09:32:59-04:00,0,25
src\routes\labs\lab7_commit_meta\+page.svelte,432,css,19707f87,Jin G,2024-09-14,09:32:59,-04:00,2024-09-14T09:32:59-04:00,0,3
src\routes\labs\lab7_commit_meta\+page.svelte,433,css,19707f87,Jin G,2024-09-14,09:32:59,-04:00,2024-09-14T09:32:59-04:00,0,33
src\routes\labs\lab7_commit_meta\+page.svelte,434,css,19707f87,Jin G,2024-09-14,09:32:59,-04:00,2024-09-14T09:32:59-04:00,0,0
src\routes\labs\lab7_commit_meta\+page.svelte,435,css,19707f87,Jin G,2024-09-14,09:32:59,-04:00,2024-09-14T09:32:59-04:00,0,0
src\routes\labs\lab7_commit_meta\+page.svelte,436,css,19707f87,Jin G,2024-09-14,09:32:59,-04:00,2024-09-14T09:32:59-04:00,0,0
src\routes\labs\lab7_commit_meta\+page.svelte,437,css,19707f87,Jin G,2024-09-14,09:32:59,-04:00,2024-09-14T09:32:59-04:00,0,24
src\routes\labs\lab7_commit_meta\+page.svelte,438,css,19707f87,Jin G,2024-09-14,09:32:59,-04:00,2024-09-14T09:32:59-04:00,0,17
src\routes\labs\lab7_commit_meta\+page.svelte,439,css,19707f87,Jin G,2024-09-14,09:32:59,-04:00,2024-09-14T09:32:59-04:00,0,13
src\routes\labs\lab7_commit_meta\+page.svelte,440,css,19707f87,Jin G,2024-09-14,09:32:59,-04:00,2024-09-14T09:32:59-04:00,0,19
src\routes\labs\lab7_commit_meta\+page.svelte,441,css,19707f87,Jin G,2024-09-14,09:32:59,-04:00,2024-09-14T09:32:59-04:00,0,21
src\routes\labs\lab7_commit_meta\+page.svelte,442,css,19707f87,Jin G,2024-09-14,09:32:59,-04:00,2024-09-14T09:32:59-04:00,0,43
src\routes\labs\lab7_commit_meta\+page.svelte,443,css,19707f87,Jin G,2024-09-14,09:32:59,-04:00,2024-09-14T09:32:59-04:00,0,0
src\routes\labs\lab7_commit_meta\+page.svelte,444,css,19707f87,Jin G,2024-09-14,09:32:59,-04:00,2024-09-14T09:32:59-04:00,0,0
src\routes\labs\lab7_commit_meta\+page.svelte,445,css,19707f87,Jin G,2024-09-14,09:32:59,-04:00,2024-09-14T09:32:59-04:00,0,20
src\routes\labs\lab7_commit_meta\+page.svelte,446,css,19707f87,Jin G,2024-09-14,09:32:59,-04:00,2024-09-14T09:32:59-04:00,0,13
src\routes\labs\lab7_commit_meta\+page.svelte,447,css,19707f87,Jin G,2024-09-14,09:32:59,-04:00,2024-09-14T09:32:59-04:00,0,79
src\routes\labs\lab7_commit_meta\+page.svelte,448,css,19707f87,Jin G,2024-09-14,09:32:59,-04:00,2024-09-14T09:32:59-04:00,0,10
src\routes\labs\lab7_commit_meta\+page.svelte,449,css,19707f87,Jin G,2024-09-14,09:32:59,-04:00,2024-09-14T09:32:59-04:00,0,21
src\routes\labs\lab7_commit_meta\+page.svelte,450,css,19707f87,Jin G,2024-09-14,09:32:59,-04:00,2024-09-14T09:32:59-04:00,0,0
src\routes\labs\lab7_commit_meta\+page.svelte,451,css,19707f87,Jin G,2024-09-14,09:32:59,-04:00,2024-09-14T09:32:59-04:00,0,0
src\routes\labs\lab7_commit_meta\+page.svelte,452,css,19707f87,Jin G,2024-09-14,09:32:59,-04:00,2024-09-14T09:32:59-04:00,0,23
src\routes\labs\lab7_commit_meta\+page.svelte,453,css,19707f87,Jin G,2024-09-14,09:32:59,-04:00,2024-09-14T09:32:59-04:00,0,18
src\routes\labs\lab7_commit_meta\+page.svelte,454,css,19707f87,Jin G,2024-09-14,09:32:59,-04:00,2024-09-14T09:32:59-04:00,0,30
src\routes\labs\lab7_commit_meta\+page.svelte,455,css,19707f87,Jin G,2024-09-14,09:32:59,-04:00,2024-09-14T09:32:59-04:00,0,14
src\routes\labs\lab7_commit_meta\+page.svelte,456,css,19707f87,Jin G,2024-09-14,09:32:59,-04:00,2024-09-14T09:32:59-04:00,0,0
src\routes\labs\lab7_commit_meta\+page.svelte,457,css,19707f87,Jin G,2024-09-14,09:32:59,-04:00,2024-09-14T09:32:59-04:00,0,0
src\routes\labs\lab7_commit_meta\+page.svelte,458,css,19707f87,Jin G,2024-09-14,09:32:59,-04:00,2024-09-14T09:32:59-04:00,0,27
src\routes\labs\lab7_commit_meta\+page.svelte,459,css,19707f87,Jin G,2024-09-14,09:32:59,-04:00,2024-09-14T09:32:59-04:00,0,14
src\routes\labs\lab7_commit_meta\+page.svelte,460,css,19707f87,Jin G,2024-09-14,09:32:59,-04:00,2024-09-14T09:32:59-04:00,0,17
src\routes\labs\lab7_commit_meta\+page.svelte,461,css,19707f87,Jin G,2024-09-14,09:32:59,-04:00,2024-09-14T09:32:59-04:00,0,31
src\routes\labs\lab7_commit_meta\+page.svelte,462,css,19707f87,Jin G,2024-09-14,09:32:59,-04:00,2024-09-14T09:32:59-04:00,0,22
src\routes\labs\lab7_commit_meta\+page.svelte,463,css,19707f87,Jin G,2024-09-14,09:32:59,-04:00,2024-09-14T09:32:59-04:00,0,0
src\routes\labs\lab7_commit_meta\+page.svelte,464,css,19707f87,Jin G,2024-09-14,09:32:59,-04:00,2024-09-14T09:32:59-04:00,0,0
src\routes\labs\lab7_commit_meta\+page.svelte,465,css,19707f87,Jin G,2024-09-14,09:32:59,-04:00,2024-09-14T09:32:59-04:00,0,24
src\routes\labs\lab7_commit_meta\+page.svelte,466,css,19707f87,Jin G,2024-09-14,09:32:59,-04:00,2024-09-14T09:32:59-04:00,0,17
src\routes\labs\lab7_commit_meta\+page.svelte,467,css,19707f87,Jin G,2024-09-14,09:32:59,-04:00,2024-09-14T09:32:59-04:00,0,11
src\routes\labs\lab7_commit_meta\+page.svelte,468,css,19707f87,Jin G,2024-09-14,09:32:59,-04:00,2024-09-14T09:32:59-04:00,0,0
src\routes\labs\lab7_commit_meta\+page.svelte,469,svelte,19707f87,Jin G,2024-09-14,09:32:59,-04:00,2024-09-14T09:32:59-04:00,0,7
src\routes\labs\lab6_project_grids\+page.svelte,1,svelte,f94476fb,Jin G,2024-09-15,16:12:34,-04:00,2024-09-15T16:12:34-04:00,0,7
src\routes\labs\lab6_project_grids\+page.svelte,2,js,9d554aca,Jin G,2024-09-18,14:58:26,-04:00,2024-09-18T14:58:26-04:00,0,33
src\routes\labs\lab6_project_grids\+page.svelte,3,js,97e92818,Jin G,2024-09-16,10:51:48,-04:00,2024-09-16T10:51:48-04:00,0,46
src\routes\labs\lab6_project_grids\+page.svelte,4,js,f94476fb,Jin G,2024-09-15,16:12:34,-04:00,2024-09-15T16:12:34-04:00,0,41
src\routes\labs\lab6_project_grids\+page.svelte,5,js,f94476fb,Jin G,2024-09-15,16:12:34,-04:00,2024-09-15T16:12:34-04:00,0,33
src\routes\labs\lab6_project_grids\+page.svelte,6,js,f94476fb,Jin G,2024-09-15,16:12:34,-04:00,2024-09-15T16:12:34-04:00,0,24
src\routes\labs\lab6_project_grids\+page.svelte,7,js,f94476fb,Jin G,2024-09-15,16:12:34,-04:00,2024-09-15T16:12:34-04:00,0,0
src\routes\labs\lab6_project_grids\+page.svelte,8,js,f94476fb,Jin G,2024-09-15,16:12:34,-04:00,2024-09-15T16:12:34-04:00,0,49
src\routes\labs\lab6_project_grids\+page.svelte,9,js,f94476fb,Jin G,2024-09-15,16:12:34,-04:00,2024-09-15T16:12:34-04:00,0,27
src\routes\labs\lab6_project_grids\+page.svelte,10,js,f94476fb,Jin G,2024-09-15,16:12:34,-04:00,2024-09-15T16:12:34-04:00,0,8
src\routes\labs\lab6_project_grids\+page.svelte,11,js,f94476fb,Jin G,2024-09-15,16:12:34,-04:00,2024-09-15T16:12:34-04:00,0,15
src\routes\labs\lab6_project_grids\+page.svelte,12,js,f94476fb,Jin G,2024-09-15,16:12:34,-04:00,2024-09-15T16:12:34-04:00,0,12
src\routes\labs\lab6_project_grids\+page.svelte,13,js,f94476fb,Jin G,2024-09-15,16:12:34,-04:00,2024-09-15T16:12:34-04:00,0,1
src\routes\labs\lab6_project_grids\+page.svelte,14,js,f94476fb,Jin G,2024-09-15,16:12:34,-04:00,2024-09-15T16:12:34-04:00,0,0
src\routes\labs\lab6_project_grids\+page.svelte,15,js,f94476fb,Jin G,2024-09-15,16:12:34,-04:00,2024-09-15T16:12:34-04:00,0,14
src\routes\labs\lab6_project_grids\+page.svelte,16,js,f94476fb,Jin G,2024-09-15,16:12:34,-04:00,2024-09-15T16:12:34-04:00,0,31
src\routes\labs\lab6_project_grids\+page.svelte,17,js,f94476fb,Jin G,2024-09-15,16:12:34,-04:00,2024-09-15T16:12:34-04:00,0,51
src\routes\labs\lab6_project_grids\+page.svelte,18,js,f94476fb,Jin G,2024-09-15,16:12:34,-04:00,2024-09-15T16:12:34-04:00,0,60
src\routes\labs\lab6_project_grids\+page.svelte,19,js,f94476fb,Jin G,2024-09-15,16:12:34,-04:00,2024-09-15T16:12:34-04:00,0,43
src\routes\labs\lab6_project_grids\+page.svelte,20,js,f94476fb,Jin G,2024-09-15,16:12:34,-04:00,2024-09-15T16:12:34-04:00,0,2
src\routes\labs\lab6_project_grids\+page.svelte,21,js,f94476fb,Jin G,2024-09-15,16:12:34,-04:00,2024-09-15T16:12:34-04:00,0,0
src\routes\labs\lab6_project_grids\+page.svelte,22,js,f94476fb,Jin G,2024-09-15,16:12:34,-04:00,2024-09-15T16:12:34-04:00,0,11
src\routes\labs\lab6_project_grids\+page.svelte,23,js,f94476fb,Jin G,2024-09-15,16:12:34,-04:00,2024-09-15T16:12:34-04:00,0,0
src\routes\labs\lab6_project_grids\+page.svelte,24,js,f94476fb,Jin G,2024-09-15,16:12:34,-04:00,2024-09-15T16:12:34-04:00,0,90
src\routes\labs\lab6_project_grids\+page.svelte,25,js,f94476fb,Jin G,2024-09-15,16:12:34,-04:00,2024-09-15T16:12:34-04:00,0,3
src\routes\labs\lab6_project_grids\+page.svelte,26,js,f94476fb,Jin G,2024-09-15,16:12:34,-04:00,2024-09-15T16:12:34-04:00,0,51
src\routes\labs\lab6_project_grids\+page.svelte,27,js,f94476fb,Jin G,2024-09-15,16:12:34,-04:00,2024-09-15T16:12:34-04:00,0,12
src\routes\labs\lab6_project_grids\+page.svelte,28,js,f94476fb,Jin G,2024-09-15,16:12:34,-04:00,2024-09-15T16:12:34-04:00,0,0
src\routes\labs\lab6_project_grids\+page.svelte,29,js,f94476fb,Jin G,2024-09-15,16:12:34,-04:00,2024-09-15T16:12:34-04:00,0,60
src\routes\labs\lab6_project_grids\+page.svelte,30,js,f94476fb,Jin G,2024-09-15,16:12:34,-04:00,2024-09-15T16:12:34-04:00,0,23
src\routes\labs\lab6_project_grids\+page.svelte,31,js,f94476fb,Jin G,2024-09-15,16:12:34,-04:00,2024-09-15T16:12:34-04:00,0,16
src\routes\labs\lab6_project_grids\+page.svelte,32,js,f94476fb,Jin G,2024-09-15,16:12:34,-04:00,2024-09-15T16:12:34-04:00,0,15
src\routes\labs\lab6_project_grids\+page.svelte,33,js,f94476fb,Jin G,2024-09-15,16:12:34,-04:00,2024-09-15T16:12:34-04:00,0,12
src\routes\labs\lab6_project_grids\+page.svelte,34,js,f94476fb,Jin G,2024-09-15,16:12:34,-04:00,2024-09-15T16:12:34-04:00,0,1
src\routes\labs\lab6_project_grids\+page.svelte,35,js,f94476fb,Jin G,2024-09-15,16:12:34,-04:00,2024-09-15T16:12:34-04:00,0,0
src\routes\labs\lab6_project_grids\+page.svelte,36,js,f94476fb,Jin G,2024-09-15,16:12:34,-04:00,2024-09-15T16:12:34-04:00,0,44
src\routes\labs\lab6_project_grids\+page.svelte,37,js,f94476fb,Jin G,2024-09-15,16:12:34,-04:00,2024-09-15T16:12:34-04:00,0,36
src\routes\labs\lab6_project_grids\+page.svelte,38,js,f94476fb,Jin G,2024-09-15,16:12:34,-04:00,2024-09-15T16:12:34-04:00,0,2
src\routes\labs\lab6_project_grids\+page.svelte,39,js,f94476fb,Jin G,2024-09-15,16:12:34,-04:00,2024-09-15T16:12:34-04:00,0,0
src\routes\labs\lab6_project_grids\+page.svelte,40,js,f94476fb,Jin G,2024-09-15,16:12:34,-04:00,2024-09-15T16:12:34-04:00,0,0
src\routes\labs\lab6_project_grids\+page.svelte,41,js,f94476fb,Jin G,2024-09-15,16:12:34,-04:00,2024-09-15T16:12:34-04:00,0,26
src\routes\labs\lab6_project_grids\+page.svelte,42,js,f94476fb,Jin G,2024-09-15,16:12:34,-04:00,2024-09-15T16:12:34-04:00,0,0
src\routes\labs\lab6_project_grids\+page.svelte,43,js,f94476fb,Jin G,2024-09-15,16:12:34,-04:00,2024-09-15T16:12:34-04:00,0,16
src\routes\labs\lab6_project_grids\+page.svelte,44,js,f94476fb,Jin G,2024-09-15,16:12:34,-04:00,2024-09-15T16:12:34-04:00,0,16
src\routes\labs\lab6_project_grids\+page.svelte,45,js,f94476fb,Jin G,2024-09-15,16:12:34,-04:00,2024-09-15T16:12:34-04:00,0,64
src\routes\labs\lab6_project_grids\+page.svelte,46,js,f94476fb,Jin G,2024-09-15,16:12:34,-04:00,2024-09-15T16:12:34-04:00,0,0
src\routes\labs\lab6_project_grids\+page.svelte,47,js,f94476fb,Jin G,2024-09-15,16:12:34,-04:00,2024-09-15T16:12:34-04:00,0,18
src\routes\labs\lab6_project_grids\+page.svelte,48,js,f94476fb,Jin G,2024-09-15,16:12:34,-04:00,2024-09-15T16:12:34-04:00,0,18
src\routes\labs\lab6_project_grids\+page.svelte,49,js,f94476fb,Jin G,2024-09-15,16:12:34,-04:00,2024-09-15T16:12:34-04:00,0,19
src\routes\labs\lab6_project_grids\+page.svelte,50,js,f94476fb,Jin G,2024-09-15,16:12:34,-04:00,2024-09-15T16:12:34-04:00,0,68
src\routes\labs\lab6_project_grids\+page.svelte,51,js,f94476fb,Jin G,2024-09-15,16:12:34,-04:00,2024-09-15T16:12:34-04:00,0,18
src\routes\labs\lab6_project_grids\+page.svelte,52,svelte,f94476fb,Jin G,2024-09-15,16:12:34,-04:00,2024-09-15T16:12:34-04:00,0,8
src\routes\labs\lab6_project_grids\+page.svelte,53,svelte,f94476fb,Jin G,2024-09-15,16:12:34,-04:00,2024-09-15T16:12:34-04:00,0,0
src\routes\labs\lab6_project_grids\+page.svelte,54,svelte,f94476fb,Jin G,2024-09-15,16:12:34,-04:00,2024-09-15T16:12:34-04:00,0,69
src\routes\labs\lab6_project_grids\+page.svelte,55,svelte,f94476fb,Jin G,2024-09-15,16:12:34,-04:00,2024-09-15T16:12:34-04:00,0,0
src\routes\labs\lab6_project_grids\+page.svelte,56,svelte,f94476fb,Jin G,2024-09-15,16:12:34,-04:00,2024-09-15T16:12:34-04:00,0,12
src\routes\labs\lab6_project_grids\+page.svelte,57,svelte,f94476fb,Jin G,2024-09-15,16:12:34,-04:00,2024-09-15T16:12:34-04:00,0,57
src\routes\labs\lab6_project_grids\+page.svelte,58,svelte,f94476fb,Jin G,2024-09-15,16:12:34,-04:00,2024-09-15T16:12:34-04:00,0,13
src\routes\labs\lab6_project_grids\+page.svelte,59,svelte,f94476fb,Jin G,2024-09-15,16:12:34,-04:00,2024-09-15T16:12:34-04:00,0,0
src\routes\labs\lab6_project_grids\+page.svelte,60,svelte,f94476fb,Jin G,2024-09-15,16:12:34,-04:00,2024-09-15T16:12:34-04:00,0,22
src\routes\labs\lab6_project_grids\+page.svelte,61,svelte,f94476fb,Jin G,2024-09-15,16:12:34,-04:00,2024-09-15T16:12:34-04:00,0,25
src\routes\labs\lab6_project_grids\+page.svelte,62,svelte,f94476fb,Jin G,2024-09-15,16:12:34,-04:00,2024-09-15T16:12:34-04:00,0,29
src\routes\labs\lab6_project_grids\+page.svelte,63,svelte,f94476fb,Jin G,2024-09-15,16:12:34,-04:00,2024-09-15T16:12:34-04:00,0,0
src\routes\labs\lab6_project_grids\+page.svelte,64,svelte,f94476fb,Jin G,2024-09-15,16:12:34,-04:00,2024-09-15T16:12:34-04:00,0,3
src\routes\labs\lab6_project_grids\+page.svelte,65,svelte,f94476fb,Jin G,2024-09-15,16:12:34,-04:00,2024-09-15T16:12:34-04:00,0,62
src\routes\labs\lab6_project_grids\+page.svelte,66,svelte,f94476fb,Jin G,2024-09-15,16:12:34,-04:00,2024-09-15T16:12:34-04:00,0,36
src\routes\labs\lab6_project_grids\+page.svelte,67,svelte,f94476fb,Jin G,2024-09-15,16:12:34,-04:00,2024-09-15T16:12:34-04:00,0,34
src\routes\labs\lab6_project_grids\+page.svelte,68,svelte,f94476fb,Jin G,2024-09-15,16:12:34,-04:00,2024-09-15T16:12:34-04:00,0,37
src\routes\labs\lab6_project_grids\+page.svelte,69,svelte,f94476fb,Jin G,2024-09-15,16:12:34,-04:00,2024-09-15T16:12:34-04:00,0,6
src\routes\labs\lab6_project_grids\+page.svelte,70,svelte,f94476fb,Jin G,2024-09-15,16:12:34,-04:00,2024-09-15T16:12:34-04:00,0,8
src\routes\labs\lab6_project_grids\+page.svelte,71,svelte,f94476fb,Jin G,2024-09-15,16:12:34,-04:00,2024-09-15T16:12:34-04:00,0,52
src\routes\labs\lab6_project_grids\+page.svelte,72,svelte,f94476fb,Jin G,2024-09-15,16:12:34,-04:00,2024-09-15T16:12:34-04:00,0,4
src\routes\labs\lab6_project_grids\+page.svelte,73,svelte,f94476fb,Jin G,2024-09-15,16:12:34,-04:00,2024-09-15T16:12:34-04:00,0,0
src\routes\labs\lab6_project_grids\+page.svelte,74,svelte,f94476fb,Jin G,2024-09-15,16:12:34,-04:00,2024-09-15T16:12:34-04:00,0,5
src\routes\labs\lab6_project_grids\+page.svelte,75,svelte,f94476fb,Jin G,2024-09-15,16:12:34,-04:00,2024-09-15T16:12:34-04:00,0,12
src\routes\labs\lab6_project_grids\+page.svelte,76,svelte,f94476fb,Jin G,2024-09-15,16:12:34,-04:00,2024-09-15T16:12:34-04:00,0,17
src\routes\labs\lab6_project_grids\+page.svelte,77,svelte,f94476fb,Jin G,2024-09-15,16:12:34,-04:00,2024-09-15T16:12:34-04:00,0,27
src\routes\labs\lab6_project_grids\+page.svelte,78,svelte,f94476fb,Jin G,2024-09-15,16:12:34,-04:00,2024-09-15T16:12:34-04:00,0,32
src\routes\labs\lab6_project_grids\+page.svelte,79,svelte,f94476fb,Jin G,2024-09-15,16:12:34,-04:00,2024-09-15T16:12:34-04:00,0,1
src\routes\labs\lab6_project_grids\+page.svelte,80,svelte,f94476fb,Jin G,2024-09-15,16:12:34,-04:00,2024-09-15T16:12:34-04:00,0,5
src\routes\labs\lab6_project_grids\+page.svelte,81,svelte,f94476fb,Jin G,2024-09-15,16:12:34,-04:00,2024-09-15T16:12:34-04:00,0,26
src\routes\labs\lab6_project_grids\+page.svelte,82,svelte,f94476fb,Jin G,2024-09-15,16:12:34,-04:00,2024-09-15T16:12:34-04:00,0,71
src\routes\labs\lab6_project_grids\+page.svelte,83,svelte,f94476fb,Jin G,2024-09-15,16:12:34,-04:00,2024-09-15T16:12:34-04:00,0,5
src\routes\labs\lab6_project_grids\+page.svelte,84,svelte,f94476fb,Jin G,2024-09-15,16:12:34,-04:00,2024-09-15T16:12:34-04:00,0,5
src\routes\labs\lab6_project_grids\+page.svelte,85,svelte,f94476fb,Jin G,2024-09-15,16:12:34,-04:00,2024-09-15T16:12:34-04:00,0,0
src\routes\labs\lab6_project_grids\+page.svelte,86,svelte,f94476fb,Jin G,2024-09-15,16:12:34,-04:00,2024-09-15T16:12:34-04:00,0,21
src\routes\labs\lab6_project_grids\+page.svelte,87,svelte,f94476fb,Jin G,2024-09-15,16:12:34,-04:00,2024-09-15T16:12:34-04:00,0,32
src\routes\labs\lab6_project_grids\+page.svelte,88,svelte,f94476fb,Jin G,2024-09-15,16:12:34,-04:00,2024-09-15T16:12:34-04:00,0,36
src\routes\labs\lab6_project_grids\+page.svelte,89,svelte,f94476fb,Jin G,2024-09-15,16:12:34,-04:00,2024-09-15T16:12:34-04:00,0,6
src\routes\labs\lab6_project_grids\+page.svelte,90,svelte,f94476fb,Jin G,2024-09-15,16:12:34,-04:00,2024-09-15T16:12:34-04:00,0,5
src\routes\labs\lab6_project_grids\+page.svelte,91,svelte,f94476fb,Jin G,2024-09-15,16:12:34,-04:00,2024-09-15T16:12:34-04:00,0,0
src\routes\labs\lab6_project_grids\+page.svelte,92,svelte,f94476fb,Jin G,2024-09-15,16:12:34,-04:00,2024-09-15T16:12:34-04:00,0,6
src\routes\labs\lab6_project_grids\+page.svelte,93,css,f94476fb,Jin G,2024-09-15,16:12:34,-04:00,2024-09-15T16:12:34-04:00,0,11
src\routes\labs\lab6_project_grids\+page.svelte,94,css,f94476fb,Jin G,2024-09-15,16:12:34,-04:00,2024-09-15T16:12:34-04:00,0,13
src\routes\labs\lab6_project_grids\+page.svelte,95,css,f94476fb,Jin G,2024-09-15,16:12:34,-04:00,2024-09-15T16:12:34-04:00,0,30
src\routes\labs\lab6_project_grids\+page.svelte,96,css,f94476fb,Jin G,2024-09-15,16:12:34,-04:00,2024-09-15T16:12:34-04:00,0,0
src\routes\labs\lab6_project_grids\+page.svelte,97,css,f94476fb,Jin G,2024-09-15,16:12:34,-04:00,2024-09-15T16:12:34-04:00,0,0
src\routes\labs\lab6_project_grids\+page.svelte,98,css,f94476fb,Jin G,2024-09-15,16:12:34,-04:00,2024-09-15T16:12:34-04:00,0,14
src\routes\labs\lab6_project_grids\+page.svelte,99,css,f94476fb,Jin G,2024-09-15,16:12:34,-04:00,2024-09-15T16:12:34-04:00,0,10
src\routes\labs\lab6_project_grids\+page.svelte,100,css,f94476fb,Jin G,2024-09-15,16:12:34,-04:00,2024-09-15T16:12:34-04:00,0,13
src\routes\labs\lab6_project_grids\+page.svelte,101,css,f94476fb,Jin G,2024-09-15,16:12:34,-04:00,2024-09-15T16:12:34-04:00,0,0
src\routes\labs\lab6_project_grids\+page.svelte,102,css,f94476fb,Jin G,2024-09-15,16:12:34,-04:00,2024-09-15T16:12:34-04:00,0,0
src\routes\labs\lab6_project_grids\+page.svelte,103,css,f94476fb,Jin G,2024-09-15,16:12:34,-04:00,2024-09-15T16:12:34-04:00,0,15
src\routes\labs\lab6_project_grids\+page.svelte,104,css,f94476fb,Jin G,2024-09-15,16:12:34,-04:00,2024-09-15T16:12:34-04:00,0,10
src\routes\labs\lab6_project_grids\+page.svelte,105,css,f94476fb,Jin G,2024-09-15,16:12:34,-04:00,2024-09-15T16:12:34-04:00,0,13
src\routes\labs\lab6_project_grids\+page.svelte,106,css,f94476fb,Jin G,2024-09-15,16:12:34,-04:00,2024-09-15T16:12:34-04:00,0,13
src\routes\labs\lab6_project_grids\+page.svelte,107,css,f94476fb,Jin G,2024-09-15,16:12:34,-04:00,2024-09-15T16:12:34-04:00,0,21
src\routes\labs\lab6_project_grids\+page.svelte,108,css,f94476fb,Jin G,2024-09-15,16:12:34,-04:00,2024-09-15T16:12:34-04:00,0,17
src\routes\labs\lab6_project_grids\+page.svelte,109,css,f94476fb,Jin G,2024-09-15,16:12:34,-04:00,2024-09-15T16:12:34-04:00,0,0
src\routes\labs\lab6_project_grids\+page.svelte,110,css,f94476fb,Jin G,2024-09-15,16:12:34,-04:00,2024-09-15T16:12:34-04:00,0,10
src\routes\labs\lab6_project_grids\+page.svelte,111,css,f94476fb,Jin G,2024-09-15,16:12:34,-04:00,2024-09-15T16:12:34-04:00,0,13
src\routes\labs\lab6_project_grids\+page.svelte,112,css,f94476fb,Jin G,2024-09-15,16:12:34,-04:00,2024-09-15T16:12:34-04:00,0,29
src\routes\labs\lab6_project_grids\+page.svelte,113,css,f94476fb,Jin G,2024-09-15,16:12:34,-04:00,2024-09-15T16:12:34-04:00,0,9
src\routes\labs\lab6_project_grids\+page.svelte,114,css,f94476fb,Jin G,2024-09-15,16:12:34,-04:00,2024-09-15T16:12:34-04:00,0,16
src\routes\labs\lab6_project_grids\+page.svelte,115,css,f94476fb,Jin G,2024-09-15,16:12:34,-04:00,2024-09-15T16:12:34-04:00,0,34
src\routes\labs\lab6_project_grids\+page.svelte,116,css,f94476fb,Jin G,2024-09-15,16:12:34,-04:00,2024-09-15T16:12:34-04:00,0,39
src\routes\labs\lab6_project_grids\+page.svelte,117,css,f94476fb,Jin G,2024-09-15,16:12:34,-04:00,2024-09-15T16:12:34-04:00,0,15
src\routes\labs\lab6_project_grids\+page.svelte,118,css,f94476fb,Jin G,2024-09-15,16:12:34,-04:00,2024-09-15T16:12:34-04:00,0,0
src\routes\labs\lab6_project_grids\+page.svelte,119,css,f94476fb,Jin G,2024-09-15,16:12:34,-04:00,2024-09-15T16:12:34-04:00,0,0
src\routes\labs\lab6_project_grids\+page.svelte,120,css,f94476fb,Jin G,2024-09-15,16:12:34,-04:00,2024-09-15T16:12:34-04:00,0,35
src\routes\labs\lab6_project_grids\+page.svelte,121,css,f94476fb,Jin G,2024-09-15,16:12:34,-04:00,2024-09-15T16:12:34-04:00,0,12
src\routes\labs\lab6_project_grids\+page.svelte,122,css,f94476fb,Jin G,2024-09-15,16:12:34,-04:00,2024-09-15T16:12:34-04:00,0,14
src\routes\labs\lab6_project_grids\+page.svelte,123,css,f94476fb,Jin G,2024-09-15,16:12:34,-04:00,2024-09-15T16:12:34-04:00,0,86
src\routes\labs\lab6_project_grids\+page.svelte,124,css,f94476fb,Jin G,2024-09-15,16:12:34,-04:00,2024-09-15T16:12:34-04:00,0,22
src\routes\labs\lab6_project_grids\+page.svelte,125,css,f94476fb,Jin G,2024-09-15,16:12:34,-04:00,2024-09-15T16:12:34-04:00,0,18
src\routes\labs\lab6_project_grids\+page.svelte,126,css,f94476fb,Jin G,2024-09-15,16:12:34,-04:00,2024-09-15T16:12:34-04:00,0,0
src\routes\labs\lab6_project_grids\+page.svelte,127,css,f94476fb,Jin G,2024-09-15,16:12:34,-04:00,2024-09-15T16:12:34-04:00,0,0
src\routes\labs\lab6_project_grids\+page.svelte,128,css,f94476fb,Jin G,2024-09-15,16:12:34,-04:00,2024-09-15T16:12:34-04:00,0,39
src\routes\labs\lab6_project_grids\+page.svelte,129,css,f94476fb,Jin G,2024-09-15,16:12:34,-04:00,2024-09-15T16:12:34-04:00,0,18
src\routes\labs\lab6_project_grids\+page.svelte,130,css,f94476fb,Jin G,2024-09-15,16:12:34,-04:00,2024-09-15T16:12:34-04:00,0,0
src\routes\labs\lab6_project_grids\+page.svelte,131,svelte,f94476fb,Jin G,2024-09-15,16:12:34,-04:00,2024-09-15T16:12:34-04:00,0,7
src\routes\labs\lab5_svelte\+page.svelte,1,svelte,f94476fb,Jin G,2024-09-15,16:12:34,-04:00,2024-09-15T16:12:34-04:00,0,12
src\routes\labs\lab5_svelte\+page.svelte,2,svelte,f94476fb,Jin G,2024-09-15,16:12:34,-04:00,2024-09-15T16:12:34-04:00,0,22
src\routes\labs\lab5_svelte\+page.svelte,3,svelte,f94476fb,Jin G,2024-09-15,16:12:34,-04:00,2024-09-15T16:12:34-04:00,0,13
src\routes\labs\lab5_svelte\+page.svelte,4,svelte,f94476fb,Jin G,2024-09-15,16:12:34,-04:00,2024-09-15T16:12:34-04:00,0,0
src\routes\labs\lab5_svelte\+page.svelte,5,svelte,f94476fb,Jin G,2024-09-15,16:12:34,-04:00,2024-09-15T16:12:34-04:00,0,7
src\routes\labs\lab5_svelte\+page.svelte,6,js,9d554aca,Jin G,2024-09-18,14:58:26,-04:00,2024-09-18T14:58:26-04:00,0,33
src\routes\labs\lab5_svelte\+page.svelte,7,js,f94476fb,Jin G,2024-09-15,16:12:34,-04:00,2024-09-15T16:12:34-04:00,0,49
src\routes\labs\lab5_svelte\+page.svelte,8,svelte,f94476fb,Jin G,2024-09-15,16:12:34,-04:00,2024-09-15T16:12:34-04:00,0,8
src\routes\labs\lab5_svelte\+page.svelte,9,svelte,f94476fb,Jin G,2024-09-15,16:12:34,-04:00,2024-09-15T16:12:34-04:00,0,0
src\routes\labs\lab5_svelte\+page.svelte,10,svelte,f94476fb,Jin G,2024-09-15,16:12:34,-04:00,2024-09-15T16:12:34-04:00,0,8
src\routes\labs\lab5_svelte\+page.svelte,11,svelte,f94476fb,Jin G,2024-09-15,16:12:34,-04:00,2024-09-15T16:12:34-04:00,0,7
src\routes\labs\lab5_svelte\+page.svelte,12,svelte,f94476fb,Jin G,2024-09-15,16:12:34,-04:00,2024-09-15T16:12:34-04:00,0,16
src\routes\labs\lab5_svelte\+page.svelte,13,svelte,f94476fb,Jin G,2024-09-15,16:12:34,-04:00,2024-09-15T16:12:34-04:00,0,32
src\routes\labs\lab5_svelte\+page.svelte,14,svelte,f94476fb,Jin G,2024-09-15,16:12:34,-04:00,2024-09-15T16:12:34-04:00,0,39
src\routes\labs\lab5_svelte\+page.svelte,15,svelte,f94476fb,Jin G,2024-09-15,16:12:34,-04:00,2024-09-15T16:12:34-04:00,0,8
src\routes\labs\lab5_svelte\+page.svelte,16,svelte,9d554aca,Jin G,2024-09-18,14:58:26,-04:00,2024-09-18T14:58:26-04:00,0,82
src\routes\labs\lab5_svelte\+page.svelte,17,svelte,f94476fb,Jin G,2024-09-15,16:12:34,-04:00,2024-09-15T16:12:34-04:00,0,75
src\routes\labs\lab5_svelte\+page.svelte,18,svelte,f94476fb,Jin G,2024-09-15,16:12:34,-04:00,2024-09-15T16:12:34-04:00,0,9
src\routes\labs\lab5_svelte\+page.svelte,19,svelte,f94476fb,Jin G,2024-09-15,16:12:34,-04:00,2024-09-15T16:12:34-04:00,0,0
src\routes\labs\lab5_svelte\+page.svelte,20,svelte,f94476fb,Jin G,2024-09-15,16:12:34,-04:00,2024-09-15T16:12:34-04:00,0,8
src\routes\labs\lab5_svelte\+page.svelte,21,svelte,f94476fb,Jin G,2024-09-15,16:12:34,-04:00,2024-09-15T16:12:34-04:00,0,7
src\routes\labs\lab5_svelte\+page.svelte,22,svelte,f94476fb,Jin G,2024-09-15,16:12:34,-04:00,2024-09-15T16:12:34-04:00,0,17
src\routes\labs\lab5_svelte\+page.svelte,23,svelte,f94476fb,Jin G,2024-09-15,16:12:34,-04:00,2024-09-15T16:12:34-04:00,0,8
src\routes\labs\lab5_svelte\+page.svelte,24,svelte,f94476fb,Jin G,2024-09-15,16:12:34,-04:00,2024-09-15T16:12:34-04:00,0,8
src\routes\labs\lab5_svelte\+page.svelte,25,svelte,f94476fb,Jin G,2024-09-15,16:12:34,-04:00,2024-09-15T16:12:34-04:00,0,34
src\routes\labs\lab5_svelte\+page.svelte,26,svelte,f94476fb,Jin G,2024-09-15,16:12:34,-04:00,2024-09-15T16:12:34-04:00,0,40
src\routes\labs\lab5_svelte\+page.svelte,27,svelte,f94476fb,Jin G,2024-09-15,16:12:34,-04:00,2024-09-15T16:12:34-04:00,0,89
src\routes\labs\lab5_svelte\+page.svelte,28,svelte,f94476fb,Jin G,2024-09-15,16:12:34,-04:00,2024-09-15T16:12:34-04:00,0,9
src\routes\labs\lab5_svelte\+page.svelte,29,svelte,f94476fb,Jin G,2024-09-15,16:12:34,-04:00,2024-09-15T16:12:34-04:00,0,8
src\routes\labs\lab5_svelte\+page.svelte,30,svelte,f94476fb,Jin G,2024-09-15,16:12:34,-04:00,2024-09-15T16:12:34-04:00,0,53
src\routes\labs\lab5_svelte\+page.svelte,31,svelte,f94476fb,Jin G,2024-09-15,16:12:34,-04:00,2024-09-15T16:12:34-04:00,0,37
src\routes\labs\lab5_svelte\+page.svelte,32,svelte,f94476fb,Jin G,2024-09-15,16:12:34,-04:00,2024-09-15T16:12:34-04:00,0,89
src\routes\labs\lab5_svelte\+page.svelte,33,svelte,f94476fb,Jin G,2024-09-15,16:12:34,-04:00,2024-09-15T16:12:34-04:00,0,9
src\routes\labs\lab5_svelte\+page.svelte,34,svelte,f94476fb,Jin G,2024-09-15,16:12:34,-04:00,2024-09-15T16:12:34-04:00,0,9
src\routes\labs\lab5_svelte\+page.svelte,35,svelte,f94476fb,Jin G,2024-09-15,16:12:34,-04:00,2024-09-15T16:12:34-04:00,0,0
src\routes\labs\lab5_svelte\+page.svelte,36,svelte,f94476fb,Jin G,2024-09-15,16:12:34,-04:00,2024-09-15T16:12:34-04:00,0,8
src\routes\labs\lab5_svelte\+page.svelte,37,svelte,f94476fb,Jin G,2024-09-15,16:12:34,-04:00,2024-09-15T16:12:34-04:00,0,7
src\routes\labs\lab5_svelte\+page.svelte,38,svelte,f94476fb,Jin G,2024-09-15,16:12:34,-04:00,2024-09-15T16:12:34-04:00,0,31
src\routes\labs\lab5_svelte\+page.svelte,39,svelte,f94476fb,Jin G,2024-09-15,16:12:34,-04:00,2024-09-15T16:12:34-04:00,0,8
src\routes\labs\lab5_svelte\+page.svelte,40,svelte,f94476fb,Jin G,2024-09-15,16:12:34,-04:00,2024-09-15T16:12:34-04:00,0,8
src\routes\labs\lab5_svelte\+page.svelte,41,svelte,f94476fb,Jin G,2024-09-15,16:12:34,-04:00,2024-09-15T16:12:34-04:00,0,33
src\routes\labs\lab5_svelte\+page.svelte,42,svelte,f94476fb,Jin G,2024-09-15,16:12:34,-04:00,2024-09-15T16:12:34-04:00,0,33
src\routes\labs\lab5_svelte\+page.svelte,43,svelte,f94476fb,Jin G,2024-09-15,16:12:34,-04:00,2024-09-15T16:12:34-04:00,0,50
src\routes\labs\lab5_svelte\+page.svelte,44,svelte,f94476fb,Jin G,2024-09-15,16:12:34,-04:00,2024-09-15T16:12:34-04:00,0,3
src\routes\labs\lab5_svelte\+page.svelte,45,svelte,f94476fb,Jin G,2024-09-15,16:12:34,-04:00,2024-09-15T16:12:34-04:00,0,64
src\routes\labs\lab5_svelte\+page.svelte,46,svelte,f94476fb,Jin G,2024-09-15,16:12:34,-04:00,2024-09-15T16:12:34-04:00,0,73
src\routes\labs\lab5_svelte\+page.svelte,47,svelte,f94476fb,Jin G,2024-09-15,16:12:34,-04:00,2024-09-15T16:12:34-04:00,0,4
src\routes\labs\lab5_svelte\+page.svelte,48,svelte,f94476fb,Jin G,2024-09-15,16:12:34,-04:00,2024-09-15T16:12:34-04:00,0,9
src\routes\labs\lab5_svelte\+page.svelte,49,svelte,f94476fb,Jin G,2024-09-15,16:12:34,-04:00,2024-09-15T16:12:34-04:00,0,8
src\routes\labs\lab5_svelte\+page.svelte,50,svelte,f94476fb,Jin G,2024-09-15,16:12:34,-04:00,2024-09-15T16:12:34-04:00,0,28
src\routes\labs\lab5_svelte\+page.svelte,51,svelte,f94476fb,Jin G,2024-09-15,16:12:34,-04:00,2024-09-15T16:12:34-04:00,0,35
src\routes\labs\lab5_svelte\+page.svelte,52,svelte,f94476fb,Jin G,2024-09-15,16:12:34,-04:00,2024-09-15T16:12:34-04:00,0,84
src\routes\labs\lab5_svelte\+page.svelte,53,svelte,f94476fb,Jin G,2024-09-15,16:12:34,-04:00,2024-09-15T16:12:34-04:00,0,3
src\routes\labs\lab5_svelte\+page.svelte,54,svelte,f94476fb,Jin G,2024-09-15,16:12:34,-04:00,2024-09-15T16:12:34-04:00,0,81
src\routes\labs\lab5_svelte\+page.svelte,55,svelte,f94476fb,Jin G,2024-09-15,16:12:34,-04:00,2024-09-15T16:12:34-04:00,0,71
src\routes\labs\lab5_svelte\+page.svelte,56,svelte,f94476fb,Jin G,2024-09-15,16:12:34,-04:00,2024-09-15T16:12:34-04:00,0,4
src\routes\labs\lab5_svelte\+page.svelte,57,svelte,f94476fb,Jin G,2024-09-15,16:12:34,-04:00,2024-09-15T16:12:34-04:00,0,9
src\routes\labs\lab5_svelte\+page.svelte,58,svelte,f94476fb,Jin G,2024-09-15,16:12:34,-04:00,2024-09-15T16:12:34-04:00,0,9
src\routes\labs\lab5_svelte\+page.svelte,59,svelte,f94476fb,Jin G,2024-09-15,16:12:34,-04:00,2024-09-15T16:12:34-04:00,0,0
src\routes\labs\lab5_svelte\+page.svelte,60,svelte,f94476fb,Jin G,2024-09-15,16:12:34,-04:00,2024-09-15T16:12:34-04:00,0,7
src\routes\labs\lab5_svelte\+page.svelte,61,svelte,f94476fb,Jin G,2024-09-15,16:12:34,-04:00,2024-09-15T16:12:34-04:00,0,48
src\routes\labs\lab5_svelte\+page.svelte,62,svelte,c8fb46ba,Jin G,2024-09-06,06:29:35,-04:00,2024-09-06T06:29:35-04:00,0,8
src\routes\assignments\a4\+page.svelte,1,svelte,f94476fb,Jin G,2024-09-15,16:12:34,-04:00,2024-09-15T16:12:34-04:00,0,12
src\routes\assignments\a4\+page.svelte,2,svelte,f94476fb,Jin G,2024-09-15,16:12:34,-04:00,2024-09-15T16:12:34-04:00,0,26
src\routes\assignments\a4\+page.svelte,3,svelte,f94476fb,Jin G,2024-09-15,16:12:34,-04:00,2024-09-15T16:12:34-04:00,0,13
src\routes\assignments\a4\+page.svelte,4,svelte,f94476fb,Jin G,2024-09-15,16:12:34,-04:00,2024-09-15T16:12:34-04:00,0,0
src\routes\assignments\a4\+page.svelte,5,svelte,4358e736,Jin G,2024-09-18,15:37:52,-04:00,2024-09-18T15:37:52-04:00,0,7
src\routes\assignments\a4\+page.svelte,6,js,4358e736,Jin G,2024-09-18,15:37:52,-04:00,2024-09-18T15:37:52-04:00,0,33
src\routes\assignments\a4\+page.svelte,7,svelte,4358e736,Jin G,2024-09-18,15:37:52,-04:00,2024-09-18T15:37:52-04:00,0,8
src\routes\assignments\a4\+page.svelte,8,svelte,4358e736,Jin G,2024-09-18,15:37:52,-04:00,2024-09-18T15:37:52-04:00,0,0
src\routes\assignments\a4\+page.svelte,9,svelte,4358e736,Jin G,2024-09-18,15:37:52,-04:00,2024-09-18T15:37:52-04:00,0,0
src\routes\assignments\a4\+page.svelte,10,svelte,f94476fb,Jin G,2024-09-15,16:12:34,-04:00,2024-09-15T16:12:34-04:00,0,7
src\routes\assignments\a4\+page.svelte,11,svelte,f94476fb,Jin G,2024-09-15,16:12:34,-04:00,2024-09-15T16:12:34-04:00,0,3
src\routes\assignments\a4\+page.svelte,12,svelte,f94476fb,Jin G,2024-09-15,16:12:34,-04:00,2024-09-15T16:12:34-04:00,0,26
src\routes\assignments\a4\+page.svelte,13,svelte,f94476fb,Jin G,2024-09-15,16:12:34,-04:00,2024-09-15T16:12:34-04:00,0,37
src\routes\assignments\a4\+page.svelte,14,svelte,f94476fb,Jin G,2024-09-15,16:12:34,-04:00,2024-09-15T16:12:34-04:00,0,4
src\routes\assignments\a4\+page.svelte,15,svelte,f94476fb,Jin G,2024-09-15,16:12:34,-04:00,2024-09-15T16:12:34-04:00,0,0
src\routes\assignments\a4\+page.svelte,16,svelte,f94476fb,Jin G,2024-09-15,16:12:34,-04:00,2024-09-15T16:12:34-04:00,0,56
src\routes\assignments\a4\+page.svelte,17,svelte,f94476fb,Jin G,2024-09-15,16:12:34,-04:00,2024-09-15T16:12:34-04:00,0,8
src\routes\assignments\a4\+page.svelte,18,svelte,f94476fb,Jin G,2024-09-15,16:12:34,-04:00,2024-09-15T16:12:34-04:00,0,0
src\routes\assignments\a4\+page.svelte,19,svelte,f94476fb,Jin G,2024-09-15,16:12:34,-04:00,2024-09-15T16:12:34-04:00,0,5
src\routes\assignments\a4\+page.svelte,20,svelte,f94476fb,Jin G,2024-09-15,16:12:34,-04:00,2024-09-15T16:12:34-04:00,0,0
src\routes\assignments\a4\+page.svelte,21,svelte,f94476fb,Jin G,2024-09-15,16:12:34,-04:00,2024-09-15T16:12:34-04:00,0,88
src\routes\assignments\a4\+page.svelte,22,svelte,f94476fb,Jin G,2024-09-15,16:12:34,-04:00,2024-09-15T16:12:34-04:00,0,2
src\routes\assignments\a4\+page.svelte,23,svelte,f94476fb,Jin G,2024-09-15,16:12:34,-04:00,2024-09-15T16:12:34-04:00,0,65
src\routes\assignments\a4\+page.svelte,24,svelte,f94476fb,Jin G,2024-09-15,16:12:34,-04:00,2024-09-15T16:12:34-04:00,0,67
src\routes\assignments\a4\+page.svelte,25,svelte,f94476fb,Jin G,2024-09-15,16:12:34,-04:00,2024-09-15T16:12:34-04:00,0,62
src\routes\assignments\a4\+page.svelte,26,svelte,f94476fb,Jin G,2024-09-15,16:12:34,-04:00,2024-09-15T16:12:34-04:00,0,26
src\routes\assignments\a4\+page.svelte,27,svelte,f94476fb,Jin G,2024-09-15,16:12:34,-04:00,2024-09-15T16:12:34-04:00,0,3
src\routes\assignments\a4\+page.svelte,28,svelte,f94476fb,Jin G,2024-09-15,16:12:34,-04:00,2024-09-15T16:12:34-04:00,0,3
src\routes\assignments\a4\+page.svelte,29,svelte,f94476fb,Jin G,2024-09-15,16:12:34,-04:00,2024-09-15T16:12:34-04:00,0,60
src\routes\assignments\a4\+page.svelte,30,svelte,f94476fb,Jin G,2024-09-15,16:12:34,-04:00,2024-09-15T16:12:34-04:00,0,0
src\routes\assignments\a4\+page.svelte,31,svelte,f94476fb,Jin G,2024-09-15,16:12:34,-04:00,2024-09-15T16:12:34-04:00,0,3
src\routes\assignments\a4\+page.svelte,32,svelte,f94476fb,Jin G,2024-09-15,16:12:34,-04:00,2024-09-15T16:12:34-04:00,0,3
src\routes\assignments\a4\+page.svelte,33,svelte,f94476fb,Jin G,2024-09-15,16:12:34,-04:00,2024-09-15T16:12:34-04:00,0,68
src\routes\assignments\a4\+page.svelte,34,svelte,f94476fb,Jin G,2024-09-15,16:12:34,-04:00,2024-09-15T16:12:34-04:00,0,36
src\routes\assignments\a4\+page.svelte,35,svelte,f94476fb,Jin G,2024-09-15,16:12:34,-04:00,2024-09-15T16:12:34-04:00,0,4
src\routes\assignments\a4\+page.svelte,36,svelte,f94476fb,Jin G,2024-09-15,16:12:34,-04:00,2024-09-15T16:12:34-04:00,0,3
src\routes\assignments\a4\+page.svelte,37,svelte,f94476fb,Jin G,2024-09-15,16:12:34,-04:00,2024-09-15T16:12:34-04:00,0,63
src\routes\assignments\a4\+page.svelte,38,svelte,f94476fb,Jin G,2024-09-15,16:12:34,-04:00,2024-09-15T16:12:34-04:00,0,10
src\routes\assignments\a4\+page.svelte,39,svelte,f94476fb,Jin G,2024-09-15,16:12:34,-04:00,2024-09-15T16:12:34-04:00,0,4
src\routes\assignments\a4\+page.svelte,40,svelte,f94476fb,Jin G,2024-09-15,16:12:34,-04:00,2024-09-15T16:12:34-04:00,0,3
src\routes\assignments\a4\+page.svelte,41,svelte,f94476fb,Jin G,2024-09-15,16:12:34,-04:00,2024-09-15T16:12:34-04:00,0,64
src\routes\assignments\a4\+page.svelte,42,svelte,f94476fb,Jin G,2024-09-15,16:12:34,-04:00,2024-09-15T16:12:34-04:00,0,57
src\routes\assignments\a4\+page.svelte,43,svelte,f94476fb,Jin G,2024-09-15,16:12:34,-04:00,2024-09-15T16:12:34-04:00,0,4
src\routes\assignments\a4\+page.svelte,44,svelte,f94476fb,Jin G,2024-09-15,16:12:34,-04:00,2024-09-15T16:12:34-04:00,0,4
src\routes\assignments\a4\+page.svelte,45,svelte,f94476fb,Jin G,2024-09-15,16:12:34,-04:00,2024-09-15T16:12:34-04:00,0,2
src\routes\assignments\a4\+page.svelte,46,svelte,f94476fb,Jin G,2024-09-15,16:12:34,-04:00,2024-09-15T16:12:34-04:00,0,71
src\routes\assignments\a4\+page.svelte,47,svelte,f94476fb,Jin G,2024-09-15,16:12:34,-04:00,2024-09-15T16:12:34-04:00,0,18
src\routes\assignments\a4\+page.svelte,48,svelte,f94476fb,Jin G,2024-09-15,16:12:34,-04:00,2024-09-15T16:12:34-04:00,0,3
src\routes\assignments\a4\+page.svelte,49,svelte,f94476fb,Jin G,2024-09-15,16:12:34,-04:00,2024-09-15T16:12:34-04:00,0,3
src\routes\assignments\a4\+page.svelte,50,svelte,f94476fb,Jin G,2024-09-15,16:12:34,-04:00,2024-09-15T16:12:34-04:00,0,3
src\routes\assignments\a4\+page.svelte,51,svelte,f94476fb,Jin G,2024-09-15,16:12:34,-04:00,2024-09-15T16:12:34-04:00,0,68
src\routes\assignments\a4\+page.svelte,52,svelte,f94476fb,Jin G,2024-09-15,16:12:34,-04:00,2024-09-15T16:12:34-04:00,0,65
src\routes\assignments\a4\+page.svelte,53,svelte,f94476fb,Jin G,2024-09-15,16:12:34,-04:00,2024-09-15T16:12:34-04:00,0,66
src\routes\assignments\a4\+page.svelte,54,svelte,f94476fb,Jin G,2024-09-15,16:12:34,-04:00,2024-09-15T16:12:34-04:00,0,10
src\routes\assignments\a4\+page.svelte,55,svelte,f94476fb,Jin G,2024-09-15,16:12:34,-04:00,2024-09-15T16:12:34-04:00,0,4
src\routes\assignments\a4\+page.svelte,56,svelte,f94476fb,Jin G,2024-09-15,16:12:34,-04:00,2024-09-15T16:12:34-04:00,0,3
src\routes\assignments\a4\+page.svelte,57,svelte,f94476fb,Jin G,2024-09-15,16:12:34,-04:00,2024-09-15T16:12:34-04:00,0,64
src\routes\assignments\a4\+page.svelte,58,svelte,f94476fb,Jin G,2024-09-15,16:12:34,-04:00,2024-09-15T16:12:34-04:00,0,33
src\routes\assignments\a4\+page.svelte,59,svelte,f94476fb,Jin G,2024-09-15,16:12:34,-04:00,2024-09-15T16:12:34-04:00,0,4
src\routes\assignments\a4\+page.svelte,60,svelte,f94476fb,Jin G,2024-09-15,16:12:34,-04:00,2024-09-15T16:12:34-04:00,0,4
src\routes\assignments\a4\+page.svelte,61,svelte,f94476fb,Jin G,2024-09-15,16:12:34,-04:00,2024-09-15T16:12:34-04:00,0,6
src\routes\assignments\a4\+page.svelte,62,svelte,f94476fb,Jin G,2024-09-15,16:12:34,-04:00,2024-09-15T16:12:34-04:00,0,0
src\routes\assignments\a4\+page.svelte,63,svelte,f94476fb,Jin G,2024-09-15,16:12:34,-04:00,2024-09-15T16:12:34-04:00,0,5
src\routes\assignments\a4\+page.svelte,64,svelte,f94476fb,Jin G,2024-09-15,16:12:34,-04:00,2024-09-15T16:12:34-04:00,0,30
src\routes\assignments\a4\+page.svelte,65,svelte,f94476fb,Jin G,2024-09-15,16:12:34,-04:00,2024-09-15T16:12:34-04:00,0,72
src\routes\assignments\a4\+page.svelte,66,svelte,f94476fb,Jin G,2024-09-15,16:12:34,-04:00,2024-09-15T16:12:34-04:00,0,0
src\routes\assignments\a4\+page.svelte,67,svelte,f94476fb,Jin G,2024-09-15,16:12:34,-04:00,2024-09-15T16:12:34-04:00,0,7
src\routes\assignments\a4\+page.svelte,68,svelte,9d554aca,Jin G,2024-09-18,14:58:26,-04:00,2024-09-18T14:58:26-04:00,0,107
src\routes\assignments\a4\+page.svelte,69,svelte,f94476fb,Jin G,2024-09-15,16:12:34,-04:00,2024-09-15T16:12:34-04:00,0,19
src\routes\assignments\a4\+page.svelte,70,svelte,f94476fb,Jin G,2024-09-15,16:12:34,-04:00,2024-09-15T16:12:34-04:00,0,68
src\routes\assignments\a4\+page.svelte,71,svelte,f94476fb,Jin G,2024-09-15,16:12:34,-04:00,2024-09-15T16:12:34-04:00,0,8
src\routes\assignments\a4\+page.svelte,72,svelte,f94476fb,Jin G,2024-09-15,16:12:34,-04:00,2024-09-15T16:12:34-04:00,0,2
src\routes\assignments\a4\+page.svelte,73,svelte,f94476fb,Jin G,2024-09-15,16:12:34,-04:00,2024-09-15T16:12:34-04:00,0,68
src\routes\assignments\a4\+page.svelte,74,svelte,f94476fb,Jin G,2024-09-15,16:12:34,-04:00,2024-09-15T16:12:34-04:00,0,65
src\routes\assignments\a4\+page.svelte,75,svelte,f94476fb,Jin G,2024-09-15,16:12:34,-04:00,2024-09-15T16:12:34-04:00,0,16
src\routes\assignments\a4\+page.svelte,76,svelte,f94476fb,Jin G,2024-09-15,16:12:34,-04:00,2024-09-15T16:12:34-04:00,0,3
src\routes\assignments\a4\+page.svelte,77,svelte,f94476fb,Jin G,2024-09-15,16:12:34,-04:00,2024-09-15T16:12:34-04:00,0,15
src\routes\assignments\a4\+page.svelte,78,svelte,f94476fb,Jin G,2024-09-15,16:12:34,-04:00,2024-09-15T16:12:34-04:00,0,75
src\routes\assignments\a4\+page.svelte,79,svelte,f94476fb,Jin G,2024-09-15,16:12:34,-04:00,2024-09-15T16:12:34-04:00,0,102
src\routes\assignments\a4\+page.svelte,80,svelte,f94476fb,Jin G,2024-09-15,16:12:34,-04:00,2024-09-15T16:12:34-04:00,0,27
src\routes\assignments\a4\+page.svelte,81,svelte,f94476fb,Jin G,2024-09-15,16:12:34,-04:00,2024-09-15T16:12:34-04:00,0,5
src\routes\assignments\a4\+page.svelte,82,svelte,f94476fb,Jin G,2024-09-15,16:12:34,-04:00,2024-09-15T16:12:34-04:00,0,0
src\routes\assignments\a4\+page.svelte,83,svelte,f94476fb,Jin G,2024-09-15,16:12:34,-04:00,2024-09-15T16:12:34-04:00,0,34
src\routes\assignments\a4\+page.svelte,84,svelte,f94476fb,Jin G,2024-09-15,16:12:34,-04:00,2024-09-15T16:12:34-04:00,0,7
src\routes\assignments\a4\+page.svelte,85,svelte,9d554aca,Jin G,2024-09-18,14:58:26,-04:00,2024-09-18T14:58:26-04:00,0,87
src\routes\assignments\a4\+page.svelte,86,svelte,f94476fb,Jin G,2024-09-15,16:12:34,-04:00,2024-09-15T16:12:34-04:00,0,50
src\routes\assignments\a4\+page.svelte,87,svelte,f94476fb,Jin G,2024-09-15,16:12:34,-04:00,2024-09-15T16:12:34-04:00,0,8
src\routes\assignments\a4\+page.svelte,88,svelte,f94476fb,Jin G,2024-09-15,16:12:34,-04:00,2024-09-15T16:12:34-04:00,0,2
src\routes\assignments\a4\+page.svelte,89,svelte,f94476fb,Jin G,2024-09-15,16:12:34,-04:00,2024-09-15T16:12:34-04:00,0,65
src\routes\assignments\a4\+page.svelte,90,svelte,f94476fb,Jin G,2024-09-15,16:12:34,-04:00,2024-09-15T16:12:34-04:00,0,70
src\routes\assignments\a4\+page.svelte,91,svelte,f94476fb,Jin G,2024-09-15,16:12:34,-04:00,2024-09-15T16:12:34-04:00,0,61
src\routes\assignments\a4\+page.svelte,92,svelte,f94476fb,Jin G,2024-09-15,16:12:34,-04:00,2024-09-15T16:12:34-04:00,0,25
src\routes\assignments\a4\+page.svelte,93,svelte,f94476fb,Jin G,2024-09-15,16:12:34,-04:00,2024-09-15T16:12:34-04:00,0,3
src\routes\assignments\a4\+page.svelte,94,svelte,f94476fb,Jin G,2024-09-15,16:12:34,-04:00,2024-09-15T16:12:34-04:00,0,14
src\routes\assignments\a4\+page.svelte,95,svelte,f94476fb,Jin G,2024-09-15,16:12:34,-04:00,2024-09-15T16:12:34-04:00,0,102
src\routes\assignments\a4\+page.svelte,96,svelte,f94476fb,Jin G,2024-09-15,16:12:34,-04:00,2024-09-15T16:12:34-04:00,0,12
src\routes\assignments\a4\+page.svelte,97,svelte,f94476fb,Jin G,2024-09-15,16:12:34,-04:00,2024-09-15T16:12:34-04:00,0,5
src\routes\assignments\a4\+page.svelte,98,svelte,f94476fb,Jin G,2024-09-15,16:12:34,-04:00,2024-09-15T16:12:34-04:00,0,6
src\routes\assignments\a4\+page.svelte,99,svelte,f94476fb,Jin G,2024-09-15,16:12:34,-04:00,2024-09-15T16:12:34-04:00,0,0
src\routes\assignments\a4\+page.svelte,100,svelte,f94476fb,Jin G,2024-09-15,16:12:34,-04:00,2024-09-15T16:12:34-04:00,0,5
src\routes\assignments\a4\+page.svelte,101,svelte,f94476fb,Jin G,2024-09-15,16:12:34,-04:00,2024-09-15T16:12:34-04:00,0,38
src\routes\assignments\a4\+page.svelte,102,svelte,f94476fb,Jin G,2024-09-15,16:12:34,-04:00,2024-09-15T16:12:34-04:00,0,2
src\routes\assignments\a4\+page.svelte,103,svelte,f94476fb,Jin G,2024-09-15,16:12:34,-04:00,2024-09-15T16:12:34-04:00,0,67
src\routes\assignments\a4\+page.svelte,104,svelte,f94476fb,Jin G,2024-09-15,16:12:34,-04:00,2024-09-15T16:12:34-04:00,0,26
src\routes\assignments\a4\+page.svelte,105,svelte,f94476fb,Jin G,2024-09-15,16:12:34,-04:00,2024-09-15T16:12:34-04:00,0,3
src\routes\assignments\a4\+page.svelte,106,svelte,f94476fb,Jin G,2024-09-15,16:12:34,-04:00,2024-09-15T16:12:34-04:00,0,0
src\routes\assignments\a4\+page.svelte,107,svelte,f94476fb,Jin G,2024-09-15,16:12:34,-04:00,2024-09-15T16:12:34-04:00,0,7
src\routes\assignments\a4\+page.svelte,108,svelte,9d554aca,Jin G,2024-09-18,14:58:26,-04:00,2024-09-18T14:58:26-04:00,0,106
src\routes\assignments\a4\+page.svelte,109,svelte,f94476fb,Jin G,2024-09-15,16:12:34,-04:00,2024-09-15T16:12:34-04:00,0,17
src\routes\assignments\a4\+page.svelte,110,svelte,f94476fb,Jin G,2024-09-15,16:12:34,-04:00,2024-09-15T16:12:34-04:00,0,11
src\routes\assignments\a4\+page.svelte,111,svelte,f94476fb,Jin G,2024-09-15,16:12:34,-04:00,2024-09-15T16:12:34-04:00,0,64
src\routes\assignments\a4\+page.svelte,112,svelte,f94476fb,Jin G,2024-09-15,16:12:34,-04:00,2024-09-15T16:12:34-04:00,0,65
src\routes\assignments\a4\+page.svelte,113,svelte,f94476fb,Jin G,2024-09-15,16:12:34,-04:00,2024-09-15T16:12:34-04:00,0,66
src\routes\assignments\a4\+page.svelte,114,svelte,f94476fb,Jin G,2024-09-15,16:12:34,-04:00,2024-09-15T16:12:34-04:00,0,12
src\routes\assignments\a4\+page.svelte,115,svelte,f94476fb,Jin G,2024-09-15,16:12:34,-04:00,2024-09-15T16:12:34-04:00,0,8
src\routes\assignments\a4\+page.svelte,116,svelte,f94476fb,Jin G,2024-09-15,16:12:34,-04:00,2024-09-15T16:12:34-04:00,0,2
src\routes\assignments\a4\+page.svelte,117,svelte,f94476fb,Jin G,2024-09-15,16:12:34,-04:00,2024-09-15T16:12:34-04:00,0,71
src\routes\assignments\a4\+page.svelte,118,svelte,f94476fb,Jin G,2024-09-15,16:12:34,-04:00,2024-09-15T16:12:34-04:00,0,68
src\routes\assignments\a4\+page.svelte,119,svelte,f94476fb,Jin G,2024-09-15,16:12:34,-04:00,2024-09-15T16:12:34-04:00,0,6
src\routes\assignments\a4\+page.svelte,120,svelte,f94476fb,Jin G,2024-09-15,16:12:34,-04:00,2024-09-15T16:12:34-04:00,0,3
src\routes\assignments\a4\+page.svelte,121,svelte,f94476fb,Jin G,2024-09-15,16:12:34,-04:00,2024-09-15T16:12:34-04:00,0,14
src\routes\assignments\a4\+page.svelte,122,svelte,f94476fb,Jin G,2024-09-15,16:12:34,-04:00,2024-09-15T16:12:34-04:00,0,1
src\routes\assignments\a4\+page.svelte,123,svelte,f94476fb,Jin G,2024-09-15,16:12:34,-04:00,2024-09-15T16:12:34-04:00,0,114
src\routes\assignments\a4\+page.svelte,124,svelte,f94476fb,Jin G,2024-09-15,16:12:34,-04:00,2024-09-15T16:12:34-04:00,0,20
src\routes\assignments\a4\+page.svelte,125,svelte,f94476fb,Jin G,2024-09-15,16:12:34,-04:00,2024-09-15T16:12:34-04:00,0,5
src\routes\assignments\a4\+page.svelte,126,svelte,f94476fb,Jin G,2024-09-15,16:12:34,-04:00,2024-09-15T16:12:34-04:00,0,0
src\routes\assignments\a4\+page.svelte,127,svelte,f94476fb,Jin G,2024-09-15,16:12:34,-04:00,2024-09-15T16:12:34-04:00,0,7
src\routes\assignments\a4\+page.svelte,128,svelte,9d554aca,Jin G,2024-09-18,14:58:26,-04:00,2024-09-18T14:58:26-04:00,0,108
src\routes\assignments\a4\+page.svelte,129,svelte,f94476fb,Jin G,2024-09-15,16:12:34,-04:00,2024-09-15T16:12:34-04:00,0,17
src\routes\assignments\a4\+page.svelte,130,svelte,f94476fb,Jin G,2024-09-15,16:12:34,-04:00,2024-09-15T16:12:34-04:00,0,11
src\routes\assignments\a4\+page.svelte,131,svelte,f94476fb,Jin G,2024-09-15,16:12:34,-04:00,2024-09-15T16:12:34-04:00,0,68
src\routes\assignments\a4\+page.svelte,132,svelte,f94476fb,Jin G,2024-09-15,16:12:34,-04:00,2024-09-15T16:12:34-04:00,0,68
src\routes\assignments\a4\+page.svelte,133,svelte,f94476fb,Jin G,2024-09-15,16:12:34,-04:00,2024-09-15T16:12:34-04:00,0,42
src\routes\assignments\a4\+page.svelte,134,svelte,f94476fb,Jin G,2024-09-15,16:12:34,-04:00,2024-09-15T16:12:34-04:00,0,12
src\routes\assignments\a4\+page.svelte,135,svelte,f94476fb,Jin G,2024-09-15,16:12:34,-04:00,2024-09-15T16:12:34-04:00,0,8
src\routes\assignments\a4\+page.svelte,136,svelte,f94476fb,Jin G,2024-09-15,16:12:34,-04:00,2024-09-15T16:12:34-04:00,0,2
src\routes\assignments\a4\+page.svelte,137,svelte,f94476fb,Jin G,2024-09-15,16:12:34,-04:00,2024-09-15T16:12:34-04:00,0,68
src\routes\assignments\a4\+page.svelte,138,svelte,f94476fb,Jin G,2024-09-15,16:12:34,-04:00,2024-09-15T16:12:34-04:00,0,66
src\routes\assignments\a4\+page.svelte,139,svelte,f94476fb,Jin G,2024-09-15,16:12:34,-04:00,2024-09-15T16:12:34-04:00,0,25
src\routes\assignments\a4\+page.svelte,140,svelte,f94476fb,Jin G,2024-09-15,16:12:34,-04:00,2024-09-15T16:12:34-04:00,0,3
src\routes\assignments\a4\+page.svelte,141,svelte,f94476fb,Jin G,2024-09-15,16:12:34,-04:00,2024-09-15T16:12:34-04:00,0,14
src\routes\assignments\a4\+page.svelte,142,svelte,f94476fb,Jin G,2024-09-15,16:12:34,-04:00,2024-09-15T16:12:34-04:00,0,1
src\routes\assignments\a4\+page.svelte,143,svelte,f94476fb,Jin G,2024-09-15,16:12:34,-04:00,2024-09-15T16:12:34-04:00,0,114
src\routes\assignments\a4\+page.svelte,144,svelte,f94476fb,Jin G,2024-09-15,16:12:34,-04:00,2024-09-15T16:12:34-04:00,0,20
src\routes\assignments\a4\+page.svelte,145,svelte,f94476fb,Jin G,2024-09-15,16:12:34,-04:00,2024-09-15T16:12:34-04:00,0,5
src\routes\assignments\a4\+page.svelte,146,svelte,f94476fb,Jin G,2024-09-15,16:12:34,-04:00,2024-09-15T16:12:34-04:00,0,0
src\routes\assignments\a4\+page.svelte,147,svelte,f94476fb,Jin G,2024-09-15,16:12:34,-04:00,2024-09-15T16:12:34-04:00,0,66
src\routes\assignments\a4\+page.svelte,148,svelte,f94476fb,Jin G,2024-09-15,16:12:34,-04:00,2024-09-15T16:12:34-04:00,0,7
src\routes\assignments\a4\+page.svelte,149,svelte,9d554aca,Jin G,2024-09-18,14:58:26,-04:00,2024-09-18T14:58:26-04:00,0,105
src\routes\assignments\a4\+page.svelte,150,svelte,f94476fb,Jin G,2024-09-15,16:12:34,-04:00,2024-09-15T16:12:34-04:00,0,11
src\routes\assignments\a4\+page.svelte,151,svelte,f94476fb,Jin G,2024-09-15,16:12:34,-04:00,2024-09-15T16:12:34-04:00,0,69
src\routes\assignments\a4\+page.svelte,152,svelte,f94476fb,Jin G,2024-09-15,16:12:34,-04:00,2024-09-15T16:12:34-04:00,0,69
src\routes\assignments\a4\+page.svelte,153,svelte,f94476fb,Jin G,2024-09-15,16:12:34,-04:00,2024-09-15T16:12:34-04:00,0,20
src\routes\assignments\a4\+page.svelte,154,svelte,f94476fb,Jin G,2024-09-15,16:12:34,-04:00,2024-09-15T16:12:34-04:00,0,12
src\routes\assignments\a4\+page.svelte,155,svelte,f94476fb,Jin G,2024-09-15,16:12:34,-04:00,2024-09-15T16:12:34-04:00,0,8
src\routes\assignments\a4\+page.svelte,156,svelte,f94476fb,Jin G,2024-09-15,16:12:34,-04:00,2024-09-15T16:12:34-04:00,0,41
src\routes\assignments\a4\+page.svelte,157,svelte,f94476fb,Jin G,2024-09-15,16:12:34,-04:00,2024-09-15T16:12:34-04:00,0,6
src\routes\assignments\a4\+page.svelte,158,svelte,f94476fb,Jin G,2024-09-15,16:12:34,-04:00,2024-09-15T16:12:34-04:00,0,0
src\routes\assignments\a4\+page.svelte,159,svelte,f94476fb,Jin G,2024-09-15,16:12:34,-04:00,2024-09-15T16:12:34-04:00,0,5
src\routes\assignments\a4\+page.svelte,160,svelte,f94476fb,Jin G,2024-09-15,16:12:34,-04:00,2024-09-15T16:12:34-04:00,0,26
src\routes\assignments\a4\+page.svelte,161,svelte,f94476fb,Jin G,2024-09-15,16:12:34,-04:00,2024-09-15T16:12:34-04:00,0,0
src\routes\assignments\a4\+page.svelte,162,svelte,f94476fb,Jin G,2024-09-15,16:12:34,-04:00,2024-09-15T16:12:34-04:00,0,8
src\routes\assignments\a4\+page.svelte,163,svelte,f94476fb,Jin G,2024-09-15,16:12:34,-04:00,2024-09-15T16:12:34-04:00,0,7
src\routes\assignments\a4\+page.svelte,164,svelte,9d554aca,Jin G,2024-09-18,14:58:26,-04:00,2024-09-18T14:58:26-04:00,0,59
src\routes\assignments\a4\+page.svelte,165,svelte,f94476fb,Jin G,2024-09-15,16:12:34,-04:00,2024-09-15T16:12:34-04:00,0,11
src\routes\assignments\a4\+page.svelte,166,svelte,f94476fb,Jin G,2024-09-15,16:12:34,-04:00,2024-09-15T16:12:34-04:00,0,90
src\routes\assignments\a4\+page.svelte,167,svelte,f94476fb,Jin G,2024-09-15,16:12:34,-04:00,2024-09-15T16:12:34-04:00,0,45
src\routes\assignments\a4\+page.svelte,168,svelte,f94476fb,Jin G,2024-09-15,16:12:34,-04:00,2024-09-15T16:12:34-04:00,0,12
src\routes\assignments\a4\+page.svelte,169,svelte,f94476fb,Jin G,2024-09-15,16:12:34,-04:00,2024-09-15T16:12:34-04:00,0,8
src\routes\assignments\a4\+page.svelte,170,svelte,f94476fb,Jin G,2024-09-15,16:12:34,-04:00,2024-09-15T16:12:34-04:00,0,0
src\routes\assignments\a4\+page.svelte,171,svelte,f94476fb,Jin G,2024-09-15,16:12:34,-04:00,2024-09-15T16:12:34-04:00,0,31
src\routes\assignments\a4\+page.svelte,172,svelte,52f43f62,Jin G,2024-09-18,15:04:19,-04:00,2024-09-18T15:04:19-04:00,0,85
src\routes\assignments\a4\+page.svelte,173,svelte,f94476fb,Jin G,2024-09-15,16:12:34,-04:00,2024-09-15T16:12:34-04:00,0,4
src\routes\assignments\a4\+page.svelte,174,svelte,f94476fb,Jin G,2024-09-15,16:12:34,-04:00,2024-09-15T16:12:34-04:00,0,0
src\routes\assignments\a4\+page.svelte,175,svelte,f94476fb,Jin G,2024-09-15,16:12:34,-04:00,2024-09-15T16:12:34-04:00,0,39
src\routes\assignments\a4\+page.svelte,176,svelte,f94476fb,Jin G,2024-09-15,16:12:34,-04:00,2024-09-15T16:12:34-04:00,0,0
src\routes\assignments\a4\+page.svelte,177,svelte,f94476fb,Jin G,2024-09-15,16:12:34,-04:00,2024-09-15T16:12:34-04:00,0,3
src\routes\assignments\a4\+page.svelte,178,svelte,f94476fb,Jin G,2024-09-15,16:12:34,-04:00,2024-09-15T16:12:34-04:00,0,0
src\routes\assignments\a4\+page.svelte,179,svelte,f94476fb,Jin G,2024-09-15,16:12:34,-04:00,2024-09-15T16:12:34-04:00,0,110
src\routes\assignments\a4\+page.svelte,180,svelte,f94476fb,Jin G,2024-09-15,16:12:34,-04:00,2024-09-15T16:12:34-04:00,0,96
src\routes\assignments\a4\+page.svelte,181,svelte,f94476fb,Jin G,2024-09-15,16:12:34,-04:00,2024-09-15T16:12:34-04:00,0,97
src\routes\assignments\a4\+page.svelte,182,svelte,f94476fb,Jin G,2024-09-15,16:12:34,-04:00,2024-09-15T16:12:34-04:00,0,15
src\routes\assignments\a4\+page.svelte,183,svelte,f94476fb,Jin G,2024-09-15,16:12:34,-04:00,2024-09-15T16:12:34-04:00,0,99
src\routes\assignments\a4\+page.svelte,184,svelte,f94476fb,Jin G,2024-09-15,16:12:34,-04:00,2024-09-15T16:12:34-04:00,0,98
src\routes\assignments\a4\+page.svelte,185,svelte,f94476fb,Jin G,2024-09-15,16:12:34,-04:00,2024-09-15T16:12:34-04:00,0,38
src\routes\assignments\a4\+page.svelte,186,svelte,f94476fb,Jin G,2024-09-15,16:12:34,-04:00,2024-09-15T16:12:34-04:00,0,3
src\routes\assignments\a4\+page.svelte,187,svelte,f94476fb,Jin G,2024-09-15,16:12:34,-04:00,2024-09-15T16:12:34-04:00,0,102
src\routes\assignments\a4\+page.svelte,188,svelte,f94476fb,Jin G,2024-09-15,16:12:34,-04:00,2024-09-15T16:12:34-04:00,0,96
src\routes\assignments\a4\+page.svelte,189,svelte,f94476fb,Jin G,2024-09-15,16:12:34,-04:00,2024-09-15T16:12:34-04:00,0,4
src\routes\assignments\a4\+page.svelte,190,svelte,f94476fb,Jin G,2024-09-15,16:12:34,-04:00,2024-09-15T16:12:34-04:00,0,0
src\routes\assignments\a4\+page.svelte,191,svelte,f94476fb,Jin G,2024-09-15,16:12:34,-04:00,2024-09-15T16:12:34-04:00,0,7
src\routes\assignments\a4\+page.svelte,192,svelte,9d554aca,Jin G,2024-09-18,14:58:26,-04:00,2024-09-18T14:58:26-04:00,0,75
src\routes\assignments\a4\+page.svelte,193,svelte,f94476fb,Jin G,2024-09-15,16:12:34,-04:00,2024-09-15T16:12:34-04:00,0,11
src\routes\assignments\a4\+page.svelte,194,svelte,f94476fb,Jin G,2024-09-15,16:12:34,-04:00,2024-09-15T16:12:34-04:00,0,94
src\routes\assignments\a4\+page.svelte,195,svelte,f94476fb,Jin G,2024-09-15,16:12:34,-04:00,2024-09-15T16:12:34-04:00,0,95
src\routes\assignments\a4\+page.svelte,196,svelte,f94476fb,Jin G,2024-09-15,16:12:34,-04:00,2024-09-15T16:12:34-04:00,0,74
src\routes\assignments\a4\+page.svelte,197,svelte,f94476fb,Jin G,2024-09-15,16:12:34,-04:00,2024-09-15T16:12:34-04:00,0,12
src\routes\assignments\a4\+page.svelte,198,svelte,f94476fb,Jin G,2024-09-15,16:12:34,-04:00,2024-09-15T16:12:34-04:00,0,8
src\routes\assignments\a4\+page.svelte,199,svelte,f94476fb,Jin G,2024-09-15,16:12:34,-04:00,2024-09-15T16:12:34-04:00,0,0
src\routes\assignments\a4\+page.svelte,200,svelte,f94476fb,Jin G,2024-09-15,16:12:34,-04:00,2024-09-15T16:12:34-04:00,0,94
src\routes\assignments\a4\+page.svelte,201,svelte,f94476fb,Jin G,2024-09-15,16:12:34,-04:00,2024-09-15T16:12:34-04:00,0,10
src\routes\assignments\a4\+page.svelte,202,svelte,f94476fb,Jin G,2024-09-15,16:12:34,-04:00,2024-09-15T16:12:34-04:00,0,92
src\routes\assignments\a4\+page.svelte,203,svelte,f94476fb,Jin G,2024-09-15,16:12:34,-04:00,2024-09-15T16:12:34-04:00,0,87
src\routes\assignments\a4\+page.svelte,204,svelte,f94476fb,Jin G,2024-09-15,16:12:34,-04:00,2024-09-15T16:12:34-04:00,0,100
src\routes\assignments\a4\+page.svelte,205,svelte,f94476fb,Jin G,2024-09-15,16:12:34,-04:00,2024-09-15T16:12:34-04:00,0,8
src\routes\assignments\a4\+page.svelte,206,svelte,f94476fb,Jin G,2024-09-15,16:12:34,-04:00,2024-09-15T16:12:34-04:00,0,92
src\routes\assignments\a4\+page.svelte,207,svelte,f94476fb,Jin G,2024-09-15,16:12:34,-04:00,2024-09-15T16:12:34-04:00,0,60
src\routes\assignments\a4\+page.svelte,208,svelte,f94476fb,Jin G,2024-09-15,16:12:34,-04:00,2024-09-15T16:12:34-04:00,0,101
src\routes\assignments\a4\+page.svelte,209,svelte,f94476fb,Jin G,2024-09-15,16:12:34,-04:00,2024-09-15T16:12:34-04:00,0,91
src\routes\assignments\a4\+page.svelte,210,svelte,f94476fb,Jin G,2024-09-15,16:12:34,-04:00,2024-09-15T16:12:34-04:00,0,97
src\routes\assignments\a4\+page.svelte,211,svelte,f94476fb,Jin G,2024-09-15,16:12:34,-04:00,2024-09-15T16:12:34-04:00,0,39
src\routes\assignments\a4\+page.svelte,212,svelte,f94476fb,Jin G,2024-09-15,16:12:34,-04:00,2024-09-15T16:12:34-04:00,0,4
src\routes\assignments\a4\+page.svelte,213,svelte,f94476fb,Jin G,2024-09-15,16:12:34,-04:00,2024-09-15T16:12:34-04:00,0,0
src\routes\assignments\a4\+page.svelte,214,svelte,f94476fb,Jin G,2024-09-15,16:12:34,-04:00,2024-09-15T16:12:34-04:00,0,0
src\routes\assignments\a4\+page.svelte,215,svelte,f94476fb,Jin G,2024-09-15,16:12:34,-04:00,2024-09-15T16:12:34-04:00,0,9
src\routes\assignments\a4\+page.svelte,216,svelte,f94476fb,Jin G,2024-09-15,16:12:34,-04:00,2024-09-15T16:12:34-04:00,0,0
src\routes\assignments\a4\+page.svelte,217,svelte,f94476fb,Jin G,2024-09-15,16:12:34,-04:00,2024-09-15T16:12:34-04:00,0,8
src\routes\assignments\a4\+page.svelte,218,svelte,f94476fb,Jin G,2024-09-15,16:12:34,-04:00,2024-09-15T16:12:34-04:00,0,25
src\routes\assignments\a4\+page.svelte,219,svelte,f94476fb,Jin G,2024-09-15,16:12:34,-04:00,2024-09-15T16:12:34-04:00,0,0
src\routes\assignments\a4\+page.svelte,220,svelte,f94476fb,Jin G,2024-09-15,16:12:34,-04:00,2024-09-15T16:12:34-04:00,0,7
src\routes\assignments\a4\+page.svelte,221,svelte,9d554aca,Jin G,2024-09-18,14:58:26,-04:00,2024-09-18T14:58:26-04:00,0,52
src\routes\assignments\a4\+page.svelte,222,svelte,f94476fb,Jin G,2024-09-15,16:12:34,-04:00,2024-09-15T16:12:34-04:00,0,11
src\routes\assignments\a4\+page.svelte,223,svelte,f94476fb,Jin G,2024-09-15,16:12:34,-04:00,2024-09-15T16:12:34-04:00,0,90
src\routes\assignments\a4\+page.svelte,224,svelte,f94476fb,Jin G,2024-09-15,16:12:34,-04:00,2024-09-15T16:12:34-04:00,0,49
src\routes\assignments\a4\+page.svelte,225,svelte,f94476fb,Jin G,2024-09-15,16:12:34,-04:00,2024-09-15T16:12:34-04:00,0,12
src\routes\assignments\a4\+page.svelte,226,svelte,f94476fb,Jin G,2024-09-15,16:12:34,-04:00,2024-09-15T16:12:34-04:00,0,8
src\routes\assignments\a4\+page.svelte,227,svelte,f94476fb,Jin G,2024-09-15,16:12:34,-04:00,2024-09-15T16:12:34-04:00,0,0
src\routes\assignments\a4\+page.svelte,228,svelte,f94476fb,Jin G,2024-09-15,16:12:34,-04:00,2024-09-15T16:12:34-04:00,0,0
src\routes\assignments\a4\+page.svelte,229,svelte,f94476fb,Jin G,2024-09-15,16:12:34,-04:00,2024-09-15T16:12:34-04:00,0,39
src\routes\assignments\a4\+page.svelte,230,svelte,f94476fb,Jin G,2024-09-15,16:12:34,-04:00,2024-09-15T16:12:34-04:00,0,0
src\routes\assignments\a4\+page.svelte,231,svelte,f94476fb,Jin G,2024-09-15,16:12:34,-04:00,2024-09-15T16:12:34-04:00,0,3
src\routes\assignments\a4\+page.svelte,232,svelte,f94476fb,Jin G,2024-09-15,16:12:34,-04:00,2024-09-15T16:12:34-04:00,0,95
src\routes\assignments\a4\+page.svelte,233,svelte,f94476fb,Jin G,2024-09-15,16:12:34,-04:00,2024-09-15T16:12:34-04:00,0,91
src\routes\assignments\a4\+page.svelte,234,svelte,f94476fb,Jin G,2024-09-15,16:12:34,-04:00,2024-09-15T16:12:34-04:00,0,90
src\routes\assignments\a4\+page.svelte,235,svelte,f94476fb,Jin G,2024-09-15,16:12:34,-04:00,2024-09-15T16:12:34-04:00,0,98
src\routes\assignments\a4\+page.svelte,236,svelte,f94476fb,Jin G,2024-09-15,16:12:34,-04:00,2024-09-15T16:12:34-04:00,0,54
src\routes\assignments\a4\+page.svelte,237,svelte,f94476fb,Jin G,2024-09-15,16:12:34,-04:00,2024-09-15T16:12:34-04:00,0,0
src\routes\assignments\a4\+page.svelte,238,svelte,f94476fb,Jin G,2024-09-15,16:12:34,-04:00,2024-09-15T16:12:34-04:00,0,4
src\routes\assignments\a4\+page.svelte,239,svelte,f94476fb,Jin G,2024-09-15,16:12:34,-04:00,2024-09-15T16:12:34-04:00,0,102
src\routes\assignments\a4\+page.svelte,240,svelte,f94476fb,Jin G,2024-09-15,16:12:34,-04:00,2024-09-15T16:12:34-04:00,0,95
src\routes\assignments\a4\+page.svelte,241,svelte,f94476fb,Jin G,2024-09-15,16:12:34,-04:00,2024-09-15T16:12:34-04:00,0,97
src\routes\assignments\a4\+page.svelte,242,svelte,f94476fb,Jin G,2024-09-15,16:12:34,-04:00,2024-09-15T16:12:34-04:00,0,96
src\routes\assignments\a4\+page.svelte,243,svelte,f94476fb,Jin G,2024-09-15,16:12:34,-04:00,2024-09-15T16:12:34-04:00,0,94
src\routes\assignments\a4\+page.svelte,244,svelte,f94476fb,Jin G,2024-09-15,16:12:34,-04:00,2024-09-15T16:12:34-04:00,0,99
src\routes\assignments\a4\+page.svelte,245,svelte,f94476fb,Jin G,2024-09-15,16:12:34,-04:00,2024-09-15T16:12:34-04:00,0,77
src\routes\assignments\a4\+page.svelte,246,svelte,f94476fb,Jin G,2024-09-15,16:12:34,-04:00,2024-09-15T16:12:34-04:00,0,4
src\routes\assignments\a4\+page.svelte,247,svelte,f94476fb,Jin G,2024-09-15,16:12:34,-04:00,2024-09-15T16:12:34-04:00,0,0
src\routes\assignments\a4\+page.svelte,248,svelte,f94476fb,Jin G,2024-09-15,16:12:34,-04:00,2024-09-15T16:12:34-04:00,0,98
src\routes\assignments\a4\+page.svelte,249,svelte,f94476fb,Jin G,2024-09-15,16:12:34,-04:00,2024-09-15T16:12:34-04:00,0,96
src\routes\assignments\a4\+page.svelte,250,svelte,f94476fb,Jin G,2024-09-15,16:12:34,-04:00,2024-09-15T16:12:34-04:00,0,98
src\routes\assignments\a4\+page.svelte,251,svelte,f94476fb,Jin G,2024-09-15,16:12:34,-04:00,2024-09-15T16:12:34-04:00,0,94
src\routes\assignments\a4\+page.svelte,252,svelte,f94476fb,Jin G,2024-09-15,16:12:34,-04:00,2024-09-15T16:12:34-04:00,0,27
src\routes\assignments\a4\+page.svelte,253,svelte,f94476fb,Jin G,2024-09-15,16:12:34,-04:00,2024-09-15T16:12:34-04:00,0,94
src\routes\assignments\a4\+page.svelte,254,svelte,f94476fb,Jin G,2024-09-15,16:12:34,-04:00,2024-09-15T16:12:34-04:00,0,38
src\routes\assignments\a4\+page.svelte,255,svelte,f94476fb,Jin G,2024-09-15,16:12:34,-04:00,2024-09-15T16:12:34-04:00,0,4
src\routes\assignments\a4\+page.svelte,256,svelte,f94476fb,Jin G,2024-09-15,16:12:34,-04:00,2024-09-15T16:12:34-04:00,0,0
src\routes\assignments\a4\+page.svelte,257,svelte,f94476fb,Jin G,2024-09-15,16:12:34,-04:00,2024-09-15T16:12:34-04:00,0,97
src\routes\assignments\a4\+page.svelte,258,svelte,f94476fb,Jin G,2024-09-15,16:12:34,-04:00,2024-09-15T16:12:34-04:00,0,94
src\routes\assignments\a4\+page.svelte,259,svelte,f94476fb,Jin G,2024-09-15,16:12:34,-04:00,2024-09-15T16:12:34-04:00,0,99
src\routes\assignments\a4\+page.svelte,260,svelte,f94476fb,Jin G,2024-09-15,16:12:34,-04:00,2024-09-15T16:12:34-04:00,0,97
src\routes\assignments\a4\+page.svelte,261,svelte,f94476fb,Jin G,2024-09-15,16:12:34,-04:00,2024-09-15T16:12:34-04:00,0,89
src\routes\assignments\a4\+page.svelte,262,svelte,f94476fb,Jin G,2024-09-15,16:12:34,-04:00,2024-09-15T16:12:34-04:00,0,9
src\routes\assignments\a4\+page.svelte,263,svelte,f94476fb,Jin G,2024-09-15,16:12:34,-04:00,2024-09-15T16:12:34-04:00,0,4
src\routes\assignments\a4\+page.svelte,264,svelte,f94476fb,Jin G,2024-09-15,16:12:34,-04:00,2024-09-15T16:12:34-04:00,0,7
src\routes\assignments\a4\+page.svelte,265,svelte,9d554aca,Jin G,2024-09-18,14:58:26,-04:00,2024-09-18T14:58:26-04:00,0,72
src\routes\assignments\a4\+page.svelte,266,svelte,f94476fb,Jin G,2024-09-15,16:12:34,-04:00,2024-09-15T16:12:34-04:00,0,11
src\routes\assignments\a4\+page.svelte,267,svelte,f94476fb,Jin G,2024-09-15,16:12:34,-04:00,2024-09-15T16:12:34-04:00,0,49
src\routes\assignments\a4\+page.svelte,268,svelte,f94476fb,Jin G,2024-09-15,16:12:34,-04:00,2024-09-15T16:12:34-04:00,0,12
src\routes\assignments\a4\+page.svelte,269,svelte,f94476fb,Jin G,2024-09-15,16:12:34,-04:00,2024-09-15T16:12:34-04:00,0,8
src\routes\assignments\a4\+page.svelte,270,svelte,f94476fb,Jin G,2024-09-15,16:12:34,-04:00,2024-09-15T16:12:34-04:00,0,4
src\routes\assignments\a4\+page.svelte,271,svelte,f94476fb,Jin G,2024-09-15,16:12:34,-04:00,2024-09-15T16:12:34-04:00,0,47
src\routes\assignments\a4\+page.svelte,272,svelte,f94476fb,Jin G,2024-09-15,16:12:34,-04:00,2024-09-15T16:12:34-04:00,0,148
src\routes\assignments\a4\+page.svelte,273,svelte,f94476fb,Jin G,2024-09-15,16:12:34,-04:00,2024-09-15T16:12:34-04:00,0,5
src\routes\assignments\a4\+page.svelte,274,svelte,f94476fb,Jin G,2024-09-15,16:12:34,-04:00,2024-09-15T16:12:34-04:00,0,4
src\routes\assignments\a4\+page.svelte,275,svelte,f94476fb,Jin G,2024-09-15,16:12:34,-04:00,2024-09-15T16:12:34-04:00,0,9
src\routes\assignments\a4\+page.svelte,276,svelte,f94476fb,Jin G,2024-09-15,16:12:34,-04:00,2024-09-15T16:12:34-04:00,0,6
src\routes\assignments\a4\+page.svelte,277,svelte,f94476fb,Jin G,2024-09-15,16:12:34,-04:00,2024-09-15T16:12:34-04:00,0,0
src\routes\assignments\a4\+page.svelte,278,svelte,f94476fb,Jin G,2024-09-15,16:12:34,-04:00,2024-09-15T16:12:34-04:00,0,5
src\routes\assignments\a4\+page.svelte,279,svelte,f94476fb,Jin G,2024-09-15,16:12:34,-04:00,2024-09-15T16:12:34-04:00,0,28
src\routes\assignments\a4\+page.svelte,280,svelte,f94476fb,Jin G,2024-09-15,16:12:34,-04:00,2024-09-15T16:12:34-04:00,0,83
src\routes\assignments\a4\+page.svelte,281,svelte,f94476fb,Jin G,2024-09-15,16:12:34,-04:00,2024-09-15T16:12:34-04:00,0,0
src\routes\assignments\a4\+page.svelte,282,svelte,f94476fb,Jin G,2024-09-15,16:12:34,-04:00,2024-09-15T16:12:34-04:00,0,7
src\routes\assignments\a4\+page.svelte,283,svelte,9d554aca,Jin G,2024-09-18,14:58:26,-04:00,2024-09-18T14:58:26-04:00,0,69
src\routes\assignments\a4\+page.svelte,284,svelte,f94476fb,Jin G,2024-09-15,16:12:34,-04:00,2024-09-15T16:12:34-04:00,0,11
src\routes\assignments\a4\+page.svelte,285,svelte,f94476fb,Jin G,2024-09-15,16:12:34,-04:00,2024-09-15T16:12:34-04:00,0,74
src\routes\assignments\a4\+page.svelte,286,svelte,f94476fb,Jin G,2024-09-15,16:12:34,-04:00,2024-09-15T16:12:34-04:00,0,12
src\routes\assignments\a4\+page.svelte,287,svelte,f94476fb,Jin G,2024-09-15,16:12:34,-04:00,2024-09-15T16:12:34-04:00,0,8
src\routes\assignments\a4\+page.svelte,288,svelte,f94476fb,Jin G,2024-09-15,16:12:34,-04:00,2024-09-15T16:12:34-04:00,0,70
src\routes\assignments\a4\+page.svelte,289,svelte,f94476fb,Jin G,2024-09-15,16:12:34,-04:00,2024-09-15T16:12:34-04:00,0,69
src\routes\assignments\a4\+page.svelte,290,svelte,f94476fb,Jin G,2024-09-15,16:12:34,-04:00,2024-09-15T16:12:34-04:00,0,105
src\routes\assignments\a4\+page.svelte,291,svelte,f94476fb,Jin G,2024-09-15,16:12:34,-04:00,2024-09-15T16:12:34-04:00,0,72
src\routes\assignments\a4\+page.svelte,292,svelte,f94476fb,Jin G,2024-09-15,16:12:34,-04:00,2024-09-15T16:12:34-04:00,0,3
src\routes\assignments\a4\+page.svelte,293,svelte,f94476fb,Jin G,2024-09-15,16:12:34,-04:00,2024-09-15T16:12:34-04:00,0,54
src\routes\assignments\a4\+page.svelte,294,svelte,f94476fb,Jin G,2024-09-15,16:12:34,-04:00,2024-09-15T16:12:34-04:00,0,0
src\routes\assignments\a4\+page.svelte,295,svelte,f94476fb,Jin G,2024-09-15,16:12:34,-04:00,2024-09-15T16:12:34-04:00,0,39
src\routes\assignments\a4\+page.svelte,296,svelte,f94476fb,Jin G,2024-09-15,16:12:34,-04:00,2024-09-15T16:12:34-04:00,0,18
src\routes\assignments\a4\+page.svelte,297,svelte,f94476fb,Jin G,2024-09-15,16:12:34,-04:00,2024-09-15T16:12:34-04:00,0,0
src\routes\assignments\a4\+page.svelte,298,svelte,f94476fb,Jin G,2024-09-15,16:12:34,-04:00,2024-09-15T16:12:34-04:00,0,27
src\routes\assignments\a4\+page.svelte,299,svelte,f94476fb,Jin G,2024-09-15,16:12:34,-04:00,2024-09-15T16:12:34-04:00,0,25
src\routes\assignments\a4\+page.svelte,300,svelte,f94476fb,Jin G,2024-09-15,16:12:34,-04:00,2024-09-15T16:12:34-04:00,0,28
src\routes\assignments\a4\+page.svelte,301,svelte,f94476fb,Jin G,2024-09-15,16:12:34,-04:00,2024-09-15T16:12:34-04:00,0,0
src\routes\assignments\a4\+page.svelte,302,svelte,f94476fb,Jin G,2024-09-15,16:12:34,-04:00,2024-09-15T16:12:34-04:00,0,80
src\routes\assignments\a4\+page.svelte,303,svelte,f94476fb,Jin G,2024-09-15,16:12:34,-04:00,2024-09-15T16:12:34-04:00,0,0
src\routes\assignments\a4\+page.svelte,304,svelte,f94476fb,Jin G,2024-09-15,16:12:34,-04:00,2024-09-15T16:12:34-04:00,0,0
src\routes\assignments\a4\+page.svelte,305,svelte,f94476fb,Jin G,2024-09-15,16:12:34,-04:00,2024-09-15T16:12:34-04:00,0,72
src\routes\assignments\a4\+page.svelte,306,svelte,f94476fb,Jin G,2024-09-15,16:12:34,-04:00,2024-09-15T16:12:34-04:00,0,66
src\routes\assignments\a4\+page.svelte,307,svelte,f94476fb,Jin G,2024-09-15,16:12:34,-04:00,2024-09-15T16:12:34-04:00,0,20
src\routes\assignments\a4\+page.svelte,308,svelte,f94476fb,Jin G,2024-09-15,16:12:34,-04:00,2024-09-15T16:12:34-04:00,0,0
src\routes\assignments\a4\+page.svelte,309,svelte,f94476fb,Jin G,2024-09-15,16:12:34,-04:00,2024-09-15T16:12:34-04:00,0,76
src\routes\assignments\a4\+page.svelte,310,svelte,f94476fb,Jin G,2024-09-15,16:12:34,-04:00,2024-09-15T16:12:34-04:00,0,20
src\routes\assignments\a4\+page.svelte,311,svelte,f94476fb,Jin G,2024-09-15,16:12:34,-04:00,2024-09-15T16:12:34-04:00,0,0
src\routes\assignments\a4\+page.svelte,312,svelte,f94476fb,Jin G,2024-09-15,16:12:34,-04:00,2024-09-15T16:12:34-04:00,0,68
src\routes\assignments\a4\+page.svelte,313,svelte,f94476fb,Jin G,2024-09-15,16:12:34,-04:00,2024-09-15T16:12:34-04:00,0,20
src\routes\assignments\a4\+page.svelte,314,svelte,f94476fb,Jin G,2024-09-15,16:12:34,-04:00,2024-09-15T16:12:34-04:00,0,0
src\routes\assignments\a4\+page.svelte,315,svelte,f94476fb,Jin G,2024-09-15,16:12:34,-04:00,2024-09-15T16:12:34-04:00,0,0
src\routes\assignments\a4\+page.svelte,316,svelte,f94476fb,Jin G,2024-09-15,16:12:34,-04:00,2024-09-15T16:12:34-04:00,0,56
src\routes\assignments\a4\+page.svelte,317,svelte,f94476fb,Jin G,2024-09-15,16:12:34,-04:00,2024-09-15T16:12:34-04:00,0,31
src\routes\assignments\a4\+page.svelte,318,svelte,f94476fb,Jin G,2024-09-15,16:12:34,-04:00,2024-09-15T16:12:34-04:00,0,0
src\routes\assignments\a4\+page.svelte,319,svelte,f94476fb,Jin G,2024-09-15,16:12:34,-04:00,2024-09-15T16:12:34-04:00,0,44
src\routes\assignments\a4\+page.svelte,320,svelte,f94476fb,Jin G,2024-09-15,16:12:34,-04:00,2024-09-15T16:12:34-04:00,0,9
src\routes\assignments\a4\+page.svelte,321,svelte,f94476fb,Jin G,2024-09-15,16:12:34,-04:00,2024-09-15T16:12:34-04:00,0,17
src\routes\assignments\a4\+page.svelte,322,svelte,f94476fb,Jin G,2024-09-15,16:12:34,-04:00,2024-09-15T16:12:34-04:00,0,63
src\routes\assignments\a4\+page.svelte,323,svelte,f94476fb,Jin G,2024-09-15,16:12:34,-04:00,2024-09-15T16:12:34-04:00,0,61
src\routes\assignments\a4\+page.svelte,324,svelte,f94476fb,Jin G,2024-09-15,16:12:34,-04:00,2024-09-15T16:12:34-04:00,0,76
src\routes\assignments\a4\+page.svelte,325,svelte,f94476fb,Jin G,2024-09-15,16:12:34,-04:00,2024-09-15T16:12:34-04:00,0,59
src\routes\assignments\a4\+page.svelte,326,svelte,f94476fb,Jin G,2024-09-15,16:12:34,-04:00,2024-09-15T16:12:34-04:00,0,0
src\routes\assignments\a4\+page.svelte,327,svelte,f94476fb,Jin G,2024-09-15,16:12:34,-04:00,2024-09-15T16:12:34-04:00,0,0
src\routes\assignments\a4\+page.svelte,328,svelte,f94476fb,Jin G,2024-09-15,16:12:34,-04:00,2024-09-15T16:12:34-04:00,0,43
src\routes\assignments\a4\+page.svelte,329,svelte,f94476fb,Jin G,2024-09-15,16:12:34,-04:00,2024-09-15T16:12:34-04:00,0,27
src\routes\assignments\a4\+page.svelte,330,svelte,f94476fb,Jin G,2024-09-15,16:12:34,-04:00,2024-09-15T16:12:34-04:00,0,50
src\routes\assignments\a4\+page.svelte,331,svelte,f94476fb,Jin G,2024-09-15,16:12:34,-04:00,2024-09-15T16:12:34-04:00,0,64
src\routes\assignments\a4\+page.svelte,332,svelte,f94476fb,Jin G,2024-09-15,16:12:34,-04:00,2024-09-15T16:12:34-04:00,0,45
src\routes\assignments\a4\+page.svelte,333,svelte,f94476fb,Jin G,2024-09-15,16:12:34,-04:00,2024-09-15T16:12:34-04:00,0,0
src\routes\assignments\a4\+page.svelte,334,svelte,f94476fb,Jin G,2024-09-15,16:12:34,-04:00,2024-09-15T16:12:34-04:00,0,33
src\routes\assignments\a4\+page.svelte,335,svelte,f94476fb,Jin G,2024-09-15,16:12:34,-04:00,2024-09-15T16:12:34-04:00,0,0
src\routes\assignments\a4\+page.svelte,336,svelte,f94476fb,Jin G,2024-09-15,16:12:34,-04:00,2024-09-15T16:12:34-04:00,0,75
src\routes\assignments\a4\+page.svelte,337,svelte,f94476fb,Jin G,2024-09-15,16:12:34,-04:00,2024-09-15T16:12:34-04:00,0,0
src\routes\assignments\a4\+page.svelte,338,svelte,f94476fb,Jin G,2024-09-15,16:12:34,-04:00,2024-09-15T16:12:34-04:00,0,58
src\routes\assignments\a4\+page.svelte,339,svelte,f94476fb,Jin G,2024-09-15,16:12:34,-04:00,2024-09-15T16:12:34-04:00,0,83
src\routes\assignments\a4\+page.svelte,340,svelte,f94476fb,Jin G,2024-09-15,16:12:34,-04:00,2024-09-15T16:12:34-04:00,0,29
src\routes\assignments\a4\+page.svelte,341,svelte,f94476fb,Jin G,2024-09-15,16:12:34,-04:00,2024-09-15T16:12:34-04:00,0,0
src\routes\assignments\a4\+page.svelte,342,svelte,f94476fb,Jin G,2024-09-15,16:12:34,-04:00,2024-09-15T16:12:34-04:00,0,0
src\routes\assignments\a4\+page.svelte,343,svelte,f94476fb,Jin G,2024-09-15,16:12:34,-04:00,2024-09-15T16:12:34-04:00,0,48
src\routes\assignments\a4\+page.svelte,344,svelte,f94476fb,Jin G,2024-09-15,16:12:34,-04:00,2024-09-15T16:12:34-04:00,0,47
src\routes\assignments\a4\+page.svelte,345,svelte,f94476fb,Jin G,2024-09-15,16:12:34,-04:00,2024-09-15T16:12:34-04:00,0,63
src\routes\assignments\a4\+page.svelte,346,svelte,f94476fb,Jin G,2024-09-15,16:12:34,-04:00,2024-09-15T16:12:34-04:00,0,0
src\routes\assignments\a4\+page.svelte,347,svelte,f94476fb,Jin G,2024-09-15,16:12:34,-04:00,2024-09-15T16:12:34-04:00,0,26
src\routes\assignments\a4\+page.svelte,348,svelte,f94476fb,Jin G,2024-09-15,16:12:34,-04:00,2024-09-15T16:12:34-04:00,0,0
src\routes\assignments\a4\+page.svelte,349,svelte,f94476fb,Jin G,2024-09-15,16:12:34,-04:00,2024-09-15T16:12:34-04:00,0,16
src\routes\assignments\a4\+page.svelte,350,svelte,f94476fb,Jin G,2024-09-15,16:12:34,-04:00,2024-09-15T16:12:34-04:00,0,0
src\routes\assignments\a4\+page.svelte,351,svelte,f94476fb,Jin G,2024-09-15,16:12:34,-04:00,2024-09-15T16:12:34-04:00,0,7
src\routes\assignments\a4\+page.svelte,352,svelte,9d554aca,Jin G,2024-09-18,14:58:26,-04:00,2024-09-18T14:58:26-04:00,0,71
src\routes\assignments\a4\+page.svelte,353,svelte,f94476fb,Jin G,2024-09-15,16:12:34,-04:00,2024-09-15T16:12:34-04:00,0,11
src\routes\assignments\a4\+page.svelte,354,svelte,f94476fb,Jin G,2024-09-15,16:12:34,-04:00,2024-09-15T16:12:34-04:00,0,25
src\routes\assignments\a4\+page.svelte,355,svelte,f94476fb,Jin G,2024-09-15,16:12:34,-04:00,2024-09-15T16:12:34-04:00,0,12
src\routes\assignments\a4\+page.svelte,356,svelte,f94476fb,Jin G,2024-09-15,16:12:34,-04:00,2024-09-15T16:12:34-04:00,0,8
src\routes\assignments\a4\+page.svelte,357,svelte,f94476fb,Jin G,2024-09-15,16:12:34,-04:00,2024-09-15T16:12:34-04:00,0,88
src\routes\assignments\a4\+page.svelte,358,svelte,f94476fb,Jin G,2024-09-15,16:12:34,-04:00,2024-09-15T16:12:34-04:00,0,0
src\routes\assignments\a4\+page.svelte,359,svelte,f94476fb,Jin G,2024-09-15,16:12:34,-04:00,2024-09-15T16:12:34-04:00,0,7
src\routes\assignments\a4\+page.svelte,360,svelte,9d554aca,Jin G,2024-09-18,14:58:26,-04:00,2024-09-18T14:58:26-04:00,0,69
src\routes\assignments\a4\+page.svelte,361,svelte,f94476fb,Jin G,2024-09-15,16:12:34,-04:00,2024-09-15T16:12:34-04:00,0,11
src\routes\assignments\a4\+page.svelte,362,svelte,f94476fb,Jin G,2024-09-15,16:12:34,-04:00,2024-09-15T16:12:34-04:00,0,79
src\routes\assignments\a4\+page.svelte,363,svelte,f94476fb,Jin G,2024-09-15,16:12:34,-04:00,2024-09-15T16:12:34-04:00,0,12
src\routes\assignments\a4\+page.svelte,364,svelte,f94476fb,Jin G,2024-09-15,16:12:34,-04:00,2024-09-15T16:12:34-04:00,0,8
src\routes\assignments\a4\+page.svelte,365,svelte,f94476fb,Jin G,2024-09-15,16:12:34,-04:00,2024-09-15T16:12:34-04:00,0,106
src\routes\assignments\a4\+page.svelte,366,svelte,f94476fb,Jin G,2024-09-15,16:12:34,-04:00,2024-09-15T16:12:34-04:00,0,96
src\routes\assignments\a4\+page.svelte,367,svelte,f94476fb,Jin G,2024-09-15,16:12:34,-04:00,2024-09-15T16:12:34-04:00,0,0
src\routes\assignments\a4\+page.svelte,368,svelte,f94476fb,Jin G,2024-09-15,16:12:34,-04:00,2024-09-15T16:12:34-04:00,0,3
src\routes\assignments\a4\+page.svelte,369,svelte,f94476fb,Jin G,2024-09-15,16:12:34,-04:00,2024-09-15T16:12:34-04:00,0,60
src\routes\assignments\a4\+page.svelte,370,svelte,f94476fb,Jin G,2024-09-15,16:12:34,-04:00,2024-09-15T16:12:34-04:00,0,7
src\routes\assignments\a4\+page.svelte,371,svelte,9d554aca,Jin G,2024-09-18,14:58:26,-04:00,2024-09-18T14:58:26-04:00,0,69
src\routes\assignments\a4\+page.svelte,372,svelte,f94476fb,Jin G,2024-09-15,16:12:34,-04:00,2024-09-15T16:12:34-04:00,0,11
src\routes\assignments\a4\+page.svelte,373,svelte,f94476fb,Jin G,2024-09-15,16:12:34,-04:00,2024-09-15T16:12:34-04:00,0,24
src\routes\assignments\a4\+page.svelte,374,svelte,f94476fb,Jin G,2024-09-15,16:12:34,-04:00,2024-09-15T16:12:34-04:00,0,8
src\routes\assignments\a4\+page.svelte,375,svelte,f94476fb,Jin G,2024-09-15,16:12:34,-04:00,2024-09-15T16:12:34-04:00,0,60
src\routes\assignments\a4\+page.svelte,376,svelte,f94476fb,Jin G,2024-09-15,16:12:34,-04:00,2024-09-15T16:12:34-04:00,0,39
src\routes\assignments\a4\+page.svelte,377,svelte,f94476fb,Jin G,2024-09-15,16:12:34,-04:00,2024-09-15T16:12:34-04:00,0,7
src\routes\assignments\a4\+page.svelte,378,svelte,f94476fb,Jin G,2024-09-15,16:12:34,-04:00,2024-09-15T16:12:34-04:00,0,0
src\routes\assignments\a4\+page.svelte,379,svelte,f94476fb,Jin G,2024-09-15,16:12:34,-04:00,2024-09-15T16:12:34-04:00,0,20
src\routes\assignments\a4\+page.svelte,380,svelte,f94476fb,Jin G,2024-09-15,16:12:34,-04:00,2024-09-15T16:12:34-04:00,0,9
src\routes\assignments\a4\+page.svelte,381,svelte,f94476fb,Jin G,2024-09-15,16:12:34,-04:00,2024-09-15T16:12:34-04:00,0,23
src\routes\assignments\a4\+page.svelte,382,svelte,f94476fb,Jin G,2024-09-15,16:12:34,-04:00,2024-09-15T16:12:34-04:00,0,20
src\routes\assignments\a4\+page.svelte,383,svelte,f94476fb,Jin G,2024-09-15,16:12:34,-04:00,2024-09-15T16:12:34-04:00,0,25
src\routes\assignments\a4\+page.svelte,384,svelte,f94476fb,Jin G,2024-09-15,16:12:34,-04:00,2024-09-15T16:12:34-04:00,0,10
src\routes\assignments\a4\+page.svelte,385,svelte,f94476fb,Jin G,2024-09-15,16:12:34,-04:00,2024-09-15T16:12:34-04:00,0,3
src\routes\assignments\a4\+page.svelte,386,svelte,f94476fb,Jin G,2024-09-15,16:12:34,-04:00,2024-09-15T16:12:34-04:00,0,7
src\routes\assignments\a4\+page.svelte,387,svelte,f94476fb,Jin G,2024-09-15,16:12:34,-04:00,2024-09-15T16:12:34-04:00,0,0
src\routes\assignments\a4\+page.svelte,388,svelte,f94476fb,Jin G,2024-09-15,16:12:34,-04:00,2024-09-15T16:12:34-04:00,0,6
src\routes\assignments\a4\+page.svelte,389,svelte,f94476fb,Jin G,2024-09-15,16:12:34,-04:00,2024-09-15T16:12:34-04:00,0,13
src\routes\assignments\a4\+page.svelte,390,svelte,f94476fb,Jin G,2024-09-15,16:12:34,-04:00,2024-09-15T16:12:34-04:00,0,23
src\routes\assignments\a4\+page.svelte,391,svelte,f94476fb,Jin G,2024-09-15,16:12:34,-04:00,2024-09-15T16:12:34-04:00,0,8
src\routes\assignments\a4\+page.svelte,392,svelte,f94476fb,Jin G,2024-09-15,16:12:34,-04:00,2024-09-15T16:12:34-04:00,0,2
src\routes\assignments\a4\+page.svelte,393,svelte,f94476fb,Jin G,2024-09-15,16:12:34,-04:00,2024-09-15T16:12:34-04:00,0,0
src\routes\assignments\a4\+page.svelte,394,svelte,f94476fb,Jin G,2024-09-15,16:12:34,-04:00,2024-09-15T16:12:34-04:00,0,16
src\routes\assignments\a4\+page.svelte,395,svelte,f94476fb,Jin G,2024-09-15,16:12:34,-04:00,2024-09-15T16:12:34-04:00,0,0
src\routes\assignments\a4\+page.svelte,396,svelte,f94476fb,Jin G,2024-09-15,16:12:34,-04:00,2024-09-15T16:12:34-04:00,0,3
src\routes\assignments\a4\+page.svelte,397,svelte,f94476fb,Jin G,2024-09-15,16:12:34,-04:00,2024-09-15T16:12:34-04:00,0,83
src\routes\assignments\a4\+page.svelte,398,svelte,f94476fb,Jin G,2024-09-15,16:12:34,-04:00,2024-09-15T16:12:34-04:00,0,0
src\routes\assignments\a4\+page.svelte,399,svelte,f94476fb,Jin G,2024-09-15,16:12:34,-04:00,2024-09-15T16:12:34-04:00,0,102
src\routes\assignments\a4\+page.svelte,400,svelte,f94476fb,Jin G,2024-09-15,16:12:34,-04:00,2024-09-15T16:12:34-04:00,0,33
src\routes\assignments\a4\+page.svelte,401,svelte,f94476fb,Jin G,2024-09-15,16:12:34,-04:00,2024-09-15T16:12:34-04:00,0,103
src\routes\assignments\a4\+page.svelte,402,svelte,f94476fb,Jin G,2024-09-15,16:12:34,-04:00,2024-09-15T16:12:34-04:00,0,3
src\routes\assignments\a4\+page.svelte,403,svelte,f94476fb,Jin G,2024-09-15,16:12:34,-04:00,2024-09-15T16:12:34-04:00,0,0
src\routes\assignments\a4\+page.svelte,404,svelte,f94476fb,Jin G,2024-09-15,16:12:34,-04:00,2024-09-15T16:12:34-04:00,0,104
src\routes\assignments\a4\+page.svelte,405,svelte,f94476fb,Jin G,2024-09-15,16:12:34,-04:00,2024-09-15T16:12:34-04:00,0,29
src\routes\assignments\a4\+page.svelte,406,svelte,f94476fb,Jin G,2024-09-15,16:12:34,-04:00,2024-09-15T16:12:34-04:00,0,7
src\routes\assignments\a4\+page.svelte,407,svelte,9d554aca,Jin G,2024-09-18,14:58:26,-04:00,2024-09-18T14:58:26-04:00,0,69
src\routes\assignments\a4\+page.svelte,408,svelte,f94476fb,Jin G,2024-09-15,16:12:34,-04:00,2024-09-15T16:12:34-04:00,0,11
src\routes\assignments\a4\+page.svelte,409,svelte,f94476fb,Jin G,2024-09-15,16:12:34,-04:00,2024-09-15T16:12:34-04:00,0,97
src\routes\assignments\a4\+page.svelte,410,svelte,f94476fb,Jin G,2024-09-15,16:12:34,-04:00,2024-09-15T16:12:34-04:00,0,99
src\routes\assignments\a4\+page.svelte,411,svelte,f94476fb,Jin G,2024-09-15,16:12:34,-04:00,2024-09-15T16:12:34-04:00,0,4
src\routes\assignments\a4\+page.svelte,412,svelte,f94476fb,Jin G,2024-09-15,16:12:34,-04:00,2024-09-15T16:12:34-04:00,0,12
src\routes\assignments\a4\+page.svelte,413,svelte,f94476fb,Jin G,2024-09-15,16:12:34,-04:00,2024-09-15T16:12:34-04:00,0,8
src\routes\assignments\a4\+page.svelte,414,svelte,f94476fb,Jin G,2024-09-15,16:12:34,-04:00,2024-09-15T16:12:34-04:00,0,67
src\routes\assignments\a4\+page.svelte,415,svelte,f94476fb,Jin G,2024-09-15,16:12:34,-04:00,2024-09-15T16:12:34-04:00,0,39
src\routes\assignments\a4\+page.svelte,416,svelte,f94476fb,Jin G,2024-09-15,16:12:34,-04:00,2024-09-15T16:12:34-04:00,0,9
src\routes\assignments\a4\+page.svelte,417,svelte,f94476fb,Jin G,2024-09-15,16:12:34,-04:00,2024-09-15T16:12:34-04:00,0,10
src\routes\assignments\a4\+page.svelte,418,svelte,f94476fb,Jin G,2024-09-15,16:12:34,-04:00,2024-09-15T16:12:34-04:00,0,0
src\routes\assignments\a4\+page.svelte,419,svelte,f94476fb,Jin G,2024-09-15,16:12:34,-04:00,2024-09-15T16:12:34-04:00,0,23
src\routes\assignments\a4\+page.svelte,420,svelte,f94476fb,Jin G,2024-09-15,16:12:34,-04:00,2024-09-15T16:12:34-04:00,0,19
src\routes\assignments\a4\+page.svelte,421,svelte,f94476fb,Jin G,2024-09-15,16:12:34,-04:00,2024-09-15T16:12:34-04:00,0,0
src\routes\assignments\a4\+page.svelte,422,svelte,f94476fb,Jin G,2024-09-15,16:12:34,-04:00,2024-09-15T16:12:34-04:00,0,19
src\routes\assignments\a4\+page.svelte,423,svelte,f94476fb,Jin G,2024-09-15,16:12:34,-04:00,2024-09-15T16:12:34-04:00,0,15
src\routes\assignments\a4\+page.svelte,424,svelte,f94476fb,Jin G,2024-09-15,16:12:34,-04:00,2024-09-15T16:12:34-04:00,0,40
src\routes\assignments\a4\+page.svelte,425,svelte,f94476fb,Jin G,2024-09-15,16:12:34,-04:00,2024-09-15T16:12:34-04:00,0,1
src\routes\assignments\a4\+page.svelte,426,svelte,f94476fb,Jin G,2024-09-15,16:12:34,-04:00,2024-09-15T16:12:34-04:00,0,1
src\routes\assignments\a4\+page.svelte,427,svelte,f94476fb,Jin G,2024-09-15,16:12:34,-04:00,2024-09-15T16:12:34-04:00,0,0
src\routes\assignments\a4\+page.svelte,428,svelte,f94476fb,Jin G,2024-09-15,16:12:34,-04:00,2024-09-15T16:12:34-04:00,0,26
src\routes\assignments\a4\+page.svelte,429,svelte,f94476fb,Jin G,2024-09-15,16:12:34,-04:00,2024-09-15T16:12:34-04:00,0,15
src\routes\assignments\a4\+page.svelte,430,svelte,f94476fb,Jin G,2024-09-15,16:12:34,-04:00,2024-09-15T16:12:34-04:00,0,30
src\routes\assignments\a4\+page.svelte,431,svelte,f94476fb,Jin G,2024-09-15,16:12:34,-04:00,2024-09-15T16:12:34-04:00,0,1
src\routes\assignments\a4\+page.svelte,432,svelte,f94476fb,Jin G,2024-09-15,16:12:34,-04:00,2024-09-15T16:12:34-04:00,0,1
src\routes\assignments\a4\+page.svelte,433,svelte,f94476fb,Jin G,2024-09-15,16:12:34,-04:00,2024-09-15T16:12:34-04:00,0,0
src\routes\assignments\a4\+page.svelte,434,svelte,f94476fb,Jin G,2024-09-15,16:12:34,-04:00,2024-09-15T16:12:34-04:00,0,17
src\routes\assignments\a4\+page.svelte,435,svelte,f94476fb,Jin G,2024-09-15,16:12:34,-04:00,2024-09-15T16:12:34-04:00,0,15
src\routes\assignments\a4\+page.svelte,436,svelte,f94476fb,Jin G,2024-09-15,16:12:34,-04:00,2024-09-15T16:12:34-04:00,0,33
src\routes\assignments\a4\+page.svelte,437,svelte,f94476fb,Jin G,2024-09-15,16:12:34,-04:00,2024-09-15T16:12:34-04:00,0,1
src\routes\assignments\a4\+page.svelte,438,svelte,f94476fb,Jin G,2024-09-15,16:12:34,-04:00,2024-09-15T16:12:34-04:00,0,1
src\routes\assignments\a4\+page.svelte,439,svelte,f94476fb,Jin G,2024-09-15,16:12:34,-04:00,2024-09-15T16:12:34-04:00,0,0
src\routes\assignments\a4\+page.svelte,440,svelte,f94476fb,Jin G,2024-09-15,16:12:34,-04:00,2024-09-15T16:12:34-04:00,0,20
src\routes\assignments\a4\+page.svelte,441,svelte,f94476fb,Jin G,2024-09-15,16:12:34,-04:00,2024-09-15T16:12:34-04:00,0,15
src\routes\assignments\a4\+page.svelte,442,svelte,f94476fb,Jin G,2024-09-15,16:12:34,-04:00,2024-09-15T16:12:34-04:00,0,31
src\routes\assignments\a4\+page.svelte,443,svelte,f94476fb,Jin G,2024-09-15,16:12:34,-04:00,2024-09-15T16:12:34-04:00,0,1
src\routes\assignments\a4\+page.svelte,444,svelte,f94476fb,Jin G,2024-09-15,16:12:34,-04:00,2024-09-15T16:12:34-04:00,0,1
src\routes\assignments\a4\+page.svelte,445,svelte,f94476fb,Jin G,2024-09-15,16:12:34,-04:00,2024-09-15T16:12:34-04:00,0,0
src\routes\assignments\a4\+page.svelte,446,svelte,f94476fb,Jin G,2024-09-15,16:12:34,-04:00,2024-09-15T16:12:34-04:00,0,18
src\routes\assignments\a4\+page.svelte,447,svelte,f94476fb,Jin G,2024-09-15,16:12:34,-04:00,2024-09-15T16:12:34-04:00,0,15
src\routes\assignments\a4\+page.svelte,448,svelte,f94476fb,Jin G,2024-09-15,16:12:34,-04:00,2024-09-15T16:12:34-04:00,0,32
src\routes\assignments\a4\+page.svelte,449,svelte,f94476fb,Jin G,2024-09-15,16:12:34,-04:00,2024-09-15T16:12:34-04:00,0,1
src\routes\assignments\a4\+page.svelte,450,svelte,f94476fb,Jin G,2024-09-15,16:12:34,-04:00,2024-09-15T16:12:34-04:00,0,1
src\routes\assignments\a4\+page.svelte,451,svelte,f94476fb,Jin G,2024-09-15,16:12:34,-04:00,2024-09-15T16:12:34-04:00,0,0
src\routes\assignments\a4\+page.svelte,452,svelte,f94476fb,Jin G,2024-09-15,16:12:34,-04:00,2024-09-15T16:12:34-04:00,0,19
src\routes\assignments\a4\+page.svelte,453,svelte,f94476fb,Jin G,2024-09-15,16:12:34,-04:00,2024-09-15T16:12:34-04:00,0,15
src\routes\assignments\a4\+page.svelte,454,svelte,f94476fb,Jin G,2024-09-15,16:12:34,-04:00,2024-09-15T16:12:34-04:00,0,37
src\routes\assignments\a4\+page.svelte,455,svelte,f94476fb,Jin G,2024-09-15,16:12:34,-04:00,2024-09-15T16:12:34-04:00,0,1
src\routes\assignments\a4\+page.svelte,456,svelte,f94476fb,Jin G,2024-09-15,16:12:34,-04:00,2024-09-15T16:12:34-04:00,0,1
src\routes\assignments\a4\+page.svelte,457,svelte,f94476fb,Jin G,2024-09-15,16:12:34,-04:00,2024-09-15T16:12:34-04:00,0,0
src\routes\assignments\a4\+page.svelte,458,svelte,f94476fb,Jin G,2024-09-15,16:12:34,-04:00,2024-09-15T16:12:34-04:00,0,24
src\routes\assignments\a4\+page.svelte,459,svelte,f94476fb,Jin G,2024-09-15,16:12:34,-04:00,2024-09-15T16:12:34-04:00,0,17
src\routes\assignments\a4\+page.svelte,460,svelte,f94476fb,Jin G,2024-09-15,16:12:34,-04:00,2024-09-15T16:12:34-04:00,0,1
src\routes\assignments\a4\+page.svelte,461,svelte,f94476fb,Jin G,2024-09-15,16:12:34,-04:00,2024-09-15T16:12:34-04:00,0,0
src\routes\assignments\a4\+page.svelte,462,svelte,f94476fb,Jin G,2024-09-15,16:12:34,-04:00,2024-09-15T16:12:34-04:00,0,0
src\routes\assignments\a4\+page.svelte,463,svelte,f94476fb,Jin G,2024-09-15,16:12:34,-04:00,2024-09-15T16:12:34-04:00,0,61
src\routes\assignments\a4\+page.svelte,464,svelte,f94476fb,Jin G,2024-09-15,16:12:34,-04:00,2024-09-15T16:12:34-04:00,0,81
src\routes\assignments\a4\+page.svelte,465,svelte,f94476fb,Jin G,2024-09-15,16:12:34,-04:00,2024-09-15T16:12:34-04:00,0,0
src\routes\assignments\a4\+page.svelte,466,svelte,f94476fb,Jin G,2024-09-15,16:12:34,-04:00,2024-09-15T16:12:34-04:00,0,58
src\routes\assignments\a4\+page.svelte,467,svelte,f94476fb,Jin G,2024-09-15,16:12:34,-04:00,2024-09-15T16:12:34-04:00,0,9
src\routes\assignments\a4\+page.svelte,468,svelte,f94476fb,Jin G,2024-09-15,16:12:34,-04:00,2024-09-15T16:12:34-04:00,0,79
src\routes\assignments\a4\+page.svelte,469,svelte,f94476fb,Jin G,2024-09-15,16:12:34,-04:00,2024-09-15T16:12:34-04:00,0,0
src\routes\assignments\a4\+page.svelte,470,svelte,f94476fb,Jin G,2024-09-15,16:12:34,-04:00,2024-09-15T16:12:34-04:00,0,57
src\routes\assignments\a4\+page.svelte,471,svelte,f94476fb,Jin G,2024-09-15,16:12:34,-04:00,2024-09-15T16:12:34-04:00,0,40
src\routes\assignments\a4\+page.svelte,472,svelte,f94476fb,Jin G,2024-09-15,16:12:34,-04:00,2024-09-15T16:12:34-04:00,0,0
src\routes\assignments\a4\+page.svelte,473,svelte,f94476fb,Jin G,2024-09-15,16:12:34,-04:00,2024-09-15T16:12:34-04:00,0,78
src\routes\assignments\a4\+page.svelte,474,svelte,f94476fb,Jin G,2024-09-15,16:12:34,-04:00,2024-09-15T16:12:34-04:00,0,65
src\routes\assignments\a4\+page.svelte,475,svelte,f94476fb,Jin G,2024-09-15,16:12:34,-04:00,2024-09-15T16:12:34-04:00,0,64
src\routes\assignments\a4\+page.svelte,476,svelte,f94476fb,Jin G,2024-09-15,16:12:34,-04:00,2024-09-15T16:12:34-04:00,0,28
src\routes\assignments\a4\+page.svelte,477,svelte,f94476fb,Jin G,2024-09-15,16:12:34,-04:00,2024-09-15T16:12:34-04:00,0,69
src\routes\assignments\a4\+page.svelte,478,svelte,f94476fb,Jin G,2024-09-15,16:12:34,-04:00,2024-09-15T16:12:34-04:00,0,0
src\routes\assignments\a4\+page.svelte,479,svelte,f94476fb,Jin G,2024-09-15,16:12:34,-04:00,2024-09-15T16:12:34-04:00,0,29
src\routes\assignments\a4\+page.svelte,480,svelte,f94476fb,Jin G,2024-09-15,16:12:34,-04:00,2024-09-15T16:12:34-04:00,0,23
src\routes\assignments\a4\+page.svelte,481,svelte,f94476fb,Jin G,2024-09-15,16:12:34,-04:00,2024-09-15T16:12:34-04:00,0,32
src\routes\assignments\a4\+page.svelte,482,svelte,f94476fb,Jin G,2024-09-15,16:12:34,-04:00,2024-09-15T16:12:34-04:00,0,0
src\routes\assignments\a4\+page.svelte,483,svelte,f94476fb,Jin G,2024-09-15,16:12:34,-04:00,2024-09-15T16:12:34-04:00,0,12
src\routes\assignments\a4\+page.svelte,484,svelte,f94476fb,Jin G,2024-09-15,16:12:34,-04:00,2024-09-15T16:12:34-04:00,0,0
src\routes\assignments\a4\+page.svelte,485,svelte,f94476fb,Jin G,2024-09-15,16:12:34,-04:00,2024-09-15T16:12:34-04:00,0,26
src\routes\assignments\a4\+page.svelte,486,svelte,f94476fb,Jin G,2024-09-15,16:12:34,-04:00,2024-09-15T16:12:34-04:00,0,54
src\routes\assignments\a4\+page.svelte,487,svelte,f94476fb,Jin G,2024-09-15,16:12:34,-04:00,2024-09-15T16:12:34-04:00,0,41
src\routes\assignments\a4\+page.svelte,488,svelte,f94476fb,Jin G,2024-09-15,16:12:34,-04:00,2024-09-15T16:12:34-04:00,0,36
src\routes\assignments\a4\+page.svelte,489,svelte,f94476fb,Jin G,2024-09-15,16:12:34,-04:00,2024-09-15T16:12:34-04:00,0,0
src\routes\assignments\a4\+page.svelte,490,svelte,f94476fb,Jin G,2024-09-15,16:12:34,-04:00,2024-09-15T16:12:34-04:00,0,0
src\routes\assignments\a4\+page.svelte,491,svelte,f94476fb,Jin G,2024-09-15,16:12:34,-04:00,2024-09-15T16:12:34-04:00,0,0
src\routes\assignments\a4\+page.svelte,492,svelte,f94476fb,Jin G,2024-09-15,16:12:34,-04:00,2024-09-15T16:12:34-04:00,0,0
src\routes\assignments\a4\+page.svelte,493,svelte,f94476fb,Jin G,2024-09-15,16:12:34,-04:00,2024-09-15T16:12:34-04:00,0,54
src\routes\assignments\a4\+page.svelte,494,svelte,f94476fb,Jin G,2024-09-15,16:12:34,-04:00,2024-09-15T16:12:34-04:00,0,23
src\routes\assignments\a4\+page.svelte,495,svelte,f94476fb,Jin G,2024-09-15,16:12:34,-04:00,2024-09-15T16:12:34-04:00,0,38
src\routes\assignments\a4\+page.svelte,496,svelte,f94476fb,Jin G,2024-09-15,16:12:34,-04:00,2024-09-15T16:12:34-04:00,0,42
src\routes\assignments\a4\+page.svelte,497,svelte,f94476fb,Jin G,2024-09-15,16:12:34,-04:00,2024-09-15T16:12:34-04:00,0,55
src\routes\assignments\a4\+page.svelte,498,svelte,f94476fb,Jin G,2024-09-15,16:12:34,-04:00,2024-09-15T16:12:34-04:00,0,29
src\routes\assignments\a4\+page.svelte,499,svelte,f94476fb,Jin G,2024-09-15,16:12:34,-04:00,2024-09-15T16:12:34-04:00,0,28
src\routes\assignments\a4\+page.svelte,500,svelte,f94476fb,Jin G,2024-09-15,16:12:34,-04:00,2024-09-15T16:12:34-04:00,0,56
src\routes\assignments\a4\+page.svelte,501,svelte,f94476fb,Jin G,2024-09-15,16:12:34,-04:00,2024-09-15T16:12:34-04:00,0,22
src\routes\assignments\a4\+page.svelte,502,svelte,f94476fb,Jin G,2024-09-15,16:12:34,-04:00,2024-09-15T16:12:34-04:00,0,0
src\routes\assignments\a4\+page.svelte,503,svelte,f94476fb,Jin G,2024-09-15,16:12:34,-04:00,2024-09-15T16:12:34-04:00,0,16
src\routes\assignments\a4\+page.svelte,504,svelte,f94476fb,Jin G,2024-09-15,16:12:34,-04:00,2024-09-15T16:12:34-04:00,0,40
src\routes\assignments\a4\+page.svelte,505,svelte,f94476fb,Jin G,2024-09-15,16:12:34,-04:00,2024-09-15T16:12:34-04:00,0,36
src\routes\assignments\a4\+page.svelte,506,svelte,f94476fb,Jin G,2024-09-15,16:12:34,-04:00,2024-09-15T16:12:34-04:00,0,1
src\routes\assignments\a4\+page.svelte,507,svelte,f94476fb,Jin G,2024-09-15,16:12:34,-04:00,2024-09-15T16:12:34-04:00,0,12
src\routes\assignments\a4\+page.svelte,508,svelte,f94476fb,Jin G,2024-09-15,16:12:34,-04:00,2024-09-15T16:12:34-04:00,0,0
src\routes\assignments\a4\+page.svelte,509,svelte,f94476fb,Jin G,2024-09-15,16:12:34,-04:00,2024-09-15T16:12:34-04:00,0,30
src\routes\assignments\a4\+page.svelte,510,svelte,f94476fb,Jin G,2024-09-15,16:12:34,-04:00,2024-09-15T16:12:34-04:00,0,37
src\routes\assignments\a4\+page.svelte,511,svelte,f94476fb,Jin G,2024-09-15,16:12:34,-04:00,2024-09-15T16:12:34-04:00,0,15
src\routes\assignments\a4\+page.svelte,512,svelte,f94476fb,Jin G,2024-09-15,16:12:34,-04:00,2024-09-15T16:12:34-04:00,0,0
src\routes\assignments\a4\+page.svelte,513,svelte,f94476fb,Jin G,2024-09-15,16:12:34,-04:00,2024-09-15T16:12:34-04:00,0,0
src\routes\assignments\a4\+page.svelte,514,svelte,f94476fb,Jin G,2024-09-15,16:12:34,-04:00,2024-09-15T16:12:34-04:00,0,0
src\routes\assignments\a4\+page.svelte,515,svelte,f94476fb,Jin G,2024-09-15,16:12:34,-04:00,2024-09-15T16:12:34-04:00,0,50
src\routes\assignments\a4\+page.svelte,516,svelte,f94476fb,Jin G,2024-09-15,16:12:34,-04:00,2024-09-15T16:12:34-04:00,0,43
src\routes\assignments\a4\+page.svelte,517,svelte,f94476fb,Jin G,2024-09-15,16:12:34,-04:00,2024-09-15T16:12:34-04:00,0,45
src\routes\assignments\a4\+page.svelte,518,svelte,f94476fb,Jin G,2024-09-15,16:12:34,-04:00,2024-09-15T16:12:34-04:00,0,43
src\routes\assignments\a4\+page.svelte,519,svelte,f94476fb,Jin G,2024-09-15,16:12:34,-04:00,2024-09-15T16:12:34-04:00,0,40
src\routes\assignments\a4\+page.svelte,520,svelte,f94476fb,Jin G,2024-09-15,16:12:34,-04:00,2024-09-15T16:12:34-04:00,0,0
src\routes\assignments\a4\+page.svelte,521,svelte,f94476fb,Jin G,2024-09-15,16:12:34,-04:00,2024-09-15T16:12:34-04:00,0,13
src\routes\assignments\a4\+page.svelte,522,svelte,f94476fb,Jin G,2024-09-15,16:12:34,-04:00,2024-09-15T16:12:34-04:00,0,0
src\routes\assignments\a4\+page.svelte,523,svelte,f94476fb,Jin G,2024-09-15,16:12:34,-04:00,2024-09-15T16:12:34-04:00,0,16
src\routes\assignments\a4\+page.svelte,524,svelte,f94476fb,Jin G,2024-09-15,16:12:34,-04:00,2024-09-15T16:12:34-04:00,0,0
src\routes\assignments\a4\+page.svelte,525,svelte,f94476fb,Jin G,2024-09-15,16:12:34,-04:00,2024-09-15T16:12:34-04:00,0,46
src\routes\assignments\a4\+page.svelte,526,svelte,f94476fb,Jin G,2024-09-15,16:12:34,-04:00,2024-09-15T16:12:34-04:00,0,0
src\routes\assignments\a4\+page.svelte,527,svelte,f94476fb,Jin G,2024-09-15,16:12:34,-04:00,2024-09-15T16:12:34-04:00,0,111
src\routes\assignments\a4\+page.svelte,528,svelte,f94476fb,Jin G,2024-09-15,16:12:34,-04:00,2024-09-15T16:12:34-04:00,0,15
src\routes\assignments\a4\+page.svelte,529,svelte,f94476fb,Jin G,2024-09-15,16:12:34,-04:00,2024-09-15T16:12:34-04:00,0,18
src\routes\assignments\a4\+page.svelte,530,svelte,f94476fb,Jin G,2024-09-15,16:12:34,-04:00,2024-09-15T16:12:34-04:00,0,10
src\routes\assignments\a4\+page.svelte,531,svelte,f94476fb,Jin G,2024-09-15,16:12:34,-04:00,2024-09-15T16:12:34-04:00,0,29
src\routes\assignments\a4\+page.svelte,532,svelte,f94476fb,Jin G,2024-09-15,16:12:34,-04:00,2024-09-15T16:12:34-04:00,0,36
src\routes\assignments\a4\+page.svelte,533,svelte,f94476fb,Jin G,2024-09-15,16:12:34,-04:00,2024-09-15T16:12:34-04:00,0,0
src\routes\assignments\a4\+page.svelte,534,svelte,f94476fb,Jin G,2024-09-15,16:12:34,-04:00,2024-09-15T16:12:34-04:00,0,51
src\routes\assignments\a4\+page.svelte,535,svelte,f94476fb,Jin G,2024-09-15,16:12:34,-04:00,2024-09-15T16:12:34-04:00,0,32
src\routes\assignments\a4\+page.svelte,536,svelte,f94476fb,Jin G,2024-09-15,16:12:34,-04:00,2024-09-15T16:12:34-04:00,0,0
src\routes\assignments\a4\+page.svelte,537,svelte,f94476fb,Jin G,2024-09-15,16:12:34,-04:00,2024-09-15T16:12:34-04:00,0,21
src\routes\assignments\a4\+page.svelte,538,svelte,f94476fb,Jin G,2024-09-15,16:12:34,-04:00,2024-09-15T16:12:34-04:00,0,22
src\routes\assignments\a4\+page.svelte,539,svelte,f94476fb,Jin G,2024-09-15,16:12:34,-04:00,2024-09-15T16:12:34-04:00,0,0
src\routes\assignments\a4\+page.svelte,540,svelte,f94476fb,Jin G,2024-09-15,16:12:34,-04:00,2024-09-15T16:12:34-04:00,0,34
src\routes\assignments\a4\+page.svelte,541,svelte,f94476fb,Jin G,2024-09-15,16:12:34,-04:00,2024-09-15T16:12:34-04:00,0,109
src\routes\assignments\a4\+page.svelte,542,svelte,f94476fb,Jin G,2024-09-15,16:12:34,-04:00,2024-09-15T16:12:34-04:00,0,0
src\routes\assignments\a4\+page.svelte,543,svelte,f94476fb,Jin G,2024-09-15,16:12:34,-04:00,2024-09-15T16:12:34-04:00,0,12
src\routes\assignments\a4\+page.svelte,544,svelte,f94476fb,Jin G,2024-09-15,16:12:34,-04:00,2024-09-15T16:12:34-04:00,0,72
src\routes\assignments\a4\+page.svelte,545,svelte,f94476fb,Jin G,2024-09-15,16:12:34,-04:00,2024-09-15T16:12:34-04:00,0,16
src\routes\assignments\a4\+page.svelte,546,svelte,f94476fb,Jin G,2024-09-15,16:12:34,-04:00,2024-09-15T16:12:34-04:00,0,0
src\routes\assignments\a4\+page.svelte,547,svelte,f94476fb,Jin G,2024-09-15,16:12:34,-04:00,2024-09-15T16:12:34-04:00,0,55
src\routes\assignments\a4\+page.svelte,548,svelte,f94476fb,Jin G,2024-09-15,16:12:34,-04:00,2024-09-15T16:12:34-04:00,0,15
src\routes\assignments\a4\+page.svelte,549,svelte,f94476fb,Jin G,2024-09-15,16:12:34,-04:00,2024-09-15T16:12:34-04:00,0,0
src\routes\assignments\a4\+page.svelte,550,svelte,f94476fb,Jin G,2024-09-15,16:12:34,-04:00,2024-09-15T16:12:34-04:00,0,114
src\routes\assignments\a4\+page.svelte,551,svelte,f94476fb,Jin G,2024-09-15,16:12:34,-04:00,2024-09-15T16:12:34-04:00,0,0
src\routes\assignments\a4\+page.svelte,552,svelte,f94476fb,Jin G,2024-09-15,16:12:34,-04:00,2024-09-15T16:12:34-04:00,0,16
src\routes\assignments\a4\+page.svelte,553,svelte,f94476fb,Jin G,2024-09-15,16:12:34,-04:00,2024-09-15T16:12:34-04:00,0,7
src\routes\assignments\a4\+page.svelte,554,svelte,9d554aca,Jin G,2024-09-18,14:58:26,-04:00,2024-09-18T14:58:26-04:00,0,65
src\routes\assignments\a4\+page.svelte,555,svelte,f94476fb,Jin G,2024-09-15,16:12:34,-04:00,2024-09-15T16:12:34-04:00,0,11
src\routes\assignments\a4\+page.svelte,556,svelte,f94476fb,Jin G,2024-09-15,16:12:34,-04:00,2024-09-15T16:12:34-04:00,0,28
src\routes\assignments\a4\+page.svelte,557,svelte,f94476fb,Jin G,2024-09-15,16:12:34,-04:00,2024-09-15T16:12:34-04:00,0,12
src\routes\assignments\a4\+page.svelte,558,svelte,f94476fb,Jin G,2024-09-15,16:12:34,-04:00,2024-09-15T16:12:34-04:00,0,8
src\routes\assignments\a4\+page.svelte,559,svelte,f94476fb,Jin G,2024-09-15,16:12:34,-04:00,2024-09-15T16:12:34-04:00,0,0
src\routes\assignments\a4\+page.svelte,560,svelte,f94476fb,Jin G,2024-09-15,16:12:34,-04:00,2024-09-15T16:12:34-04:00,0,6
src\routes\assignments\a4\+page.svelte,561,svelte,f94476fb,Jin G,2024-09-15,16:12:34,-04:00,2024-09-15T16:12:34-04:00,0,5
src\routes\assignments\a4\+page.svelte,562,svelte,f94476fb,Jin G,2024-09-15,16:12:34,-04:00,2024-09-15T16:12:34-04:00,0,8
src\routes\assignments\a4\+page.svelte,563,svelte,f94476fb,Jin G,2024-09-15,16:12:34,-04:00,2024-09-15T16:12:34-04:00,0,24
src\routes\assignments\a4\+page.svelte,564,svelte,f94476fb,Jin G,2024-09-15,16:12:34,-04:00,2024-09-15T16:12:34-04:00,0,0
src\routes\assignments\a4\+page.svelte,565,svelte,f94476fb,Jin G,2024-09-15,16:12:34,-04:00,2024-09-15T16:12:34-04:00,0,393
src\routes\assignments\a4\+page.svelte,566,svelte,f94476fb,Jin G,2024-09-15,16:12:34,-04:00,2024-09-15T16:12:34-04:00,0,0
src\routes\assignments\a4\+page.svelte,567,svelte,f94476fb,Jin G,2024-09-15,16:12:34,-04:00,2024-09-15T16:12:34-04:00,0,91
src\routes\assignments\a4\+page.svelte,568,svelte,f94476fb,Jin G,2024-09-15,16:12:34,-04:00,2024-09-15T16:12:34-04:00,0,102
src\routes\assignments\a4\+page.svelte,569,svelte,f94476fb,Jin G,2024-09-15,16:12:34,-04:00,2024-09-15T16:12:34-04:00,0,96
src\routes\assignments\a4\+page.svelte,570,svelte,f94476fb,Jin G,2024-09-15,16:12:34,-04:00,2024-09-15T16:12:34-04:00,0,32
src\routes\assignments\a4\+page.svelte,571,svelte,f94476fb,Jin G,2024-09-15,16:12:34,-04:00,2024-09-15T16:12:34-04:00,0,0
src\routes\assignments\a4\+page.svelte,572,svelte,f94476fb,Jin G,2024-09-15,16:12:34,-04:00,2024-09-15T16:12:34-04:00,0,105
src\routes\assignments\a4\+page.svelte,573,svelte,f94476fb,Jin G,2024-09-15,16:12:34,-04:00,2024-09-15T16:12:34-04:00,0,64
src\routes\assignments\a4\+page.svelte,574,svelte,f94476fb,Jin G,2024-09-15,16:12:34,-04:00,2024-09-15T16:12:34-04:00,0,99
src\routes\assignments\a4\+page.svelte,575,svelte,f94476fb,Jin G,2024-09-15,16:12:34,-04:00,2024-09-15T16:12:34-04:00,0,92
src\routes\assignments\a4\+page.svelte,576,svelte,f94476fb,Jin G,2024-09-15,16:12:34,-04:00,2024-09-15T16:12:34-04:00,0,57
src\routes\assignments\a4\+page.svelte,577,svelte,f94476fb,Jin G,2024-09-15,16:12:34,-04:00,2024-09-15T16:12:34-04:00,0,0
src\routes\assignments\a4\+page.svelte,578,svelte,f94476fb,Jin G,2024-09-15,16:12:34,-04:00,2024-09-15T16:12:34-04:00,0,101
src\routes\assignments\a4\+page.svelte,579,svelte,f94476fb,Jin G,2024-09-15,16:12:34,-04:00,2024-09-15T16:12:34-04:00,0,103
src\routes\assignments\a4\+page.svelte,580,svelte,f94476fb,Jin G,2024-09-15,16:12:34,-04:00,2024-09-15T16:12:34-04:00,0,102
src\routes\assignments\a4\+page.svelte,581,svelte,f94476fb,Jin G,2024-09-15,16:12:34,-04:00,2024-09-15T16:12:34-04:00,0,100
src\routes\assignments\a4\+page.svelte,582,svelte,f94476fb,Jin G,2024-09-15,16:12:34,-04:00,2024-09-15T16:12:34-04:00,0,99
src\routes\assignments\a4\+page.svelte,583,svelte,f94476fb,Jin G,2024-09-15,16:12:34,-04:00,2024-09-15T16:12:34-04:00,0,100
src\routes\assignments\a4\+page.svelte,584,svelte,f94476fb,Jin G,2024-09-15,16:12:34,-04:00,2024-09-15T16:12:34-04:00,0,20
src\routes\assignments\a4\+page.svelte,585,svelte,f94476fb,Jin G,2024-09-15,16:12:34,-04:00,2024-09-15T16:12:34-04:00,0,0
src\routes\assignments\a4\+page.svelte,586,svelte,f94476fb,Jin G,2024-09-15,16:12:34,-04:00,2024-09-15T16:12:34-04:00,0,94
src\routes\assignments\a4\+page.svelte,587,svelte,f94476fb,Jin G,2024-09-15,16:12:34,-04:00,2024-09-15T16:12:34-04:00,0,102
src\routes\assignments\a4\+page.svelte,588,svelte,f94476fb,Jin G,2024-09-15,16:12:34,-04:00,2024-09-15T16:12:34-04:00,0,101
src\routes\assignments\a4\+page.svelte,589,svelte,f94476fb,Jin G,2024-09-15,16:12:34,-04:00,2024-09-15T16:12:34-04:00,0,84
src\routes\assignments\a4\+page.svelte,590,svelte,f94476fb,Jin G,2024-09-15,16:12:34,-04:00,2024-09-15T16:12:34-04:00,0,0
src\routes\assignments\a4\+page.svelte,591,svelte,f94476fb,Jin G,2024-09-15,16:12:34,-04:00,2024-09-15T16:12:34-04:00,0,9
src\routes\assignments\a4\+page.svelte,592,svelte,f94476fb,Jin G,2024-09-15,16:12:34,-04:00,2024-09-15T16:12:34-04:00,0,0
src\routes\assignments\a4\+page.svelte,593,svelte,f94476fb,Jin G,2024-09-15,16:12:34,-04:00,2024-09-15T16:12:34-04:00,0,6
src\routes\assignments\a4\+page.svelte,594,svelte,f94476fb,Jin G,2024-09-15,16:12:34,-04:00,2024-09-15T16:12:34-04:00,0,103
src\routes\assignments\a4\+page.svelte,595,svelte,f94476fb,Jin G,2024-09-15,16:12:34,-04:00,2024-09-15T16:12:34-04:00,0,57
src\routes\assignments\a4\+page.svelte,596,svelte,f94476fb,Jin G,2024-09-15,16:12:34,-04:00,2024-09-15T16:12:34-04:00,0,0
src\routes\assignments\a4\+page.svelte,597,svelte,f94476fb,Jin G,2024-09-15,16:12:34,-04:00,2024-09-15T16:12:34-04:00,0,0
src\routes\assignments\a4\+page.svelte,598,svelte,f94476fb,Jin G,2024-09-15,16:12:34,-04:00,2024-09-15T16:12:34-04:00,0,0
src\routes\assignments\a4\+page.svelte,599,svelte,f94476fb,Jin G,2024-09-15,16:12:34,-04:00,2024-09-15T16:12:34-04:00,0,0
src\routes\assignments\a4\+page.svelte,600,svelte,f94476fb,Jin G,2024-09-15,16:12:34,-04:00,2024-09-15T16:12:34-04:00,0,6
src\routes\assignments\a4\+page.svelte,601,css,f94476fb,Jin G,2024-09-15,16:12:34,-04:00,2024-09-15T16:12:34-04:00,0,0
src\routes\assignments\a4\+page.svelte,602,css,f94476fb,Jin G,2024-09-15,16:12:34,-04:00,2024-09-15T16:12:34-04:00,0,0
src\routes\assignments\a4\+page.svelte,603,css,f94476fb,Jin G,2024-09-15,16:12:34,-04:00,2024-09-15T16:12:34-04:00,0,105
src\routes\assignments\a4\+page.svelte,604,css,f94476fb,Jin G,2024-09-15,16:12:34,-04:00,2024-09-15T16:12:34-04:00,0,0
src\routes\assignments\a4\+page.svelte,605,css,f94476fb,Jin G,2024-09-15,16:12:34,-04:00,2024-09-15T16:12:34-04:00,0,6
src\routes\assignments\a4\+page.svelte,606,css,f94476fb,Jin G,2024-09-15,16:12:34,-04:00,2024-09-15T16:12:34-04:00,1,36
src\routes\assignments\a4\+page.svelte,607,css,f94476fb,Jin G,2024-09-15,16:12:34,-04:00,2024-09-15T16:12:34-04:00,1,36
src\routes\assignments\a4\+page.svelte,608,css,f94476fb,Jin G,2024-09-15,16:12:34,-04:00,2024-09-15T16:12:34-04:00,1,36
src\routes\assignments\a4\+page.svelte,609,css,f94476fb,Jin G,2024-09-15,16:12:34,-04:00,2024-09-15T16:12:34-04:00,1,36
src\routes\assignments\a4\+page.svelte,610,css,f94476fb,Jin G,2024-09-15,16:12:34,-04:00,2024-09-15T16:12:34-04:00,1,36
src\routes\assignments\a4\+page.svelte,611,css,f94476fb,Jin G,2024-09-15,16:12:34,-04:00,2024-09-15T16:12:34-04:00,1,36
src\routes\assignments\a4\+page.svelte,612,css,f94476fb,Jin G,2024-09-15,16:12:34,-04:00,2024-09-15T16:12:34-04:00,1,36
src\routes\assignments\a4\+page.svelte,613,css,f94476fb,Jin G,2024-09-15,16:12:34,-04:00,2024-09-15T16:12:34-04:00,1,36
src\routes\assignments\a4\+page.svelte,614,css,f94476fb,Jin G,2024-09-15,16:12:34,-04:00,2024-09-15T16:12:34-04:00,1,36
src\routes\assignments\a4\+page.svelte,615,css,f94476fb,Jin G,2024-09-15,16:12:34,-04:00,2024-09-15T16:12:34-04:00,1,36
src\routes\assignments\a4\+page.svelte,616,css,f94476fb,Jin G,2024-09-15,16:12:34,-04:00,2024-09-15T16:12:34-04:00,0,104
src\routes\assignments\a4\+page.svelte,617,css,f94476fb,Jin G,2024-09-15,16:12:34,-04:00,2024-09-15T16:12:34-04:00,0,0
src\routes\assignments\a4\+page.svelte,618,css,f94476fb,Jin G,2024-09-15,16:12:34,-04:00,2024-09-15T16:12:34-04:00,0,0
src\routes\assignments\a4\+page.svelte,619,css,f94476fb,Jin G,2024-09-15,16:12:34,-04:00,2024-09-15T16:12:34-04:00,0,0
src\routes\assignments\a4\+page.svelte,620,css,f94476fb,Jin G,2024-09-15,16:12:34,-04:00,2024-09-15T16:12:34-04:00,0,0
src\routes\assignments\a4\+page.svelte,621,css,f94476fb,Jin G,2024-09-15,16:12:34,-04:00,2024-09-15T16:12:34-04:00,0,0
src\routes\assignments\a4\+page.svelte,622,css,f94476fb,Jin G,2024-09-15,16:12:34,-04:00,2024-09-15T16:12:34-04:00,0,0
src\routes\assignments\a4\+page.svelte,623,css,f94476fb,Jin G,2024-09-15,16:12:34,-04:00,2024-09-15T16:12:34-04:00,0,5
src\routes\assignments\a4\+page.svelte,624,css,f94476fb,Jin G,2024-09-15,16:12:34,-04:00,2024-09-15T16:12:34-04:00,1,31
src\routes\assignments\a4\+page.svelte,625,css,f94476fb,Jin G,2024-09-15,16:12:34,-04:00,2024-09-15T16:12:34-04:00,1,21
src\routes\assignments\a4\+page.svelte,626,css,f94476fb,Jin G,2024-09-15,16:12:34,-04:00,2024-09-15T16:12:34-04:00,1,35
src\routes\assignments\a4\+page.svelte,627,css,f94476fb,Jin G,2024-09-15,16:12:34,-04:00,2024-09-15T16:12:34-04:00,1,26
src\routes\assignments\a4\+page.svelte,628,css,f94476fb,Jin G,2024-09-15,16:12:34,-04:00,2024-09-15T16:12:34-04:00,1,14
src\routes\assignments\a4\+page.svelte,629,css,f94476fb,Jin G,2024-09-15,16:12:34,-04:00,2024-09-15T16:12:34-04:00,0,0
src\routes\assignments\a4\+page.svelte,630,css,f94476fb,Jin G,2024-09-15,16:12:34,-04:00,2024-09-15T16:12:34-04:00,0,0
src\routes\assignments\a4\+page.svelte,631,css,f94476fb,Jin G,2024-09-15,16:12:34,-04:00,2024-09-15T16:12:34-04:00,0,13
src\routes\assignments\a4\+page.svelte,632,css,f94476fb,Jin G,2024-09-15,16:12:34,-04:00,2024-09-15T16:12:34-04:00,0,0
src\routes\assignments\a4\+page.svelte,633,css,f94476fb,Jin G,2024-09-15,16:12:34,-04:00,2024-09-15T16:12:34-04:00,0,23
src\routes\assignments\a4\+page.svelte,634,css,f94476fb,Jin G,2024-09-15,16:12:34,-04:00,2024-09-15T16:12:34-04:00,1,16
src\routes\assignments\a4\+page.svelte,635,css,f94476fb,Jin G,2024-09-15,16:12:34,-04:00,2024-09-15T16:12:34-04:00,1,16
src\routes\assignments\a4\+page.svelte,636,css,f94476fb,Jin G,2024-09-15,16:12:34,-04:00,2024-09-15T16:12:34-04:00,1,18
src\routes\assignments\a4\+page.svelte,637,css,f94476fb,Jin G,2024-09-15,16:12:34,-04:00,2024-09-15T16:12:34-04:00,0,0
src\routes\assignments\a4\+page.svelte,638,css,f94476fb,Jin G,2024-09-15,16:12:34,-04:00,2024-09-15T16:12:34-04:00,0,0
src\routes\assignments\a4\+page.svelte,639,css,f94476fb,Jin G,2024-09-15,16:12:34,-04:00,2024-09-15T16:12:34-04:00,0,7
src\routes\assignments\a4\+page.svelte,640,css,f94476fb,Jin G,2024-09-15,16:12:34,-04:00,2024-09-15T16:12:34-04:00,1,48
src\routes\assignments\a4\+page.svelte,641,css,f94476fb,Jin G,2024-09-15,16:12:34,-04:00,2024-09-15T16:12:34-04:00,1,20
src\routes\assignments\a4\+page.svelte,642,css,f94476fb,Jin G,2024-09-15,16:12:34,-04:00,2024-09-15T16:12:34-04:00,0,0
src\routes\assignments\a4\+page.svelte,643,css,f94476fb,Jin G,2024-09-15,16:12:34,-04:00,2024-09-15T16:12:34-04:00,0,0
src\routes\assignments\a4\+page.svelte,644,css,f94476fb,Jin G,2024-09-15,16:12:34,-04:00,2024-09-15T16:12:34-04:00,0,3
src\routes\assignments\a4\+page.svelte,645,css,f94476fb,Jin G,2024-09-15,16:12:34,-04:00,2024-09-15T16:12:34-04:00,1,23
src\routes\assignments\a4\+page.svelte,646,css,e23a9043,Jin G,2024-09-16,00:27:49,-04:00,2024-09-16T00:27:49-04:00,1,48
src\routes\assignments\a4\+page.svelte,647,css,f94476fb,Jin G,2024-09-15,16:12:34,-04:00,2024-09-15T16:12:34-04:00,1,16
src\routes\assignments\a4\+page.svelte,648,css,f94476fb,Jin G,2024-09-15,16:12:34,-04:00,2024-09-15T16:12:34-04:00,0,0
src\routes\assignments\a4\+page.svelte,649,css,f94476fb,Jin G,2024-09-15,16:12:34,-04:00,2024-09-15T16:12:34-04:00,1,6
src\routes\assignments\a4\+page.svelte,650,css,f94476fb,Jin G,2024-09-15,16:12:34,-04:00,2024-09-15T16:12:34-04:00,2,14
src\routes\assignments\a4\+page.svelte,651,css,f94476fb,Jin G,2024-09-15,16:12:34,-04:00,2024-09-15T16:12:34-04:00,2,18
src\routes\assignments\a4\+page.svelte,652,css,f94476fb,Jin G,2024-09-15,16:12:34,-04:00,2024-09-15T16:12:34-04:00,2,18
src\routes\assignments\a4\+page.svelte,653,css,f94476fb,Jin G,2024-09-15,16:12:34,-04:00,2024-09-15T16:12:34-04:00,2,19
src\routes\assignments\a4\+page.svelte,654,css,f94476fb,Jin G,2024-09-15,16:12:34,-04:00,2024-09-15T16:12:34-04:00,2,12
src\routes\assignments\a4\+page.svelte,655,css,f94476fb,Jin G,2024-09-15,16:12:34,-04:00,2024-09-15T16:12:34-04:00,2,35
src\routes\assignments\a4\+page.svelte,656,css,f94476fb,Jin G,2024-09-15,16:12:34,-04:00,2024-09-15T16:12:34-04:00,2,14
src\routes\assignments\a4\+page.svelte,657,css,f94476fb,Jin G,2024-09-15,16:12:34,-04:00,2024-09-15T16:12:34-04:00,2,25
src\routes\assignments\a4\+page.svelte,658,css,f94476fb,Jin G,2024-09-15,16:12:34,-04:00,2024-09-15T16:12:34-04:00,2,19
src\routes\assignments\a4\+page.svelte,659,css,f94476fb,Jin G,2024-09-15,16:12:34,-04:00,2024-09-15T16:12:34-04:00,1,0
src\routes\assignments\a4\+page.svelte,660,css,f94476fb,Jin G,2024-09-15,16:12:34,-04:00,2024-09-15T16:12:34-04:00,0,0
src\routes\assignments\a4\+page.svelte,661,css,f94476fb,Jin G,2024-09-15,16:12:34,-04:00,2024-09-15T16:12:34-04:00,0,0
src\routes\assignments\a4\+page.svelte,662,css,f94476fb,Jin G,2024-09-15,16:12:34,-04:00,2024-09-15T16:12:34-04:00,0,3
src\routes\assignments\a4\+page.svelte,663,css,f94476fb,Jin G,2024-09-15,16:12:34,-04:00,2024-09-15T16:12:34-04:00,1,15
src\routes\assignments\a4\+page.svelte,664,css,f94476fb,Jin G,2024-09-15,16:12:34,-04:00,2024-09-15T16:12:34-04:00,1,30
src\routes\assignments\a4\+page.svelte,665,css,f94476fb,Jin G,2024-09-15,16:12:34,-04:00,2024-09-15T16:12:34-04:00,0,0
src\routes\assignments\a4\+page.svelte,666,css,f94476fb,Jin G,2024-09-15,16:12:34,-04:00,2024-09-15T16:12:34-04:00,0,0
src\routes\assignments\a4\+page.svelte,667,css,f94476fb,Jin G,2024-09-15,16:12:34,-04:00,2024-09-15T16:12:34-04:00,0,3
src\routes\assignments\a4\+page.svelte,668,css,f94476fb,Jin G,2024-09-15,16:12:34,-04:00,2024-09-15T16:12:34-04:00,0,15
src\routes\assignments\a4\+page.svelte,669,css,f94476fb,Jin G,2024-09-15,16:12:34,-04:00,2024-09-15T16:12:34-04:00,1,15
src\routes\assignments\a4\+page.svelte,670,css,f94476fb,Jin G,2024-09-15,16:12:34,-04:00,2024-09-15T16:12:34-04:00,0,0
src\routes\assignments\a4\+page.svelte,671,css,f94476fb,Jin G,2024-09-15,16:12:34,-04:00,2024-09-15T16:12:34-04:00,0,0
src\routes\assignments\a4\+page.svelte,672,css,f94476fb,Jin G,2024-09-15,16:12:34,-04:00,2024-09-15T16:12:34-04:00,0,4
src\routes\assignments\a4\+page.svelte,673,css,f94476fb,Jin G,2024-09-15,16:12:34,-04:00,2024-09-15T16:12:34-04:00,1,14
src\routes\assignments\a4\+page.svelte,674,css,f94476fb,Jin G,2024-09-15,16:12:34,-04:00,2024-09-15T16:12:34-04:00,0,0
src\routes\assignments\a4\+page.svelte,675,css,f94476fb,Jin G,2024-09-15,16:12:34,-04:00,2024-09-15T16:12:34-04:00,0,0
src\routes\assignments\a4\+page.svelte,676,css,f94476fb,Jin G,2024-09-15,16:12:34,-04:00,2024-09-15T16:12:34-04:00,0,10
src\routes\assignments\a4\+page.svelte,677,css,f94476fb,Jin G,2024-09-15,16:12:34,-04:00,2024-09-15T16:12:34-04:00,0,0
src\routes\assignments\a4\+page.svelte,678,css,f94476fb,Jin G,2024-09-15,16:12:34,-04:00,2024-09-15T16:12:34-04:00,0,7
src\routes\assignments\a4\+page.svelte,679,css,f94476fb,Jin G,2024-09-15,16:12:34,-04:00,2024-09-15T16:12:34-04:00,1,25
src\routes\assignments\a4\+page.svelte,680,css,f94476fb,Jin G,2024-09-15,16:12:34,-04:00,2024-09-15T16:12:34-04:00,0,0
src\routes\assignments\a4\+page.svelte,681,css,f94476fb,Jin G,2024-09-15,16:12:34,-04:00,2024-09-15T16:12:34-04:00,0,0
src\routes\assignments\a4\+page.svelte,682,css,f94476fb,Jin G,2024-09-15,16:12:34,-04:00,2024-09-15T16:12:34-04:00,0,3
src\routes\assignments\a4\+page.svelte,683,css,f94476fb,Jin G,2024-09-15,16:12:34,-04:00,2024-09-15T16:12:34-04:00,1,10
src\routes\assignments\a4\+page.svelte,684,css,f94476fb,Jin G,2024-09-15,16:12:34,-04:00,2024-09-15T16:12:34-04:00,2,30
src\routes\assignments\a4\+page.svelte,685,css,f94476fb,Jin G,2024-09-15,16:12:34,-04:00,2024-09-15T16:12:34-04:00,1,0
src\routes\assignments\a4\+page.svelte,686,css,f94476fb,Jin G,2024-09-15,16:12:34,-04:00,2024-09-15T16:12:34-04:00,0,0
src\routes\assignments\a4\+page.svelte,687,css,f94476fb,Jin G,2024-09-15,16:12:34,-04:00,2024-09-15T16:12:34-04:00,2,16
src\routes\assignments\a4\+page.svelte,688,css,f94476fb,Jin G,2024-09-15,16:12:34,-04:00,2024-09-15T16:12:34-04:00,0,0
src\routes\assignments\a4\+page.svelte,689,css,f94476fb,Jin G,2024-09-15,16:12:34,-04:00,2024-09-15T16:12:34-04:00,0,0
src\routes\assignments\a4\+page.svelte,690,css,f94476fb,Jin G,2024-09-15,16:12:34,-04:00,2024-09-15T16:12:34-04:00,0,0
src\routes\assignments\a4\+page.svelte,691,css,f94476fb,Jin G,2024-09-15,16:12:34,-04:00,2024-09-15T16:12:34-04:00,0,24
src\routes\assignments\a4\+page.svelte,692,css,f94476fb,Jin G,2024-09-15,16:12:34,-04:00,2024-09-15T16:12:34-04:00,0,0
src\routes\assignments\a4\+page.svelte,693,css,f94476fb,Jin G,2024-09-15,16:12:34,-04:00,2024-09-15T16:12:34-04:00,0,7
src\routes\assignments\a4\+page.svelte,694,css,f94476fb,Jin G,2024-09-15,16:12:34,-04:00,2024-09-15T16:12:34-04:00,1,18
src\routes\assignments\a4\+page.svelte,695,css,f94476fb,Jin G,2024-09-15,16:12:34,-04:00,2024-09-15T16:12:34-04:00,1,18
src\routes\assignments\a4\+page.svelte,696,css,f94476fb,Jin G,2024-09-15,16:12:34,-04:00,2024-09-15T16:12:34-04:00,0,0
src\routes\assignments\a4\+page.svelte,697,css,f94476fb,Jin G,2024-09-15,16:12:34,-04:00,2024-09-15T16:12:34-04:00,0,0
src\routes\assignments\a4\+page.svelte,698,css,f94476fb,Jin G,2024-09-15,16:12:34,-04:00,2024-09-15T16:12:34-04:00,0,5
src\routes\assignments\a4\+page.svelte,699,css,f94476fb,Jin G,2024-09-15,16:12:34,-04:00,2024-09-15T16:12:34-04:00,1,17
src\routes\assignments\a4\+page.svelte,700,css,f94476fb,Jin G,2024-09-15,16:12:34,-04:00,2024-09-15T16:12:34-04:00,1,30
src\routes\assignments\a4\+page.svelte,701,css,f94476fb,Jin G,2024-09-15,16:12:34,-04:00,2024-09-15T16:12:34-04:00,1,19
src\routes\assignments\a4\+page.svelte,702,css,f94476fb,Jin G,2024-09-15,16:12:34,-04:00,2024-09-15T16:12:34-04:00,1,20
src\routes\assignments\a4\+page.svelte,703,css,f94476fb,Jin G,2024-09-15,16:12:34,-04:00,2024-09-15T16:12:34-04:00,0,72
src\routes\assignments\a4\+page.svelte,704,css,f94476fb,Jin G,2024-09-15,16:12:34,-04:00,2024-09-15T16:12:34-04:00,0,15
src\routes\assignments\a4\+page.svelte,705,css,f94476fb,Jin G,2024-09-15,16:12:34,-04:00,2024-09-15T16:12:34-04:00,0,0
src\routes\assignments\a4\+page.svelte,706,css,f94476fb,Jin G,2024-09-15,16:12:34,-04:00,2024-09-15T16:12:34-04:00,0,0
src\routes\assignments\a4\+page.svelte,707,css,f94476fb,Jin G,2024-09-15,16:12:34,-04:00,2024-09-15T16:12:34-04:00,0,0
src\routes\assignments\a4\+page.svelte,708,css,f94476fb,Jin G,2024-09-15,16:12:34,-04:00,2024-09-15T16:12:34-04:00,0,12
src\routes\assignments\a4\+page.svelte,709,css,f94476fb,Jin G,2024-09-15,16:12:34,-04:00,2024-09-15T16:12:34-04:00,0,0
src\routes\assignments\a4\+page.svelte,710,css,f94476fb,Jin G,2024-09-15,16:12:34,-04:00,2024-09-15T16:12:34-04:00,0,7
src\routes\assignments\a4\+page.svelte,711,css,f94476fb,Jin G,2024-09-15,16:12:34,-04:00,2024-09-15T16:12:34-04:00,0,13
src\routes\assignments\a4\+page.svelte,712,css,f94476fb,Jin G,2024-09-15,16:12:34,-04:00,2024-09-15T16:12:34-04:00,0,14
src\routes\assignments\a4\+page.svelte,713,css,f94476fb,Jin G,2024-09-15,16:12:34,-04:00,2024-09-15T16:12:34-04:00,0,20
src\routes\assignments\a4\+page.svelte,714,css,f94476fb,Jin G,2024-09-15,16:12:34,-04:00,2024-09-15T16:12:34-04:00,0,41
src\routes\assignments\a4\+page.svelte,715,css,f94476fb,Jin G,2024-09-15,16:12:34,-04:00,2024-09-15T16:12:34-04:00,0,47
src\routes\assignments\a4\+page.svelte,716,css,f94476fb,Jin G,2024-09-15,16:12:34,-04:00,2024-09-15T16:12:34-04:00,0,18
src\routes\assignments\a4\+page.svelte,717,css,f94476fb,Jin G,2024-09-15,16:12:34,-04:00,2024-09-15T16:12:34-04:00,0,17
src\routes\assignments\a4\+page.svelte,718,css,f94476fb,Jin G,2024-09-15,16:12:34,-04:00,2024-09-15T16:12:34-04:00,0,17
src\routes\assignments\a4\+page.svelte,719,css,f94476fb,Jin G,2024-09-15,16:12:34,-04:00,2024-09-15T16:12:34-04:00,0,0
src\routes\assignments\a4\+page.svelte,720,css,f94476fb,Jin G,2024-09-15,16:12:34,-04:00,2024-09-15T16:12:34-04:00,0,0
src\routes\assignments\a4\+page.svelte,721,css,f94476fb,Jin G,2024-09-15,16:12:34,-04:00,2024-09-15T16:12:34-04:00,0,45
src\routes\assignments\a4\+page.svelte,722,css,f94476fb,Jin G,2024-09-15,16:12:34,-04:00,2024-09-15T16:12:34-04:00,0,15
src\routes\assignments\a4\+page.svelte,723,css,f94476fb,Jin G,2024-09-15,16:12:34,-04:00,2024-09-15T16:12:34-04:00,0,12
src\routes\assignments\a4\+page.svelte,724,css,f94476fb,Jin G,2024-09-15,16:12:34,-04:00,2024-09-15T16:12:34-04:00,0,0
src\routes\assignments\a4\+page.svelte,725,css,f94476fb,Jin G,2024-09-15,16:12:34,-04:00,2024-09-15T16:12:34-04:00,0,0
src\routes\assignments\a4\+page.svelte,726,css,f94476fb,Jin G,2024-09-15,16:12:34,-04:00,2024-09-15T16:12:34-04:00,0,0
src\routes\assignments\a4\+page.svelte,727,css,f94476fb,Jin G,2024-09-15,16:12:34,-04:00,2024-09-15T16:12:34-04:00,0,0
src\routes\assignments\a4\+page.svelte,728,css,f94476fb,Jin G,2024-09-15,16:12:34,-04:00,2024-09-15T16:12:34-04:00,0,20
src\routes\assignments\a4\+page.svelte,729,css,f94476fb,Jin G,2024-09-15,16:12:34,-04:00,2024-09-15T16:12:34-04:00,0,30
src\routes\assignments\a4\+page.svelte,730,css,f94476fb,Jin G,2024-09-15,16:12:34,-04:00,2024-09-15T16:12:34-04:00,0,35
src\routes\assignments\a4\+page.svelte,731,css,f94476fb,Jin G,2024-09-15,16:12:34,-04:00,2024-09-15T16:12:34-04:00,0,14
src\routes\assignments\a4\+page.svelte,732,css,f94476fb,Jin G,2024-09-15,16:12:34,-04:00,2024-09-15T16:12:34-04:00,0,14
src\routes\assignments\a4\+page.svelte,733,css,f94476fb,Jin G,2024-09-15,16:12:34,-04:00,2024-09-15T16:12:34-04:00,0,17
src\routes\assignments\a4\+page.svelte,734,css,f94476fb,Jin G,2024-09-15,16:12:34,-04:00,2024-09-15T16:12:34-04:00,0,25
src\routes\assignments\a4\+page.svelte,735,css,f94476fb,Jin G,2024-09-15,16:12:34,-04:00,2024-09-15T16:12:34-04:00,0,18
src\routes\assignments\a4\+page.svelte,736,css,f94476fb,Jin G,2024-09-15,16:12:34,-04:00,2024-09-15T16:12:34-04:00,0,0
src\routes\assignments\a4\+page.svelte,737,css,f94476fb,Jin G,2024-09-15,16:12:34,-04:00,2024-09-15T16:12:34-04:00,0,0
src\routes\assignments\a4\+page.svelte,738,css,f94476fb,Jin G,2024-09-15,16:12:34,-04:00,2024-09-15T16:12:34-04:00,0,28
src\routes\assignments\a4\+page.svelte,739,css,f94476fb,Jin G,2024-09-15,16:12:34,-04:00,2024-09-15T16:12:34-04:00,0,39
src\routes\assignments\a4\+page.svelte,740,css,f94476fb,Jin G,2024-09-15,16:12:34,-04:00,2024-09-15T16:12:34-04:00,0,17
src\routes\assignments\a4\+page.svelte,741,css,f94476fb,Jin G,2024-09-15,16:12:34,-04:00,2024-09-15T16:12:34-04:00,0,30
src\routes\assignments\a4\+page.svelte,742,css,f94476fb,Jin G,2024-09-15,16:12:34,-04:00,2024-09-15T16:12:34-04:00,0,0
src\routes\assignments\a4\+page.svelte,743,css,f94476fb,Jin G,2024-09-15,16:12:34,-04:00,2024-09-15T16:12:34-04:00,0,0
src\routes\assignments\a4\+page.svelte,744,css,f94476fb,Jin G,2024-09-15,16:12:34,-04:00,2024-09-15T16:12:34-04:00,0,51
src\routes\assignments\a4\+page.svelte,745,css,f94476fb,Jin G,2024-09-15,16:12:34,-04:00,2024-09-15T16:12:34-04:00,0,14
src\routes\assignments\a4\+page.svelte,746,css,f94476fb,Jin G,2024-09-15,16:12:34,-04:00,2024-09-15T16:12:34-04:00,0,26
src\routes\assignments\a4\+page.svelte,747,css,f94476fb,Jin G,2024-09-15,16:12:34,-04:00,2024-09-15T16:12:34-04:00,0,71
src\routes\assignments\a4\+page.svelte,748,css,f94476fb,Jin G,2024-09-15,16:12:34,-04:00,2024-09-15T16:12:34-04:00,0,0
src\routes\assignments\a4\+page.svelte,749,css,f94476fb,Jin G,2024-09-15,16:12:34,-04:00,2024-09-15T16:12:34-04:00,0,0
src\routes\assignments\a4\+page.svelte,750,css,f94476fb,Jin G,2024-09-15,16:12:34,-04:00,2024-09-15T16:12:34-04:00,0,0
src\routes\assignments\a4\+page.svelte,751,css,f94476fb,Jin G,2024-09-15,16:12:34,-04:00,2024-09-15T16:12:34-04:00,0,18
src\routes\assignments\a4\+page.svelte,752,css,f94476fb,Jin G,2024-09-15,16:12:34,-04:00,2024-09-15T16:12:34-04:00,0,13
src\routes\assignments\a4\+page.svelte,753,css,f94476fb,Jin G,2024-09-15,16:12:34,-04:00,2024-09-15T16:12:34-04:00,0,14
src\routes\assignments\a4\+page.svelte,754,css,f94476fb,Jin G,2024-09-15,16:12:34,-04:00,2024-09-15T16:12:34-04:00,0,14
src\routes\assignments\a4\+page.svelte,755,css,f94476fb,Jin G,2024-09-15,16:12:34,-04:00,2024-09-15T16:12:34-04:00,1,30
src\routes\assignments\a4\+page.svelte,756,css,f94476fb,Jin G,2024-09-15,16:12:34,-04:00,2024-09-15T16:12:34-04:00,0,27
src\routes\assignments\a4\+page.svelte,757,css,f94476fb,Jin G,2024-09-15,16:12:34,-04:00,2024-09-15T16:12:34-04:00,0,16
src\routes\assignments\a4\+page.svelte,758,css,f94476fb,Jin G,2024-09-15,16:12:34,-04:00,2024-09-15T16:12:34-04:00,0,19
src\routes\assignments\a4\+page.svelte,759,css,f94476fb,Jin G,2024-09-15,16:12:34,-04:00,2024-09-15T16:12:34-04:00,0,16
src\routes\assignments\a4\+page.svelte,760,css,f94476fb,Jin G,2024-09-15,16:12:34,-04:00,2024-09-15T16:12:34-04:00,0,17
src\routes\assignments\a4\+page.svelte,761,css,f94476fb,Jin G,2024-09-15,16:12:34,-04:00,2024-09-15T16:12:34-04:00,0,18
src\routes\assignments\a4\+page.svelte,762,css,f94476fb,Jin G,2024-09-15,16:12:34,-04:00,2024-09-15T16:12:34-04:00,0,0
src\routes\assignments\a4\+page.svelte,763,css,f94476fb,Jin G,2024-09-15,16:12:34,-04:00,2024-09-15T16:12:34-04:00,0,0
src\routes\assignments\a4\+page.svelte,764,css,f94476fb,Jin G,2024-09-15,16:12:34,-04:00,2024-09-15T16:12:34-04:00,0,8
src\routes\assignments\a4\+page.svelte,765,css,f94476fb,Jin G,2024-09-15,16:12:34,-04:00,2024-09-15T16:12:34-04:00,0,8
src\routes\assignments\a4\+page.svelte,766,css,f94476fb,Jin G,2024-09-15,16:12:34,-04:00,2024-09-15T16:12:34-04:00,0,9
src\routes\assignments\a4\+page.svelte,767,css,f94476fb,Jin G,2024-09-15,16:12:34,-04:00,2024-09-15T16:12:34-04:00,0,14
src\routes\assignments\a4\+page.svelte,768,css,f94476fb,Jin G,2024-09-15,16:12:34,-04:00,2024-09-15T16:12:34-04:00,0,17
src\routes\assignments\a4\+page.svelte,769,css,f94476fb,Jin G,2024-09-15,16:12:34,-04:00,2024-09-15T16:12:34-04:00,0,18
src\routes\assignments\a4\+page.svelte,770,css,f94476fb,Jin G,2024-09-15,16:12:34,-04:00,2024-09-15T16:12:34-04:00,0,0
src\routes\assignments\a4\+page.svelte,771,css,f94476fb,Jin G,2024-09-15,16:12:34,-04:00,2024-09-15T16:12:34-04:00,0,0
src\routes\assignments\a4\+page.svelte,772,css,f94476fb,Jin G,2024-09-15,16:12:34,-04:00,2024-09-15T16:12:34-04:00,0,37
src\routes\assignments\a4\+page.svelte,773,css,f94476fb,Jin G,2024-09-15,16:12:34,-04:00,2024-09-15T16:12:34-04:00,0,23
src\routes\assignments\a4\+page.svelte,774,css,f94476fb,Jin G,2024-09-15,16:12:34,-04:00,2024-09-15T16:12:34-04:00,0,23
src\routes\assignments\a4\+page.svelte,775,css,f94476fb,Jin G,2024-09-15,16:12:34,-04:00,2024-09-15T16:12:34-04:00,0,23
src\routes\assignments\a4\+page.svelte,776,css,f94476fb,Jin G,2024-09-15,16:12:34,-04:00,2024-09-15T16:12:34-04:00,0,24
src\routes\assignments\a4\+page.svelte,777,css,f94476fb,Jin G,2024-09-15,16:12:34,-04:00,2024-09-15T16:12:34-04:00,0,25
src\routes\assignments\a4\+page.svelte,778,css,f94476fb,Jin G,2024-09-15,16:12:34,-04:00,2024-09-15T16:12:34-04:00,0,0
src\routes\assignments\a4\+page.svelte,779,css,f94476fb,Jin G,2024-09-15,16:12:34,-04:00,2024-09-15T16:12:34-04:00,0,0
src\routes\assignments\a4\+page.svelte,780,css,f94476fb,Jin G,2024-09-15,16:12:34,-04:00,2024-09-15T16:12:34-04:00,0,58
src\routes\assignments\a4\+page.svelte,781,css,f94476fb,Jin G,2024-09-15,16:12:34,-04:00,2024-09-15T16:12:34-04:00,0,26
src\routes\assignments\a4\+page.svelte,782,css,f94476fb,Jin G,2024-09-15,16:12:34,-04:00,2024-09-15T16:12:34-04:00,0,8
src\routes\assignments\a4\+page.svelte,783,css,f94476fb,Jin G,2024-09-15,16:12:34,-04:00,2024-09-15T16:12:34-04:00,0,8
src\routes\assignments\a4\+page.svelte,784,css,f94476fb,Jin G,2024-09-15,16:12:34,-04:00,2024-09-15T16:12:34-04:00,0,9
src\routes\assignments\a4\+page.svelte,785,css,f94476fb,Jin G,2024-09-15,16:12:34,-04:00,2024-09-15T16:12:34-04:00,0,63
src\routes\assignments\a4\+page.svelte,786,css,f94476fb,Jin G,2024-09-15,16:12:34,-04:00,2024-09-15T16:12:34-04:00,0,0
src\routes\assignments\a4\+page.svelte,787,css,f94476fb,Jin G,2024-09-15,16:12:34,-04:00,2024-09-15T16:12:34-04:00,0,0
src\routes\assignments\a4\+page.svelte,788,css,f94476fb,Jin G,2024-09-15,16:12:34,-04:00,2024-09-15T16:12:34-04:00,0,0
src\routes\assignments\a4\+page.svelte,789,css,f94476fb,Jin G,2024-09-15,16:12:34,-04:00,2024-09-15T16:12:34-04:00,0,0
src\routes\assignments\a4\+page.svelte,790,css,f94476fb,Jin G,2024-09-15,16:12:34,-04:00,2024-09-15T16:12:34-04:00,0,13
src\routes\assignments\a4\+page.svelte,791,css,f94476fb,Jin G,2024-09-15,16:12:34,-04:00,2024-09-15T16:12:34-04:00,0,18
src\routes\assignments\a4\+page.svelte,792,css,f94476fb,Jin G,2024-09-15,16:12:34,-04:00,2024-09-15T16:12:34-04:00,0,15
src\routes\assignments\a4\+page.svelte,793,css,f94476fb,Jin G,2024-09-15,16:12:34,-04:00,2024-09-15T16:12:34-04:00,0,0
src\routes\assignments\a4\+page.svelte,794,svelte,f94476fb,Jin G,2024-09-15,16:12:34,-04:00,2024-09-15T16:12:34-04:00,0,7
src\routes\assignments\a3\+page.svelte,1,svelte,f94476fb,Jin G,2024-09-15,16:12:34,-04:00,2024-09-15T16:12:34-04:00,0,12
src\routes\assignments\a3\+page.svelte,2,svelte,f94476fb,Jin G,2024-09-15,16:12:34,-04:00,2024-09-15T16:12:34-04:00,0,26
src\routes\assignments\a3\+page.svelte,3,svelte,f94476fb,Jin G,2024-09-15,16:12:34,-04:00,2024-09-15T16:12:34-04:00,0,13
src\routes\assignments\a3\+page.svelte,4,svelte,f94476fb,Jin G,2024-09-15,16:12:34,-04:00,2024-09-15T16:12:34-04:00,0,0
src\routes\assignments\a3\+page.svelte,5,svelte,f94476fb,Jin G,2024-09-15,16:12:34,-04:00,2024-09-15T16:12:34-04:00,0,0
src\routes\assignments\a3\+page.svelte,6,svelte,4358e736,Jin G,2024-09-18,15:37:52,-04:00,2024-09-18T15:37:52-04:00,0,7
src\routes\assignments\a3\+page.svelte,7,js,4358e736,Jin G,2024-09-18,15:37:52,-04:00,2024-09-18T15:37:52-04:00,0,33
src\routes\assignments\a3\+page.svelte,8,svelte,4358e736,Jin G,2024-09-18,15:37:52,-04:00,2024-09-18T15:37:52-04:00,0,8
src\routes\assignments\a3\+page.svelte,9,svelte,4358e736,Jin G,2024-09-18,15:37:52,-04:00,2024-09-18T15:37:52-04:00,0,0
src\routes\assignments\a3\+page.svelte,10,svelte,4358e736,Jin G,2024-09-18,15:37:52,-04:00,2024-09-18T15:37:52-04:00,0,0
src\routes\assignments\a3\+page.svelte,11,svelte,f94476fb,Jin G,2024-09-15,16:12:34,-04:00,2024-09-15T16:12:34-04:00,0,7
src\routes\assignments\a3\+page.svelte,12,svelte,f94476fb,Jin G,2024-09-15,16:12:34,-04:00,2024-09-15T16:12:34-04:00,0,3
src\routes\assignments\a3\+page.svelte,13,svelte,f94476fb,Jin G,2024-09-15,16:12:34,-04:00,2024-09-15T16:12:34-04:00,0,26
src\routes\assignments\a3\+page.svelte,14,svelte,f94476fb,Jin G,2024-09-15,16:12:34,-04:00,2024-09-15T16:12:34-04:00,0,19
src\routes\assignments\a3\+page.svelte,15,svelte,f94476fb,Jin G,2024-09-15,16:12:34,-04:00,2024-09-15T16:12:34-04:00,0,4
src\routes\assignments\a3\+page.svelte,16,svelte,f94476fb,Jin G,2024-09-15,16:12:34,-04:00,2024-09-15T16:12:34-04:00,0,0
src\routes\assignments\a3\+page.svelte,17,svelte,f94476fb,Jin G,2024-09-15,16:12:34,-04:00,2024-09-15T16:12:34-04:00,0,2
src\routes\assignments\a3\+page.svelte,18,svelte,f94476fb,Jin G,2024-09-15,16:12:34,-04:00,2024-09-15T16:12:34-04:00,0,49
src\routes\assignments\a3\+page.svelte,19,svelte,f94476fb,Jin G,2024-09-15,16:12:34,-04:00,2024-09-15T16:12:34-04:00,0,3
src\routes\assignments\a3\+page.svelte,20,svelte,f94476fb,Jin G,2024-09-15,16:12:34,-04:00,2024-09-15T16:12:34-04:00,0,8
src\routes\assignments\a3\+page.svelte,21,svelte,f94476fb,Jin G,2024-09-15,16:12:34,-04:00,2024-09-15T16:12:34-04:00,0,0
src\routes\assignments\a3\+page.svelte,22,svelte,f94476fb,Jin G,2024-09-15,16:12:34,-04:00,2024-09-15T16:12:34-04:00,0,5
src\routes\assignments\a3\+page.svelte,23,svelte,f94476fb,Jin G,2024-09-15,16:12:34,-04:00,2024-09-15T16:12:34-04:00,0,8
src\routes\assignments\a3\+page.svelte,24,svelte,f94476fb,Jin G,2024-09-15,16:12:34,-04:00,2024-09-15T16:12:34-04:00,0,43
src\routes\assignments\a3\+page.svelte,25,svelte,f94476fb,Jin G,2024-09-15,16:12:34,-04:00,2024-09-15T16:12:34-04:00,0,0
src\routes\assignments\a3\+page.svelte,26,svelte,f94476fb,Jin G,2024-09-15,16:12:34,-04:00,2024-09-15T16:12:34-04:00,0,35
src\routes\assignments\a3\+page.svelte,27,svelte,f94476fb,Jin G,2024-09-15,16:12:34,-04:00,2024-09-15T16:12:34-04:00,0,96
src\routes\assignments\a3\+page.svelte,28,svelte,f94476fb,Jin G,2024-09-15,16:12:34,-04:00,2024-09-15T16:12:34-04:00,0,0
src\routes\assignments\a3\+page.svelte,29,svelte,f94476fb,Jin G,2024-09-15,16:12:34,-04:00,2024-09-15T16:12:34-04:00,0,20
src\routes\assignments\a3\+page.svelte,30,svelte,f94476fb,Jin G,2024-09-15,16:12:34,-04:00,2024-09-15T16:12:34-04:00,0,2
src\routes\assignments\a3\+page.svelte,31,svelte,f94476fb,Jin G,2024-09-15,16:12:34,-04:00,2024-09-15T16:12:34-04:00,0,320
src\routes\assignments\a3\+page.svelte,32,svelte,f94476fb,Jin G,2024-09-15,16:12:34,-04:00,2024-09-15T16:12:34-04:00,0,3
src\routes\assignments\a3\+page.svelte,33,svelte,f94476fb,Jin G,2024-09-15,16:12:34,-04:00,2024-09-15T16:12:34-04:00,0,0
src\routes\assignments\a3\+page.svelte,34,svelte,f94476fb,Jin G,2024-09-15,16:12:34,-04:00,2024-09-15T16:12:34-04:00,0,2
src\routes\assignments\a3\+page.svelte,35,svelte,f94476fb,Jin G,2024-09-15,16:12:34,-04:00,2024-09-15T16:12:34-04:00,0,349
src\routes\assignments\a3\+page.svelte,36,svelte,f94476fb,Jin G,2024-09-15,16:12:34,-04:00,2024-09-15T16:12:34-04:00,0,3
src\routes\assignments\a3\+page.svelte,37,svelte,f94476fb,Jin G,2024-09-15,16:12:34,-04:00,2024-09-15T16:12:34-04:00,0,0
src\routes\assignments\a3\+page.svelte,38,svelte,f94476fb,Jin G,2024-09-15,16:12:34,-04:00,2024-09-15T16:12:34-04:00,0,2
src\routes\assignments\a3\+page.svelte,39,svelte,f94476fb,Jin G,2024-09-15,16:12:34,-04:00,2024-09-15T16:12:34-04:00,0,189
src\routes\assignments\a3\+page.svelte,40,svelte,f94476fb,Jin G,2024-09-15,16:12:34,-04:00,2024-09-15T16:12:34-04:00,0,3
src\routes\assignments\a3\+page.svelte,41,svelte,f94476fb,Jin G,2024-09-15,16:12:34,-04:00,2024-09-15T16:12:34-04:00,0,0
src\routes\assignments\a3\+page.svelte,42,svelte,f94476fb,Jin G,2024-09-15,16:12:34,-04:00,2024-09-15T16:12:34-04:00,0,3
src\routes\assignments\a3\+page.svelte,43,svelte,f94476fb,Jin G,2024-09-15,16:12:34,-04:00,2024-09-15T16:12:34-04:00,0,59
src\routes\assignments\a3\+page.svelte,44,svelte,f94476fb,Jin G,2024-09-15,16:12:34,-04:00,2024-09-15T16:12:34-04:00,0,88
src\routes\assignments\a3\+page.svelte,45,svelte,f94476fb,Jin G,2024-09-15,16:12:34,-04:00,2024-09-15T16:12:34-04:00,0,4
src\routes\assignments\a3\+page.svelte,46,svelte,f94476fb,Jin G,2024-09-15,16:12:34,-04:00,2024-09-15T16:12:34-04:00,0,0
src\routes\assignments\a3\+page.svelte,47,svelte,f94476fb,Jin G,2024-09-15,16:12:34,-04:00,2024-09-15T16:12:34-04:00,0,17
src\routes\assignments\a3\+page.svelte,48,svelte,f94476fb,Jin G,2024-09-15,16:12:34,-04:00,2024-09-15T16:12:34-04:00,0,2
src\routes\assignments\a3\+page.svelte,49,svelte,f94476fb,Jin G,2024-09-15,16:12:34,-04:00,2024-09-15T16:12:34-04:00,0,468
src\routes\assignments\a3\+page.svelte,50,svelte,f94476fb,Jin G,2024-09-15,16:12:34,-04:00,2024-09-15T16:12:34-04:00,0,3
src\routes\assignments\a3\+page.svelte,51,svelte,f94476fb,Jin G,2024-09-15,16:12:34,-04:00,2024-09-15T16:12:34-04:00,0,0
src\routes\assignments\a3\+page.svelte,52,svelte,f94476fb,Jin G,2024-09-15,16:12:34,-04:00,2024-09-15T16:12:34-04:00,0,17
src\routes\assignments\a3\+page.svelte,53,svelte,f94476fb,Jin G,2024-09-15,16:12:34,-04:00,2024-09-15T16:12:34-04:00,0,2
src\routes\assignments\a3\+page.svelte,54,svelte,f94476fb,Jin G,2024-09-15,16:12:34,-04:00,2024-09-15T16:12:34-04:00,0,353
src\routes\assignments\a3\+page.svelte,55,svelte,f94476fb,Jin G,2024-09-15,16:12:34,-04:00,2024-09-15T16:12:34-04:00,0,3
src\routes\assignments\a3\+page.svelte,56,svelte,f94476fb,Jin G,2024-09-15,16:12:34,-04:00,2024-09-15T16:12:34-04:00,0,0
src\routes\assignments\a3\+page.svelte,57,svelte,f94476fb,Jin G,2024-09-15,16:12:34,-04:00,2024-09-15T16:12:34-04:00,0,17
src\routes\assignments\a3\+page.svelte,58,svelte,f94476fb,Jin G,2024-09-15,16:12:34,-04:00,2024-09-15T16:12:34-04:00,0,2
src\routes\assignments\a3\+page.svelte,59,svelte,f94476fb,Jin G,2024-09-15,16:12:34,-04:00,2024-09-15T16:12:34-04:00,0,376
src\routes\assignments\a3\+page.svelte,60,svelte,f94476fb,Jin G,2024-09-15,16:12:34,-04:00,2024-09-15T16:12:34-04:00,0,3
src\routes\assignments\a3\+page.svelte,61,svelte,f94476fb,Jin G,2024-09-15,16:12:34,-04:00,2024-09-15T16:12:34-04:00,0,0
src\routes\assignments\a3\+page.svelte,62,svelte,f94476fb,Jin G,2024-09-15,16:12:34,-04:00,2024-09-15T16:12:34-04:00,0,2
src\routes\assignments\a3\+page.svelte,63,svelte,f94476fb,Jin G,2024-09-15,16:12:34,-04:00,2024-09-15T16:12:34-04:00,0,176
src\routes\assignments\a3\+page.svelte,64,svelte,f94476fb,Jin G,2024-09-15,16:12:34,-04:00,2024-09-15T16:12:34-04:00,0,3
src\routes\assignments\a3\+page.svelte,65,svelte,f94476fb,Jin G,2024-09-15,16:12:34,-04:00,2024-09-15T16:12:34-04:00,0,0
src\routes\assignments\a3\+page.svelte,66,svelte,f94476fb,Jin G,2024-09-15,16:12:34,-04:00,2024-09-15T16:12:34-04:00,0,7
src\routes\assignments\a3\+page.svelte,67,svelte,9d554aca,Jin G,2024-09-18,14:58:26,-04:00,2024-09-18T14:58:26-04:00,0,75
src\routes\assignments\a3\+page.svelte,68,svelte,f94476fb,Jin G,2024-09-15,16:12:34,-04:00,2024-09-15T16:12:34-04:00,0,11
src\routes\assignments\a3\+page.svelte,69,svelte,f94476fb,Jin G,2024-09-15,16:12:34,-04:00,2024-09-15T16:12:34-04:00,0,67
src\routes\assignments\a3\+page.svelte,70,svelte,f94476fb,Jin G,2024-09-15,16:12:34,-04:00,2024-09-15T16:12:34-04:00,0,12
src\routes\assignments\a3\+page.svelte,71,svelte,f94476fb,Jin G,2024-09-15,16:12:34,-04:00,2024-09-15T16:12:34-04:00,0,8
src\routes\assignments\a3\+page.svelte,72,svelte,f94476fb,Jin G,2024-09-15,16:12:34,-04:00,2024-09-15T16:12:34-04:00,0,0
src\routes\assignments\a3\+page.svelte,73,svelte,f94476fb,Jin G,2024-09-15,16:12:34,-04:00,2024-09-15T16:12:34-04:00,0,3
src\routes\assignments\a3\+page.svelte,74,svelte,f94476fb,Jin G,2024-09-15,16:12:34,-04:00,2024-09-15T16:12:34-04:00,0,29
src\routes\assignments\a3\+page.svelte,75,svelte,f94476fb,Jin G,2024-09-15,16:12:34,-04:00,2024-09-15T16:12:34-04:00,0,4
src\routes\assignments\a3\+page.svelte,76,svelte,f94476fb,Jin G,2024-09-15,16:12:34,-04:00,2024-09-15T16:12:34-04:00,0,0
src\routes\assignments\a3\+page.svelte,77,svelte,f94476fb,Jin G,2024-09-15,16:12:34,-04:00,2024-09-15T16:12:34-04:00,0,3
src\routes\assignments\a3\+page.svelte,78,svelte,f94476fb,Jin G,2024-09-15,16:12:34,-04:00,2024-09-15T16:12:34-04:00,0,187
src\routes\assignments\a3\+page.svelte,79,svelte,f94476fb,Jin G,2024-09-15,16:12:34,-04:00,2024-09-15T16:12:34-04:00,0,0
src\routes\assignments\a3\+page.svelte,80,svelte,9d554aca,Jin G,2024-09-18,14:58:26,-04:00,2024-09-18T14:58:26-04:00,0,89
src\routes\assignments\a3\+page.svelte,81,svelte,f94476fb,Jin G,2024-09-15,16:12:34,-04:00,2024-09-15T16:12:34-04:00,0,60
src\routes\assignments\a3\+page.svelte,82,svelte,f94476fb,Jin G,2024-09-15,16:12:34,-04:00,2024-09-15T16:12:34-04:00,0,4
src\routes\assignments\a3\+page.svelte,83,svelte,f94476fb,Jin G,2024-09-15,16:12:34,-04:00,2024-09-15T16:12:34-04:00,0,182
src\routes\assignments\a3\+page.svelte,84,svelte,f94476fb,Jin G,2024-09-15,16:12:34,-04:00,2024-09-15T16:12:34-04:00,0,187
src\routes\assignments\a3\+page.svelte,85,svelte,f94476fb,Jin G,2024-09-15,16:12:34,-04:00,2024-09-15T16:12:34-04:00,0,4
src\routes\assignments\a3\+page.svelte,86,svelte,f94476fb,Jin G,2024-09-15,16:12:34,-04:00,2024-09-15T16:12:34-04:00,0,0
src\routes\assignments\a3\+page.svelte,87,svelte,f94476fb,Jin G,2024-09-15,16:12:34,-04:00,2024-09-15T16:12:34-04:00,0,7
src\routes\assignments\a3\+page.svelte,88,svelte,9d554aca,Jin G,2024-09-18,14:58:26,-04:00,2024-09-18T14:58:26-04:00,0,75
src\routes\assignments\a3\+page.svelte,89,svelte,f94476fb,Jin G,2024-09-15,16:12:34,-04:00,2024-09-15T16:12:34-04:00,0,11
src\routes\assignments\a3\+page.svelte,90,svelte,f94476fb,Jin G,2024-09-15,16:12:34,-04:00,2024-09-15T16:12:34-04:00,0,71
src\routes\assignments\a3\+page.svelte,91,svelte,f94476fb,Jin G,2024-09-15,16:12:34,-04:00,2024-09-15T16:12:34-04:00,0,12
src\routes\assignments\a3\+page.svelte,92,svelte,f94476fb,Jin G,2024-09-15,16:12:34,-04:00,2024-09-15T16:12:34-04:00,0,8
src\routes\assignments\a3\+page.svelte,93,svelte,f94476fb,Jin G,2024-09-15,16:12:34,-04:00,2024-09-15T16:12:34-04:00,0,0
src\routes\assignments\a3\+page.svelte,94,svelte,f94476fb,Jin G,2024-09-15,16:12:34,-04:00,2024-09-15T16:12:34-04:00,0,3
src\routes\assignments\a3\+page.svelte,95,svelte,f94476fb,Jin G,2024-09-15,16:12:34,-04:00,2024-09-15T16:12:34-04:00,0,29
src\routes\assignments\a3\+page.svelte,96,svelte,f94476fb,Jin G,2024-09-15,16:12:34,-04:00,2024-09-15T16:12:34-04:00,0,4
src\routes\assignments\a3\+page.svelte,97,svelte,f94476fb,Jin G,2024-09-15,16:12:34,-04:00,2024-09-15T16:12:34-04:00,0,0
src\routes\assignments\a3\+page.svelte,98,svelte,f94476fb,Jin G,2024-09-15,16:12:34,-04:00,2024-09-15T16:12:34-04:00,0,3
src\routes\assignments\a3\+page.svelte,99,svelte,f94476fb,Jin G,2024-09-15,16:12:34,-04:00,2024-09-15T16:12:34-04:00,0,477
src\routes\assignments\a3\+page.svelte,100,svelte,f94476fb,Jin G,2024-09-15,16:12:34,-04:00,2024-09-15T16:12:34-04:00,0,355
src\routes\assignments\a3\+page.svelte,101,svelte,f94476fb,Jin G,2024-09-15,16:12:34,-04:00,2024-09-15T16:12:34-04:00,0,0
src\routes\assignments\a3\+page.svelte,102,svelte,9d554aca,Jin G,2024-09-18,14:58:26,-04:00,2024-09-18T14:58:26-04:00,0,84
src\routes\assignments\a3\+page.svelte,103,svelte,f94476fb,Jin G,2024-09-15,16:12:34,-04:00,2024-09-15T16:12:34-04:00,0,53
src\routes\assignments\a3\+page.svelte,104,svelte,f94476fb,Jin G,2024-09-15,16:12:34,-04:00,2024-09-15T16:12:34-04:00,0,4
src\routes\assignments\a3\+page.svelte,105,svelte,f94476fb,Jin G,2024-09-15,16:12:34,-04:00,2024-09-15T16:12:34-04:00,0,395
src\routes\assignments\a3\+page.svelte,106,svelte,f94476fb,Jin G,2024-09-15,16:12:34,-04:00,2024-09-15T16:12:34-04:00,0,136
src\routes\assignments\a3\+page.svelte,107,svelte,f94476fb,Jin G,2024-09-15,16:12:34,-04:00,2024-09-15T16:12:34-04:00,0,4
src\routes\assignments\a3\+page.svelte,108,svelte,f94476fb,Jin G,2024-09-15,16:12:34,-04:00,2024-09-15T16:12:34-04:00,0,0
src\routes\assignments\a3\+page.svelte,109,svelte,f94476fb,Jin G,2024-09-15,16:12:34,-04:00,2024-09-15T16:12:34-04:00,0,7
src\routes\assignments\a3\+page.svelte,110,svelte,9d554aca,Jin G,2024-09-18,14:58:26,-04:00,2024-09-18T14:58:26-04:00,0,75
src\routes\assignments\a3\+page.svelte,111,svelte,f94476fb,Jin G,2024-09-15,16:12:34,-04:00,2024-09-15T16:12:34-04:00,0,11
src\routes\assignments\a3\+page.svelte,112,svelte,f94476fb,Jin G,2024-09-15,16:12:34,-04:00,2024-09-15T16:12:34-04:00,0,107
src\routes\assignments\a3\+page.svelte,113,svelte,f94476fb,Jin G,2024-09-15,16:12:34,-04:00,2024-09-15T16:12:34-04:00,0,12
src\routes\assignments\a3\+page.svelte,114,svelte,f94476fb,Jin G,2024-09-15,16:12:34,-04:00,2024-09-15T16:12:34-04:00,0,8
src\routes\assignments\a3\+page.svelte,115,svelte,f94476fb,Jin G,2024-09-15,16:12:34,-04:00,2024-09-15T16:12:34-04:00,0,0
src\routes\assignments\a3\+page.svelte,116,svelte,f94476fb,Jin G,2024-09-15,16:12:34,-04:00,2024-09-15T16:12:34-04:00,0,3
src\routes\assignments\a3\+page.svelte,117,svelte,f94476fb,Jin G,2024-09-15,16:12:34,-04:00,2024-09-15T16:12:34-04:00,0,29
src\routes\assignments\a3\+page.svelte,118,svelte,f94476fb,Jin G,2024-09-15,16:12:34,-04:00,2024-09-15T16:12:34-04:00,0,4
src\routes\assignments\a3\+page.svelte,119,svelte,f94476fb,Jin G,2024-09-15,16:12:34,-04:00,2024-09-15T16:12:34-04:00,0,0
src\routes\assignments\a3\+page.svelte,120,svelte,f94476fb,Jin G,2024-09-15,16:12:34,-04:00,2024-09-15T16:12:34-04:00,0,31
src\routes\assignments\a3\+page.svelte,121,svelte,9d554aca,Jin G,2024-09-18,14:58:26,-04:00,2024-09-18T14:58:26-04:00,0,83
src\routes\assignments\a3\+page.svelte,122,svelte,f94476fb,Jin G,2024-09-15,16:12:34,-04:00,2024-09-15T16:12:34-04:00,0,0
src\routes\assignments\a3\+page.svelte,123,svelte,f94476fb,Jin G,2024-09-15,16:12:34,-04:00,2024-09-15T16:12:34-04:00,0,2
src\routes\assignments\a3\+page.svelte,124,svelte,f94476fb,Jin G,2024-09-15,16:12:34,-04:00,2024-09-15T16:12:34-04:00,0,349
src\routes\assignments\a3\+page.svelte,125,svelte,f94476fb,Jin G,2024-09-15,16:12:34,-04:00,2024-09-15T16:12:34-04:00,0,3
src\routes\assignments\a3\+page.svelte,126,svelte,f94476fb,Jin G,2024-09-15,16:12:34,-04:00,2024-09-15T16:12:34-04:00,0,3
src\routes\assignments\a3\+page.svelte,127,svelte,f94476fb,Jin G,2024-09-15,16:12:34,-04:00,2024-09-15T16:12:34-04:00,0,391
src\routes\assignments\a3\+page.svelte,128,svelte,f94476fb,Jin G,2024-09-15,16:12:34,-04:00,2024-09-15T16:12:34-04:00,0,382
src\routes\assignments\a3\+page.svelte,129,svelte,f94476fb,Jin G,2024-09-15,16:12:34,-04:00,2024-09-15T16:12:34-04:00,0,174
src\routes\assignments\a3\+page.svelte,130,svelte,f94476fb,Jin G,2024-09-15,16:12:34,-04:00,2024-09-15T16:12:34-04:00,0,315
src\routes\assignments\a3\+page.svelte,131,svelte,f94476fb,Jin G,2024-09-15,16:12:34,-04:00,2024-09-15T16:12:34-04:00,0,4
src\routes\assignments\a3\+page.svelte,132,svelte,f94476fb,Jin G,2024-09-15,16:12:34,-04:00,2024-09-15T16:12:34-04:00,0,0
src\routes\assignments\a3\+page.svelte,133,svelte,f94476fb,Jin G,2024-09-15,16:12:34,-04:00,2024-09-15T16:12:34-04:00,0,18
src\routes\assignments\a3\+page.svelte,134,svelte,f94476fb,Jin G,2024-09-15,16:12:34,-04:00,2024-09-15T16:12:34-04:00,0,0
src\routes\assignments\a3\+page.svelte,135,svelte,f94476fb,Jin G,2024-09-15,16:12:34,-04:00,2024-09-15T16:12:34-04:00,0,2
src\routes\assignments\a3\+page.svelte,136,svelte,f94476fb,Jin G,2024-09-15,16:12:34,-04:00,2024-09-15T16:12:34-04:00,0,1045
src\routes\assignments\a3\+page.svelte,137,svelte,f94476fb,Jin G,2024-09-15,16:12:34,-04:00,2024-09-15T16:12:34-04:00,0,3
src\routes\assignments\a3\+page.svelte,138,svelte,f94476fb,Jin G,2024-09-15,16:12:34,-04:00,2024-09-15T16:12:34-04:00,0,0
src\routes\assignments\a3\+page.svelte,139,svelte,f94476fb,Jin G,2024-09-15,16:12:34,-04:00,2024-09-15T16:12:34-04:00,0,9
src\routes\assignments\a3\+page.svelte,140,svelte,f94476fb,Jin G,2024-09-15,16:12:34,-04:00,2024-09-15T16:12:34-04:00,0,0
src\routes\assignments\a3\+page.svelte,141,svelte,f94476fb,Jin G,2024-09-15,16:12:34,-04:00,2024-09-15T16:12:34-04:00,0,8
src\routes\assignments\a3\+page.svelte,142,svelte,f94476fb,Jin G,2024-09-15,16:12:34,-04:00,2024-09-15T16:12:34-04:00,0,31
src\routes\assignments\a3\+page.svelte,143,svelte,f94476fb,Jin G,2024-09-15,16:12:34,-04:00,2024-09-15T16:12:34-04:00,0,0
src\routes\assignments\a3\+page.svelte,144,svelte,f94476fb,Jin G,2024-09-15,16:12:34,-04:00,2024-09-15T16:12:34-04:00,0,7
src\routes\assignments\a3\+page.svelte,145,svelte,9d554aca,Jin G,2024-09-18,14:58:26,-04:00,2024-09-18T14:58:26-04:00,0,61
src\routes\assignments\a3\+page.svelte,146,svelte,f94476fb,Jin G,2024-09-15,16:12:34,-04:00,2024-09-15T16:12:34-04:00,0,11
src\routes\assignments\a3\+page.svelte,147,svelte,f94476fb,Jin G,2024-09-15,16:12:34,-04:00,2024-09-15T16:12:34-04:00,0,89
src\routes\assignments\a3\+page.svelte,148,svelte,f94476fb,Jin G,2024-09-15,16:12:34,-04:00,2024-09-15T16:12:34-04:00,0,12
src\routes\assignments\a3\+page.svelte,149,svelte,f94476fb,Jin G,2024-09-15,16:12:34,-04:00,2024-09-15T16:12:34-04:00,0,8
src\routes\assignments\a3\+page.svelte,150,svelte,f94476fb,Jin G,2024-09-15,16:12:34,-04:00,2024-09-15T16:12:34-04:00,0,9
src\routes\assignments\a3\+page.svelte,151,svelte,f94476fb,Jin G,2024-09-15,16:12:34,-04:00,2024-09-15T16:12:34-04:00,0,0
src\routes\assignments\a3\+page.svelte,152,svelte,f94476fb,Jin G,2024-09-15,16:12:34,-04:00,2024-09-15T16:12:34-04:00,0,8
src\routes\assignments\a3\+page.svelte,153,svelte,f94476fb,Jin G,2024-09-15,16:12:34,-04:00,2024-09-15T16:12:34-04:00,0,41
src\routes\assignments\a3\+page.svelte,154,svelte,f94476fb,Jin G,2024-09-15,16:12:34,-04:00,2024-09-15T16:12:34-04:00,0,0
src\routes\assignments\a3\+page.svelte,155,svelte,f94476fb,Jin G,2024-09-15,16:12:34,-04:00,2024-09-15T16:12:34-04:00,0,0
src\routes\assignments\a3\+page.svelte,156,svelte,f94476fb,Jin G,2024-09-15,16:12:34,-04:00,2024-09-15T16:12:34-04:00,0,57
src\routes\assignments\a3\+page.svelte,157,svelte,f94476fb,Jin G,2024-09-15,16:12:34,-04:00,2024-09-15T16:12:34-04:00,0,0
src\routes\assignments\a3\+page.svelte,158,svelte,f94476fb,Jin G,2024-09-15,16:12:34,-04:00,2024-09-15T16:12:34-04:00,0,7
src\routes\assignments\a3\+page.svelte,159,svelte,9d554aca,Jin G,2024-09-18,14:58:26,-04:00,2024-09-18T14:58:26-04:00,0,90
src\routes\assignments\a3\+page.svelte,160,svelte,f94476fb,Jin G,2024-09-15,16:12:34,-04:00,2024-09-15T16:12:34-04:00,0,11
src\routes\assignments\a3\+page.svelte,161,svelte,f94476fb,Jin G,2024-09-15,16:12:34,-04:00,2024-09-15T16:12:34-04:00,0,29
src\routes\assignments\a3\+page.svelte,162,svelte,f94476fb,Jin G,2024-09-15,16:12:34,-04:00,2024-09-15T16:12:34-04:00,0,12
src\routes\assignments\a3\+page.svelte,163,svelte,f94476fb,Jin G,2024-09-15,16:12:34,-04:00,2024-09-15T16:12:34-04:00,0,0
src\routes\assignments\a3\+page.svelte,164,svelte,9d554aca,Jin G,2024-09-18,14:58:26,-04:00,2024-09-18T14:58:26-04:00,0,90
src\routes\assignments\a3\+page.svelte,165,svelte,f94476fb,Jin G,2024-09-15,16:12:34,-04:00,2024-09-15T16:12:34-04:00,0,11
src\routes\assignments\a3\+page.svelte,166,svelte,f94476fb,Jin G,2024-09-15,16:12:34,-04:00,2024-09-15T16:12:34-04:00,0,34
src\routes\assignments\a3\+page.svelte,167,svelte,f94476fb,Jin G,2024-09-15,16:12:34,-04:00,2024-09-15T16:12:34-04:00,0,12
src\routes\assignments\a3\+page.svelte,168,svelte,f94476fb,Jin G,2024-09-15,16:12:34,-04:00,2024-09-15T16:12:34-04:00,0,8
src\routes\assignments\a3\+page.svelte,169,svelte,f94476fb,Jin G,2024-09-15,16:12:34,-04:00,2024-09-15T16:12:34-04:00,0,0
src\routes\assignments\a3\+page.svelte,170,svelte,f94476fb,Jin G,2024-09-15,16:12:34,-04:00,2024-09-15T16:12:34-04:00,0,2
src\routes\assignments\a3\+page.svelte,171,svelte,f94476fb,Jin G,2024-09-15,16:12:34,-04:00,2024-09-15T16:12:34-04:00,0,336
src\routes\assignments\a3\+page.svelte,172,svelte,f94476fb,Jin G,2024-09-15,16:12:34,-04:00,2024-09-15T16:12:34-04:00,0,3
src\routes\assignments\a3\+page.svelte,173,svelte,f94476fb,Jin G,2024-09-15,16:12:34,-04:00,2024-09-15T16:12:34-04:00,0,0
src\routes\assignments\a3\+page.svelte,174,svelte,f94476fb,Jin G,2024-09-15,16:12:34,-04:00,2024-09-15T16:12:34-04:00,0,7
src\routes\assignments\a3\+page.svelte,175,svelte,9d554aca,Jin G,2024-09-18,14:58:26,-04:00,2024-09-18T14:58:26-04:00,0,90
src\routes\assignments\a3\+page.svelte,176,svelte,f94476fb,Jin G,2024-09-15,16:12:34,-04:00,2024-09-15T16:12:34-04:00,0,11
src\routes\assignments\a3\+page.svelte,177,svelte,f94476fb,Jin G,2024-09-15,16:12:34,-04:00,2024-09-15T16:12:34-04:00,0,34
src\routes\assignments\a3\+page.svelte,178,svelte,f94476fb,Jin G,2024-09-15,16:12:34,-04:00,2024-09-15T16:12:34-04:00,0,12
src\routes\assignments\a3\+page.svelte,179,svelte,f94476fb,Jin G,2024-09-15,16:12:34,-04:00,2024-09-15T16:12:34-04:00,0,8
src\routes\assignments\a3\+page.svelte,180,svelte,f94476fb,Jin G,2024-09-15,16:12:34,-04:00,2024-09-15T16:12:34-04:00,0,0
src\routes\assignments\a3\+page.svelte,181,svelte,f94476fb,Jin G,2024-09-15,16:12:34,-04:00,2024-09-15T16:12:34-04:00,0,2
src\routes\assignments\a3\+page.svelte,182,svelte,f94476fb,Jin G,2024-09-15,16:12:34,-04:00,2024-09-15T16:12:34-04:00,0,240
src\routes\assignments\a3\+page.svelte,183,svelte,f94476fb,Jin G,2024-09-15,16:12:34,-04:00,2024-09-15T16:12:34-04:00,0,3
src\routes\assignments\a3\+page.svelte,184,svelte,f94476fb,Jin G,2024-09-15,16:12:34,-04:00,2024-09-15T16:12:34-04:00,0,0
src\routes\assignments\a3\+page.svelte,185,svelte,f94476fb,Jin G,2024-09-15,16:12:34,-04:00,2024-09-15T16:12:34-04:00,0,76
src\routes\assignments\a3\+page.svelte,186,svelte,f94476fb,Jin G,2024-09-15,16:12:34,-04:00,2024-09-15T16:12:34-04:00,0,0
src\routes\assignments\a3\+page.svelte,187,svelte,f94476fb,Jin G,2024-09-15,16:12:34,-04:00,2024-09-15T16:12:34-04:00,0,7
src\routes\assignments\a3\+page.svelte,188,svelte,9d554aca,Jin G,2024-09-18,14:58:26,-04:00,2024-09-18T14:58:26-04:00,0,93
src\routes\assignments\a3\+page.svelte,189,svelte,f94476fb,Jin G,2024-09-15,16:12:34,-04:00,2024-09-15T16:12:34-04:00,0,11
src\routes\assignments\a3\+page.svelte,190,svelte,f94476fb,Jin G,2024-09-15,16:12:34,-04:00,2024-09-15T16:12:34-04:00,0,46
src\routes\assignments\a3\+page.svelte,191,svelte,f94476fb,Jin G,2024-09-15,16:12:34,-04:00,2024-09-15T16:12:34-04:00,0,12
src\routes\assignments\a3\+page.svelte,192,svelte,9d554aca,Jin G,2024-09-18,14:58:26,-04:00,2024-09-18T14:58:26-04:00,0,93
src\routes\assignments\a3\+page.svelte,193,svelte,f94476fb,Jin G,2024-09-15,16:12:34,-04:00,2024-09-15T16:12:34-04:00,0,11
src\routes\assignments\a3\+page.svelte,194,svelte,f94476fb,Jin G,2024-09-15,16:12:34,-04:00,2024-09-15T16:12:34-04:00,0,54
src\routes\assignments\a3\+page.svelte,195,svelte,f94476fb,Jin G,2024-09-15,16:12:34,-04:00,2024-09-15T16:12:34-04:00,0,12
src\routes\assignments\a3\+page.svelte,196,svelte,9d554aca,Jin G,2024-09-18,14:58:26,-04:00,2024-09-18T14:58:26-04:00,0,96
src\routes\assignments\a3\+page.svelte,197,svelte,f94476fb,Jin G,2024-09-15,16:12:34,-04:00,2024-09-15T16:12:34-04:00,0,11
src\routes\assignments\a3\+page.svelte,198,svelte,f94476fb,Jin G,2024-09-15,16:12:34,-04:00,2024-09-15T16:12:34-04:00,0,62
src\routes\assignments\a3\+page.svelte,199,svelte,f94476fb,Jin G,2024-09-15,16:12:34,-04:00,2024-09-15T16:12:34-04:00,0,12
src\routes\assignments\a3\+page.svelte,200,svelte,f94476fb,Jin G,2024-09-15,16:12:34,-04:00,2024-09-15T16:12:34-04:00,0,8
src\routes\assignments\a3\+page.svelte,201,svelte,f94476fb,Jin G,2024-09-15,16:12:34,-04:00,2024-09-15T16:12:34-04:00,0,0
src\routes\assignments\a3\+page.svelte,202,svelte,f94476fb,Jin G,2024-09-15,16:12:34,-04:00,2024-09-15T16:12:34-04:00,0,31
src\routes\assignments\a3\+page.svelte,203,svelte,f94476fb,Jin G,2024-09-15,16:12:34,-04:00,2024-09-15T16:12:34-04:00,0,0
src\routes\assignments\a3\+page.svelte,204,svelte,f94476fb,Jin G,2024-09-15,16:12:34,-04:00,2024-09-15T16:12:34-04:00,0,127
src\routes\assignments\a3\+page.svelte,205,svelte,f94476fb,Jin G,2024-09-15,16:12:34,-04:00,2024-09-15T16:12:34-04:00,0,0
src\routes\assignments\a3\+page.svelte,206,svelte,f94476fb,Jin G,2024-09-15,16:12:34,-04:00,2024-09-15T16:12:34-04:00,0,0
src\routes\assignments\a3\+page.svelte,207,svelte,f94476fb,Jin G,2024-09-15,16:12:34,-04:00,2024-09-15T16:12:34-04:00,0,3
src\routes\assignments\a3\+page.svelte,208,svelte,f94476fb,Jin G,2024-09-15,16:12:34,-04:00,2024-09-15T16:12:34-04:00,0,153
src\routes\assignments\a3\+page.svelte,209,svelte,f94476fb,Jin G,2024-09-15,16:12:34,-04:00,2024-09-15T16:12:34-04:00,0,4
src\routes\assignments\a3\+page.svelte,210,svelte,f94476fb,Jin G,2024-09-15,16:12:34,-04:00,2024-09-15T16:12:34-04:00,0,0
src\routes\assignments\a3\+page.svelte,211,svelte,f94476fb,Jin G,2024-09-15,16:12:34,-04:00,2024-09-15T16:12:34-04:00,0,0
src\routes\assignments\a3\+page.svelte,212,svelte,f94476fb,Jin G,2024-09-15,16:12:34,-04:00,2024-09-15T16:12:34-04:00,0,3
src\routes\assignments\a3\+page.svelte,213,svelte,f94476fb,Jin G,2024-09-15,16:12:34,-04:00,2024-09-15T16:12:34-04:00,0,116
src\routes\assignments\a3\+page.svelte,214,svelte,f94476fb,Jin G,2024-09-15,16:12:34,-04:00,2024-09-15T16:12:34-04:00,0,4
src\routes\assignments\a3\+page.svelte,215,svelte,f94476fb,Jin G,2024-09-15,16:12:34,-04:00,2024-09-15T16:12:34-04:00,0,0
src\routes\assignments\a3\+page.svelte,216,svelte,9d554aca,Jin G,2024-09-18,14:58:26,-04:00,2024-09-18T14:58:26-04:00,0,72
src\routes\assignments\a3\+page.svelte,217,svelte,f94476fb,Jin G,2024-09-15,16:12:34,-04:00,2024-09-15T16:12:34-04:00,0,0
src\routes\assignments\a3\+page.svelte,218,svelte,f94476fb,Jin G,2024-09-15,16:12:34,-04:00,2024-09-15T16:12:34-04:00,0,0
src\routes\assignments\a3\+page.svelte,219,svelte,f94476fb,Jin G,2024-09-15,16:12:34,-04:00,2024-09-15T16:12:34-04:00,0,245
src\routes\assignments\a3\+page.svelte,220,svelte,f94476fb,Jin G,2024-09-15,16:12:34,-04:00,2024-09-15T16:12:34-04:00,0,0
src\routes\assignments\a3\+page.svelte,221,svelte,9d554aca,Jin G,2024-09-18,14:58:26,-04:00,2024-09-18T14:58:26-04:00,0,72
src\routes\assignments\a3\+page.svelte,222,svelte,f94476fb,Jin G,2024-09-15,16:12:34,-04:00,2024-09-15T16:12:34-04:00,0,0
src\routes\assignments\a3\+page.svelte,223,svelte,f94476fb,Jin G,2024-09-15,16:12:34,-04:00,2024-09-15T16:12:34-04:00,0,0
src\routes\assignments\a3\+page.svelte,224,svelte,f94476fb,Jin G,2024-09-15,16:12:34,-04:00,2024-09-15T16:12:34-04:00,0,247
src\routes\assignments\a3\+page.svelte,225,svelte,f94476fb,Jin G,2024-09-15,16:12:34,-04:00,2024-09-15T16:12:34-04:00,0,0
src\routes\assignments\a3\+page.svelte,226,svelte,f94476fb,Jin G,2024-09-15,16:12:34,-04:00,2024-09-15T16:12:34-04:00,0,2
src\routes\assignments\a3\+page.svelte,227,svelte,f94476fb,Jin G,2024-09-15,16:12:34,-04:00,2024-09-15T16:12:34-04:00,0,363
src\routes\assignments\a3\+page.svelte,228,svelte,f94476fb,Jin G,2024-09-15,16:12:34,-04:00,2024-09-15T16:12:34-04:00,0,3
src\routes\assignments\a3\+page.svelte,229,svelte,f94476fb,Jin G,2024-09-15,16:12:34,-04:00,2024-09-15T16:12:34-04:00,0,0
src\routes\assignments\a3\+page.svelte,230,svelte,9d554aca,Jin G,2024-09-18,14:58:26,-04:00,2024-09-18T14:58:26-04:00,0,73
src\routes\assignments\a3\+page.svelte,231,svelte,f94476fb,Jin G,2024-09-15,16:12:34,-04:00,2024-09-15T16:12:34-04:00,0,82
src\routes\assignments\a3\+page.svelte,232,svelte,f94476fb,Jin G,2024-09-15,16:12:34,-04:00,2024-09-15T16:12:34-04:00,0,0
src\routes\assignments\a3\+page.svelte,233,svelte,f94476fb,Jin G,2024-09-15,16:12:34,-04:00,2024-09-15T16:12:34-04:00,0,0
src\routes\assignments\a3\+page.svelte,234,svelte,9d554aca,Jin G,2024-09-18,14:58:26,-04:00,2024-09-18T14:58:26-04:00,0,73
src\routes\assignments\a3\+page.svelte,235,svelte,f94476fb,Jin G,2024-09-15,16:12:34,-04:00,2024-09-15T16:12:34-04:00,0,81
src\routes\assignments\a3\+page.svelte,236,svelte,f94476fb,Jin G,2024-09-15,16:12:34,-04:00,2024-09-15T16:12:34-04:00,0,0
src\routes\assignments\a3\+page.svelte,237,svelte,f94476fb,Jin G,2024-09-15,16:12:34,-04:00,2024-09-15T16:12:34-04:00,0,9
src\routes\assignments\a3\+page.svelte,238,svelte,f94476fb,Jin G,2024-09-15,16:12:34,-04:00,2024-09-15T16:12:34-04:00,0,0
src\routes\assignments\a3\+page.svelte,239,svelte,f94476fb,Jin G,2024-09-15,16:12:34,-04:00,2024-09-15T16:12:34-04:00,0,18
src\routes\assignments\a3\+page.svelte,240,svelte,f94476fb,Jin G,2024-09-15,16:12:34,-04:00,2024-09-15T16:12:34-04:00,0,0
src\routes\assignments\a3\+page.svelte,241,svelte,f94476fb,Jin G,2024-09-15,16:12:34,-04:00,2024-09-15T16:12:34-04:00,0,382
src\routes\assignments\a3\+page.svelte,242,svelte,f94476fb,Jin G,2024-09-15,16:12:34,-04:00,2024-09-15T16:12:34-04:00,0,8
src\routes\assignments\a3\+page.svelte,243,svelte,f94476fb,Jin G,2024-09-15,16:12:34,-04:00,2024-09-15T16:12:34-04:00,0,989
src\routes\assignments\a3\+page.svelte,244,svelte,f94476fb,Jin G,2024-09-15,16:12:34,-04:00,2024-09-15T16:12:34-04:00,0,9
src\routes\assignments\a3\+page.svelte,245,svelte,f94476fb,Jin G,2024-09-15,16:12:34,-04:00,2024-09-15T16:12:34-04:00,0,6
src\routes\assignments\a3\+page.svelte,246,svelte,f94476fb,Jin G,2024-09-15,16:12:34,-04:00,2024-09-15T16:12:34-04:00,0,0
src\routes\assignments\a3\+page.svelte,247,svelte,f94476fb,Jin G,2024-09-15,16:12:34,-04:00,2024-09-15T16:12:34-04:00,0,5
src\routes\assignments\a3\+page.svelte,248,svelte,f94476fb,Jin G,2024-09-15,16:12:34,-04:00,2024-09-15T16:12:34-04:00,0,0
src\routes\assignments\a3\+page.svelte,249,svelte,f94476fb,Jin G,2024-09-15,16:12:34,-04:00,2024-09-15T16:12:34-04:00,0,0
src\routes\assignments\a3\+page.svelte,250,svelte,f94476fb,Jin G,2024-09-15,16:12:34,-04:00,2024-09-15T16:12:34-04:00,0,0
src\routes\assignments\a3\+page.svelte,251,svelte,f94476fb,Jin G,2024-09-15,16:12:34,-04:00,2024-09-15T16:12:34-04:00,0,8
src\routes\assignments\a3\+page.svelte,252,svelte,f94476fb,Jin G,2024-09-15,16:12:34,-04:00,2024-09-15T16:12:34-04:00,0,16
src\routes\assignments\a3\+page.svelte,253,svelte,f94476fb,Jin G,2024-09-15,16:12:34,-04:00,2024-09-15T16:12:34-04:00,0,0
src\routes\assignments\a3\+page.svelte,254,svelte,f94476fb,Jin G,2024-09-15,16:12:34,-04:00,2024-09-15T16:12:34-04:00,0,23
src\routes\assignments\a3\+page.svelte,255,svelte,f94476fb,Jin G,2024-09-15,16:12:34,-04:00,2024-09-15T16:12:34-04:00,0,0
src\routes\assignments\a3\+page.svelte,256,svelte,f94476fb,Jin G,2024-09-15,16:12:34,-04:00,2024-09-15T16:12:34-04:00,0,1
src\routes\assignments\a3\+page.svelte,257,svelte,f94476fb,Jin G,2024-09-15,16:12:34,-04:00,2024-09-15T16:12:34-04:00,0,142
src\routes\assignments\a3\+page.svelte,258,svelte,f94476fb,Jin G,2024-09-15,16:12:34,-04:00,2024-09-15T16:12:34-04:00,0,22
src\routes\assignments\a3\+page.svelte,259,svelte,f94476fb,Jin G,2024-09-15,16:12:34,-04:00,2024-09-15T16:12:34-04:00,0,0
src\routes\assignments\a3\+page.svelte,260,svelte,f94476fb,Jin G,2024-09-15,16:12:34,-04:00,2024-09-15T16:12:34-04:00,0,0
src\routes\assignments\a3\+page.svelte,261,svelte,f94476fb,Jin G,2024-09-15,16:12:34,-04:00,2024-09-15T16:12:34-04:00,0,1
src\routes\assignments\a3\+page.svelte,262,svelte,f94476fb,Jin G,2024-09-15,16:12:34,-04:00,2024-09-15T16:12:34-04:00,0,132
src\routes\assignments\a3\+page.svelte,263,svelte,f94476fb,Jin G,2024-09-15,16:12:34,-04:00,2024-09-15T16:12:34-04:00,0,13
src\routes\assignments\a3\+page.svelte,264,svelte,f94476fb,Jin G,2024-09-15,16:12:34,-04:00,2024-09-15T16:12:34-04:00,0,0
src\routes\assignments\a3\+page.svelte,265,svelte,f94476fb,Jin G,2024-09-15,16:12:34,-04:00,2024-09-15T16:12:34-04:00,0,0
src\routes\assignments\a3\+page.svelte,266,svelte,f94476fb,Jin G,2024-09-15,16:12:34,-04:00,2024-09-15T16:12:34-04:00,0,32
src\routes\assignments\a3\+page.svelte,267,svelte,9d554aca,Jin G,2024-09-18,14:58:26,-04:00,2024-09-18T14:58:26-04:00,0,81
src\routes\assignments\a3\+page.svelte,268,svelte,f94476fb,Jin G,2024-09-15,16:12:34,-04:00,2024-09-15T16:12:34-04:00,0,13
src\routes\assignments\a3\+page.svelte,269,svelte,f94476fb,Jin G,2024-09-15,16:12:34,-04:00,2024-09-15T16:12:34-04:00,0,15
src\routes\assignments\a3\+page.svelte,270,svelte,f94476fb,Jin G,2024-09-15,16:12:34,-04:00,2024-09-15T16:12:34-04:00,0,0
src\routes\assignments\a3\+page.svelte,271,svelte,f94476fb,Jin G,2024-09-15,16:12:34,-04:00,2024-09-15T16:12:34-04:00,0,16
src\routes\assignments\a3\+page.svelte,272,svelte,f94476fb,Jin G,2024-09-15,16:12:34,-04:00,2024-09-15T16:12:34-04:00,0,13
src\routes\assignments\a3\+page.svelte,273,svelte,f94476fb,Jin G,2024-09-15,16:12:34,-04:00,2024-09-15T16:12:34-04:00,0,13
src\routes\assignments\a3\+page.svelte,274,svelte,f94476fb,Jin G,2024-09-15,16:12:34,-04:00,2024-09-15T16:12:34-04:00,0,0
src\routes\assignments\a3\+page.svelte,275,svelte,f94476fb,Jin G,2024-09-15,16:12:34,-04:00,2024-09-15T16:12:34-04:00,0,37
src\routes\assignments\a3\+page.svelte,276,svelte,f94476fb,Jin G,2024-09-15,16:12:34,-04:00,2024-09-15T16:12:34-04:00,0,28
src\routes\assignments\a3\+page.svelte,277,svelte,f94476fb,Jin G,2024-09-15,16:12:34,-04:00,2024-09-15T16:12:34-04:00,0,0
src\routes\assignments\a3\+page.svelte,278,svelte,f94476fb,Jin G,2024-09-15,16:12:34,-04:00,2024-09-15T16:12:34-04:00,0,19
src\routes\assignments\a3\+page.svelte,279,svelte,f94476fb,Jin G,2024-09-15,16:12:34,-04:00,2024-09-15T16:12:34-04:00,0,25
src\routes\assignments\a3\+page.svelte,280,svelte,f94476fb,Jin G,2024-09-15,16:12:34,-04:00,2024-09-15T16:12:34-04:00,0,63
src\routes\assignments\a3\+page.svelte,281,svelte,f94476fb,Jin G,2024-09-15,16:12:34,-04:00,2024-09-15T16:12:34-04:00,0,89
src\routes\assignments\a3\+page.svelte,282,svelte,f94476fb,Jin G,2024-09-15,16:12:34,-04:00,2024-09-15T16:12:34-04:00,0,55
src\routes\assignments\a3\+page.svelte,283,svelte,f94476fb,Jin G,2024-09-15,16:12:34,-04:00,2024-09-15T16:12:34-04:00,0,72
src\routes\assignments\a3\+page.svelte,284,svelte,f94476fb,Jin G,2024-09-15,16:12:34,-04:00,2024-09-15T16:12:34-04:00,0,24
src\routes\assignments\a3\+page.svelte,285,svelte,f94476fb,Jin G,2024-09-15,16:12:34,-04:00,2024-09-15T16:12:34-04:00,0,44
src\routes\assignments\a3\+page.svelte,286,svelte,f94476fb,Jin G,2024-09-15,16:12:34,-04:00,2024-09-15T16:12:34-04:00,0,52
src\routes\assignments\a3\+page.svelte,287,svelte,f94476fb,Jin G,2024-09-15,16:12:34,-04:00,2024-09-15T16:12:34-04:00,0,0
src\routes\assignments\a3\+page.svelte,288,svelte,f94476fb,Jin G,2024-09-15,16:12:34,-04:00,2024-09-15T16:12:34-04:00,0,24
src\routes\assignments\a3\+page.svelte,289,svelte,f94476fb,Jin G,2024-09-15,16:12:34,-04:00,2024-09-15T16:12:34-04:00,0,20
src\routes\assignments\a3\+page.svelte,290,svelte,f94476fb,Jin G,2024-09-15,16:12:34,-04:00,2024-09-15T16:12:34-04:00,0,0
src\routes\assignments\a3\+page.svelte,291,svelte,f94476fb,Jin G,2024-09-15,16:12:34,-04:00,2024-09-15T16:12:34-04:00,0,49
src\routes\assignments\a3\+page.svelte,292,svelte,f94476fb,Jin G,2024-09-15,16:12:34,-04:00,2024-09-15T16:12:34-04:00,0,33
src\routes\assignments\a3\+page.svelte,293,svelte,f94476fb,Jin G,2024-09-15,16:12:34,-04:00,2024-09-15T16:12:34-04:00,0,25
src\routes\assignments\a3\+page.svelte,294,svelte,f94476fb,Jin G,2024-09-15,16:12:34,-04:00,2024-09-15T16:12:34-04:00,0,88
src\routes\assignments\a3\+page.svelte,295,svelte,f94476fb,Jin G,2024-09-15,16:12:34,-04:00,2024-09-15T16:12:34-04:00,0,122
src\routes\assignments\a3\+page.svelte,296,svelte,f94476fb,Jin G,2024-09-15,16:12:34,-04:00,2024-09-15T16:12:34-04:00,0,18
src\routes\assignments\a3\+page.svelte,297,svelte,f94476fb,Jin G,2024-09-15,16:12:34,-04:00,2024-09-15T16:12:34-04:00,0,32
src\routes\assignments\a3\+page.svelte,298,svelte,f94476fb,Jin G,2024-09-15,16:12:34,-04:00,2024-09-15T16:12:34-04:00,0,48
src\routes\assignments\a3\+page.svelte,299,svelte,f94476fb,Jin G,2024-09-15,16:12:34,-04:00,2024-09-15T16:12:34-04:00,0,0
src\routes\assignments\a3\+page.svelte,300,svelte,f94476fb,Jin G,2024-09-15,16:12:34,-04:00,2024-09-15T16:12:34-04:00,0,44
src\routes\assignments\a3\+page.svelte,301,svelte,f94476fb,Jin G,2024-09-15,16:12:34,-04:00,2024-09-15T16:12:34-04:00,0,17
src\routes\assignments\a3\+page.svelte,302,svelte,f94476fb,Jin G,2024-09-15,16:12:34,-04:00,2024-09-15T16:12:34-04:00,0,0
src\routes\assignments\a3\+page.svelte,303,svelte,f94476fb,Jin G,2024-09-15,16:12:34,-04:00,2024-09-15T16:12:34-04:00,0,31
src\routes\assignments\a3\+page.svelte,304,svelte,f94476fb,Jin G,2024-09-15,16:12:34,-04:00,2024-09-15T16:12:34-04:00,0,67
src\routes\assignments\a3\+page.svelte,305,svelte,f94476fb,Jin G,2024-09-15,16:12:34,-04:00,2024-09-15T16:12:34-04:00,0,17
src\routes\assignments\a3\+page.svelte,306,svelte,f94476fb,Jin G,2024-09-15,16:12:34,-04:00,2024-09-15T16:12:34-04:00,0,0
src\routes\assignments\a3\+page.svelte,307,svelte,f94476fb,Jin G,2024-09-15,16:12:34,-04:00,2024-09-15T16:12:34-04:00,0,61
src\routes\assignments\a3\+page.svelte,308,svelte,f94476fb,Jin G,2024-09-15,16:12:34,-04:00,2024-09-15T16:12:34-04:00,0,0
src\routes\assignments\a3\+page.svelte,309,svelte,f94476fb,Jin G,2024-09-15,16:12:34,-04:00,2024-09-15T16:12:34-04:00,0,16
src\routes\assignments\a3\+page.svelte,310,svelte,f94476fb,Jin G,2024-09-15,16:12:34,-04:00,2024-09-15T16:12:34-04:00,0,0
src\routes\assignments\a3\+page.svelte,311,svelte,f94476fb,Jin G,2024-09-15,16:12:34,-04:00,2024-09-15T16:12:34-04:00,0,9
src\routes\assignments\a3\+page.svelte,312,svelte,f94476fb,Jin G,2024-09-15,16:12:34,-04:00,2024-09-15T16:12:34-04:00,0,0
src\routes\assignments\a3\+page.svelte,313,svelte,f94476fb,Jin G,2024-09-15,16:12:34,-04:00,2024-09-15T16:12:34-04:00,0,8
src\routes\assignments\a3\+page.svelte,314,svelte,f94476fb,Jin G,2024-09-15,16:12:34,-04:00,2024-09-15T16:12:34-04:00,0,18
src\routes\assignments\a3\+page.svelte,315,svelte,f94476fb,Jin G,2024-09-15,16:12:34,-04:00,2024-09-15T16:12:34-04:00,0,3
src\routes\assignments\a3\+page.svelte,316,svelte,f94476fb,Jin G,2024-09-15,16:12:34,-04:00,2024-09-15T16:12:34-04:00,0,93
src\routes\assignments\a3\+page.svelte,317,svelte,f94476fb,Jin G,2024-09-15,16:12:34,-04:00,2024-09-15T16:12:34-04:00,0,53
src\routes\assignments\a3\+page.svelte,318,svelte,f94476fb,Jin G,2024-09-15,16:12:34,-04:00,2024-09-15T16:12:34-04:00,0,4
src\routes\assignments\a3\+page.svelte,319,svelte,f94476fb,Jin G,2024-09-15,16:12:34,-04:00,2024-09-15T16:12:34-04:00,0,59
src\routes\assignments\a3\+page.svelte,320,svelte,f94476fb,Jin G,2024-09-15,16:12:34,-04:00,2024-09-15T16:12:34-04:00,0,63
src\routes\assignments\a3\+page.svelte,321,svelte,f94476fb,Jin G,2024-09-15,16:12:34,-04:00,2024-09-15T16:12:34-04:00,0,182
src\routes\assignments\a3\+page.svelte,322,svelte,f94476fb,Jin G,2024-09-15,16:12:34,-04:00,2024-09-15T16:12:34-04:00,0,93
src\routes\assignments\a3\+page.svelte,323,svelte,f94476fb,Jin G,2024-09-15,16:12:34,-04:00,2024-09-15T16:12:34-04:00,0,0
src\routes\assignments\a3\+page.svelte,324,svelte,f94476fb,Jin G,2024-09-15,16:12:34,-04:00,2024-09-15T16:12:34-04:00,0,169
src\routes\assignments\a3\+page.svelte,325,svelte,f94476fb,Jin G,2024-09-15,16:12:34,-04:00,2024-09-15T16:12:34-04:00,0,0
src\routes\assignments\a3\+page.svelte,326,svelte,f94476fb,Jin G,2024-09-15,16:12:34,-04:00,2024-09-15T16:12:34-04:00,0,152
src\routes\assignments\a3\+page.svelte,327,svelte,f94476fb,Jin G,2024-09-15,16:12:34,-04:00,2024-09-15T16:12:34-04:00,0,0
src\routes\assignments\a3\+page.svelte,328,svelte,f94476fb,Jin G,2024-09-15,16:12:34,-04:00,2024-09-15T16:12:34-04:00,0,130
src\routes\assignments\a3\+page.svelte,329,svelte,f94476fb,Jin G,2024-09-15,16:12:34,-04:00,2024-09-15T16:12:34-04:00,0,3
src\routes\assignments\a3\+page.svelte,330,svelte,f94476fb,Jin G,2024-09-15,16:12:34,-04:00,2024-09-15T16:12:34-04:00,0,0
src\routes\assignments\a3\+page.svelte,331,svelte,f94476fb,Jin G,2024-09-15,16:12:34,-04:00,2024-09-15T16:12:34-04:00,0,159
src\routes\assignments\a3\+page.svelte,332,svelte,f94476fb,Jin G,2024-09-15,16:12:34,-04:00,2024-09-15T16:12:34-04:00,0,0
src\routes\assignments\a3\+page.svelte,333,svelte,f94476fb,Jin G,2024-09-15,16:12:34,-04:00,2024-09-15T16:12:34-04:00,0,92
src\routes\assignments\a3\+page.svelte,334,svelte,f94476fb,Jin G,2024-09-15,16:12:34,-04:00,2024-09-15T16:12:34-04:00,0,0
src\routes\assignments\a3\+page.svelte,335,svelte,f94476fb,Jin G,2024-09-15,16:12:34,-04:00,2024-09-15T16:12:34-04:00,0,98
src\routes\assignments\a3\+page.svelte,336,svelte,f94476fb,Jin G,2024-09-15,16:12:34,-04:00,2024-09-15T16:12:34-04:00,0,0
src\routes\assignments\a3\+page.svelte,337,svelte,f94476fb,Jin G,2024-09-15,16:12:34,-04:00,2024-09-15T16:12:34-04:00,0,125
src\routes\assignments\a3\+page.svelte,338,svelte,f94476fb,Jin G,2024-09-15,16:12:34,-04:00,2024-09-15T16:12:34-04:00,0,0
src\routes\assignments\a3\+page.svelte,339,svelte,f94476fb,Jin G,2024-09-15,16:12:34,-04:00,2024-09-15T16:12:34-04:00,0,177
src\routes\assignments\a3\+page.svelte,340,svelte,f94476fb,Jin G,2024-09-15,16:12:34,-04:00,2024-09-15T16:12:34-04:00,0,0
src\routes\assignments\a3\+page.svelte,341,svelte,f94476fb,Jin G,2024-09-15,16:12:34,-04:00,2024-09-15T16:12:34-04:00,0,3
src\routes\assignments\a3\+page.svelte,342,svelte,f94476fb,Jin G,2024-09-15,16:12:34,-04:00,2024-09-15T16:12:34-04:00,0,11
src\routes\assignments\a3\+page.svelte,343,svelte,f94476fb,Jin G,2024-09-15,16:12:34,-04:00,2024-09-15T16:12:34-04:00,0,4
src\routes\assignments\a3\+page.svelte,344,svelte,f94476fb,Jin G,2024-09-15,16:12:34,-04:00,2024-09-15T16:12:34-04:00,0,0
src\routes\assignments\a3\+page.svelte,345,svelte,f94476fb,Jin G,2024-09-15,16:12:34,-04:00,2024-09-15T16:12:34-04:00,0,98
src\routes\assignments\a3\+page.svelte,346,svelte,f94476fb,Jin G,2024-09-15,16:12:34,-04:00,2024-09-15T16:12:34-04:00,0,0
src\routes\assignments\a3\+page.svelte,347,svelte,f94476fb,Jin G,2024-09-15,16:12:34,-04:00,2024-09-15T16:12:34-04:00,0,20
src\routes\assignments\a3\+page.svelte,348,svelte,f94476fb,Jin G,2024-09-15,16:12:34,-04:00,2024-09-15T16:12:34-04:00,0,67
src\routes\assignments\a3\+page.svelte,349,svelte,f94476fb,Jin G,2024-09-15,16:12:34,-04:00,2024-09-15T16:12:34-04:00,0,0
src\routes\assignments\a3\+page.svelte,350,svelte,f94476fb,Jin G,2024-09-15,16:12:34,-04:00,2024-09-15T16:12:34-04:00,0,168
src\routes\assignments\a3\+page.svelte,351,svelte,f94476fb,Jin G,2024-09-15,16:12:34,-04:00,2024-09-15T16:12:34-04:00,0,0
src\routes\assignments\a3\+page.svelte,352,svelte,f94476fb,Jin G,2024-09-15,16:12:34,-04:00,2024-09-15T16:12:34-04:00,0,110
src\routes\assignments\a3\+page.svelte,353,svelte,f94476fb,Jin G,2024-09-15,16:12:34,-04:00,2024-09-15T16:12:34-04:00,0,0
src\routes\assignments\a3\+page.svelte,354,svelte,f94476fb,Jin G,2024-09-15,16:12:34,-04:00,2024-09-15T16:12:34-04:00,0,9
src\routes\assignments\a3\+page.svelte,355,svelte,f94476fb,Jin G,2024-09-15,16:12:34,-04:00,2024-09-15T16:12:34-04:00,0,6
src\routes\assignments\a3\+page.svelte,356,svelte,f94476fb,Jin G,2024-09-15,16:12:34,-04:00,2024-09-15T16:12:34-04:00,0,0
src\routes\assignments\a3\+page.svelte,357,svelte,f94476fb,Jin G,2024-09-15,16:12:34,-04:00,2024-09-15T16:12:34-04:00,0,0
src\routes\assignments\a3\+page.svelte,358,svelte,f94476fb,Jin G,2024-09-15,16:12:34,-04:00,2024-09-15T16:12:34-04:00,0,0
src\routes\assignments\a3\+page.svelte,359,svelte,f94476fb,Jin G,2024-09-15,16:12:34,-04:00,2024-09-15T16:12:34-04:00,0,0
src\routes\assignments\a3\+page.svelte,360,svelte,f94476fb,Jin G,2024-09-15,16:12:34,-04:00,2024-09-15T16:12:34-04:00,0,6
src\routes\assignments\a3\+page.svelte,361,css,f94476fb,Jin G,2024-09-15,16:12:34,-04:00,2024-09-15T16:12:34-04:00,0,105
src\routes\assignments\a3\+page.svelte,362,css,f94476fb,Jin G,2024-09-15,16:12:34,-04:00,2024-09-15T16:12:34-04:00,0,0
src\routes\assignments\a3\+page.svelte,363,css,f94476fb,Jin G,2024-09-15,16:12:34,-04:00,2024-09-15T16:12:34-04:00,0,6
src\routes\assignments\a3\+page.svelte,364,css,f94476fb,Jin G,2024-09-15,16:12:34,-04:00,2024-09-15T16:12:34-04:00,1,36
src\routes\assignments\a3\+page.svelte,365,css,f94476fb,Jin G,2024-09-15,16:12:34,-04:00,2024-09-15T16:12:34-04:00,1,36
src\routes\assignments\a3\+page.svelte,366,css,f94476fb,Jin G,2024-09-15,16:12:34,-04:00,2024-09-15T16:12:34-04:00,1,36
src\routes\assignments\a3\+page.svelte,367,css,f94476fb,Jin G,2024-09-15,16:12:34,-04:00,2024-09-15T16:12:34-04:00,1,36
src\routes\assignments\a3\+page.svelte,368,css,f94476fb,Jin G,2024-09-15,16:12:34,-04:00,2024-09-15T16:12:34-04:00,1,36
src\routes\assignments\a3\+page.svelte,369,css,f94476fb,Jin G,2024-09-15,16:12:34,-04:00,2024-09-15T16:12:34-04:00,1,36
src\routes\assignments\a3\+page.svelte,370,css,f94476fb,Jin G,2024-09-15,16:12:34,-04:00,2024-09-15T16:12:34-04:00,1,36
src\routes\assignments\a3\+page.svelte,371,css,f94476fb,Jin G,2024-09-15,16:12:34,-04:00,2024-09-15T16:12:34-04:00,1,36
src\routes\assignments\a3\+page.svelte,372,css,f94476fb,Jin G,2024-09-15,16:12:34,-04:00,2024-09-15T16:12:34-04:00,1,36
src\routes\assignments\a3\+page.svelte,373,css,f94476fb,Jin G,2024-09-15,16:12:34,-04:00,2024-09-15T16:12:34-04:00,1,36
src\routes\assignments\a3\+page.svelte,374,css,f94476fb,Jin G,2024-09-15,16:12:34,-04:00,2024-09-15T16:12:34-04:00,0,104
src\routes\assignments\a3\+page.svelte,375,css,f94476fb,Jin G,2024-09-15,16:12:34,-04:00,2024-09-15T16:12:34-04:00,0,0
src\routes\assignments\a3\+page.svelte,376,css,f94476fb,Jin G,2024-09-15,16:12:34,-04:00,2024-09-15T16:12:34-04:00,0,0
src\routes\assignments\a3\+page.svelte,377,css,f94476fb,Jin G,2024-09-15,16:12:34,-04:00,2024-09-15T16:12:34-04:00,0,0
src\routes\assignments\a3\+page.svelte,378,css,f94476fb,Jin G,2024-09-15,16:12:34,-04:00,2024-09-15T16:12:34-04:00,0,0
src\routes\assignments\a3\+page.svelte,379,css,f94476fb,Jin G,2024-09-15,16:12:34,-04:00,2024-09-15T16:12:34-04:00,0,0
src\routes\assignments\a3\+page.svelte,380,css,f94476fb,Jin G,2024-09-15,16:12:34,-04:00,2024-09-15T16:12:34-04:00,0,0
src\routes\assignments\a3\+page.svelte,381,css,f94476fb,Jin G,2024-09-15,16:12:34,-04:00,2024-09-15T16:12:34-04:00,0,5
src\routes\assignments\a3\+page.svelte,382,css,f94476fb,Jin G,2024-09-15,16:12:34,-04:00,2024-09-15T16:12:34-04:00,1,31
src\routes\assignments\a3\+page.svelte,383,css,f94476fb,Jin G,2024-09-15,16:12:34,-04:00,2024-09-15T16:12:34-04:00,1,21
src\routes\assignments\a3\+page.svelte,384,css,f94476fb,Jin G,2024-09-15,16:12:34,-04:00,2024-09-15T16:12:34-04:00,1,35
src\routes\assignments\a3\+page.svelte,385,css,f94476fb,Jin G,2024-09-15,16:12:34,-04:00,2024-09-15T16:12:34-04:00,1,26
src\routes\assignments\a3\+page.svelte,386,css,f94476fb,Jin G,2024-09-15,16:12:34,-04:00,2024-09-15T16:12:34-04:00,1,14
src\routes\assignments\a3\+page.svelte,387,css,f94476fb,Jin G,2024-09-15,16:12:34,-04:00,2024-09-15T16:12:34-04:00,0,0
src\routes\assignments\a3\+page.svelte,388,css,f94476fb,Jin G,2024-09-15,16:12:34,-04:00,2024-09-15T16:12:34-04:00,0,0
src\routes\assignments\a3\+page.svelte,389,css,f94476fb,Jin G,2024-09-15,16:12:34,-04:00,2024-09-15T16:12:34-04:00,0,13
src\routes\assignments\a3\+page.svelte,390,css,f94476fb,Jin G,2024-09-15,16:12:34,-04:00,2024-09-15T16:12:34-04:00,0,0
src\routes\assignments\a3\+page.svelte,391,css,f94476fb,Jin G,2024-09-15,16:12:34,-04:00,2024-09-15T16:12:34-04:00,0,23
src\routes\assignments\a3\+page.svelte,392,css,f94476fb,Jin G,2024-09-15,16:12:34,-04:00,2024-09-15T16:12:34-04:00,1,16
src\routes\assignments\a3\+page.svelte,393,css,f94476fb,Jin G,2024-09-15,16:12:34,-04:00,2024-09-15T16:12:34-04:00,1,16
src\routes\assignments\a3\+page.svelte,394,css,f94476fb,Jin G,2024-09-15,16:12:34,-04:00,2024-09-15T16:12:34-04:00,1,18
src\routes\assignments\a3\+page.svelte,395,css,f94476fb,Jin G,2024-09-15,16:12:34,-04:00,2024-09-15T16:12:34-04:00,0,0
src\routes\assignments\a3\+page.svelte,396,css,f94476fb,Jin G,2024-09-15,16:12:34,-04:00,2024-09-15T16:12:34-04:00,0,0
src\routes\assignments\a3\+page.svelte,397,css,f94476fb,Jin G,2024-09-15,16:12:34,-04:00,2024-09-15T16:12:34-04:00,0,7
src\routes\assignments\a3\+page.svelte,398,css,f94476fb,Jin G,2024-09-15,16:12:34,-04:00,2024-09-15T16:12:34-04:00,1,48
src\routes\assignments\a3\+page.svelte,399,css,f94476fb,Jin G,2024-09-15,16:12:34,-04:00,2024-09-15T16:12:34-04:00,1,20
src\routes\assignments\a3\+page.svelte,400,css,f94476fb,Jin G,2024-09-15,16:12:34,-04:00,2024-09-15T16:12:34-04:00,0,0
src\routes\assignments\a3\+page.svelte,401,css,f94476fb,Jin G,2024-09-15,16:12:34,-04:00,2024-09-15T16:12:34-04:00,0,0
src\routes\assignments\a3\+page.svelte,402,css,f94476fb,Jin G,2024-09-15,16:12:34,-04:00,2024-09-15T16:12:34-04:00,0,3
src\routes\assignments\a3\+page.svelte,403,css,f94476fb,Jin G,2024-09-15,16:12:34,-04:00,2024-09-15T16:12:34-04:00,1,23
src\routes\assignments\a3\+page.svelte,404,css,e23a9043,Jin G,2024-09-16,00:27:49,-04:00,2024-09-16T00:27:49-04:00,1,48
src\routes\assignments\a3\+page.svelte,405,css,f94476fb,Jin G,2024-09-15,16:12:34,-04:00,2024-09-15T16:12:34-04:00,1,16
src\routes\assignments\a3\+page.svelte,406,css,f94476fb,Jin G,2024-09-15,16:12:34,-04:00,2024-09-15T16:12:34-04:00,0,0
src\routes\assignments\a3\+page.svelte,407,css,f94476fb,Jin G,2024-09-15,16:12:34,-04:00,2024-09-15T16:12:34-04:00,1,6
src\routes\assignments\a3\+page.svelte,408,css,f94476fb,Jin G,2024-09-15,16:12:34,-04:00,2024-09-15T16:12:34-04:00,2,14
src\routes\assignments\a3\+page.svelte,409,css,f94476fb,Jin G,2024-09-15,16:12:34,-04:00,2024-09-15T16:12:34-04:00,2,18
src\routes\assignments\a3\+page.svelte,410,css,f94476fb,Jin G,2024-09-15,16:12:34,-04:00,2024-09-15T16:12:34-04:00,2,18
src\routes\assignments\a3\+page.svelte,411,css,f94476fb,Jin G,2024-09-15,16:12:34,-04:00,2024-09-15T16:12:34-04:00,2,19
src\routes\assignments\a3\+page.svelte,412,css,f94476fb,Jin G,2024-09-15,16:12:34,-04:00,2024-09-15T16:12:34-04:00,2,12
src\routes\assignments\a3\+page.svelte,413,css,f94476fb,Jin G,2024-09-15,16:12:34,-04:00,2024-09-15T16:12:34-04:00,2,35
src\routes\assignments\a3\+page.svelte,414,css,f94476fb,Jin G,2024-09-15,16:12:34,-04:00,2024-09-15T16:12:34-04:00,2,14
src\routes\assignments\a3\+page.svelte,415,css,f94476fb,Jin G,2024-09-15,16:12:34,-04:00,2024-09-15T16:12:34-04:00,2,25
src\routes\assignments\a3\+page.svelte,416,css,f94476fb,Jin G,2024-09-15,16:12:34,-04:00,2024-09-15T16:12:34-04:00,2,19
src\routes\assignments\a3\+page.svelte,417,css,f94476fb,Jin G,2024-09-15,16:12:34,-04:00,2024-09-15T16:12:34-04:00,1,0
src\routes\assignments\a3\+page.svelte,418,css,f94476fb,Jin G,2024-09-15,16:12:34,-04:00,2024-09-15T16:12:34-04:00,0,0
src\routes\assignments\a3\+page.svelte,419,css,f94476fb,Jin G,2024-09-15,16:12:34,-04:00,2024-09-15T16:12:34-04:00,0,0
src\routes\assignments\a3\+page.svelte,420,css,f94476fb,Jin G,2024-09-15,16:12:34,-04:00,2024-09-15T16:12:34-04:00,0,3
src\routes\assignments\a3\+page.svelte,421,css,f94476fb,Jin G,2024-09-15,16:12:34,-04:00,2024-09-15T16:12:34-04:00,1,15
src\routes\assignments\a3\+page.svelte,422,css,f94476fb,Jin G,2024-09-15,16:12:34,-04:00,2024-09-15T16:12:34-04:00,1,30
src\routes\assignments\a3\+page.svelte,423,css,f94476fb,Jin G,2024-09-15,16:12:34,-04:00,2024-09-15T16:12:34-04:00,0,0
src\routes\assignments\a3\+page.svelte,424,css,f94476fb,Jin G,2024-09-15,16:12:34,-04:00,2024-09-15T16:12:34-04:00,0,0
src\routes\assignments\a3\+page.svelte,425,css,f94476fb,Jin G,2024-09-15,16:12:34,-04:00,2024-09-15T16:12:34-04:00,0,3
src\routes\assignments\a3\+page.svelte,426,css,f94476fb,Jin G,2024-09-15,16:12:34,-04:00,2024-09-15T16:12:34-04:00,0,15
src\routes\assignments\a3\+page.svelte,427,css,f94476fb,Jin G,2024-09-15,16:12:34,-04:00,2024-09-15T16:12:34-04:00,1,15
src\routes\assignments\a3\+page.svelte,428,css,f94476fb,Jin G,2024-09-15,16:12:34,-04:00,2024-09-15T16:12:34-04:00,0,0
src\routes\assignments\a3\+page.svelte,429,css,f94476fb,Jin G,2024-09-15,16:12:34,-04:00,2024-09-15T16:12:34-04:00,0,0
src\routes\assignments\a3\+page.svelte,430,css,f94476fb,Jin G,2024-09-15,16:12:34,-04:00,2024-09-15T16:12:34-04:00,0,10
src\routes\assignments\a3\+page.svelte,431,css,f94476fb,Jin G,2024-09-15,16:12:34,-04:00,2024-09-15T16:12:34-04:00,0,0
src\routes\assignments\a3\+page.svelte,432,css,f94476fb,Jin G,2024-09-15,16:12:34,-04:00,2024-09-15T16:12:34-04:00,0,7
src\routes\assignments\a3\+page.svelte,433,css,f94476fb,Jin G,2024-09-15,16:12:34,-04:00,2024-09-15T16:12:34-04:00,1,25
src\routes\assignments\a3\+page.svelte,434,css,f94476fb,Jin G,2024-09-15,16:12:34,-04:00,2024-09-15T16:12:34-04:00,0,0
src\routes\assignments\a3\+page.svelte,435,css,f94476fb,Jin G,2024-09-15,16:12:34,-04:00,2024-09-15T16:12:34-04:00,0,0
src\routes\assignments\a3\+page.svelte,436,css,f94476fb,Jin G,2024-09-15,16:12:34,-04:00,2024-09-15T16:12:34-04:00,0,3
src\routes\assignments\a3\+page.svelte,437,css,f94476fb,Jin G,2024-09-15,16:12:34,-04:00,2024-09-15T16:12:34-04:00,1,10
src\routes\assignments\a3\+page.svelte,438,css,f94476fb,Jin G,2024-09-15,16:12:34,-04:00,2024-09-15T16:12:34-04:00,2,30
src\routes\assignments\a3\+page.svelte,439,css,f94476fb,Jin G,2024-09-15,16:12:34,-04:00,2024-09-15T16:12:34-04:00,1,0
src\routes\assignments\a3\+page.svelte,440,css,f94476fb,Jin G,2024-09-15,16:12:34,-04:00,2024-09-15T16:12:34-04:00,2,16
src\routes\assignments\a3\+page.svelte,441,css,f94476fb,Jin G,2024-09-15,16:12:34,-04:00,2024-09-15T16:12:34-04:00,0,0
src\routes\assignments\a3\+page.svelte,442,css,f94476fb,Jin G,2024-09-15,16:12:34,-04:00,2024-09-15T16:12:34-04:00,0,0
src\routes\assignments\a3\+page.svelte,443,css,f94476fb,Jin G,2024-09-15,16:12:34,-04:00,2024-09-15T16:12:34-04:00,0,0
src\routes\assignments\a3\+page.svelte,444,css,f94476fb,Jin G,2024-09-15,16:12:34,-04:00,2024-09-15T16:12:34-04:00,0,24
src\routes\assignments\a3\+page.svelte,445,css,f94476fb,Jin G,2024-09-15,16:12:34,-04:00,2024-09-15T16:12:34-04:00,0,0
src\routes\assignments\a3\+page.svelte,446,css,f94476fb,Jin G,2024-09-15,16:12:34,-04:00,2024-09-15T16:12:34-04:00,0,7
src\routes\assignments\a3\+page.svelte,447,css,f94476fb,Jin G,2024-09-15,16:12:34,-04:00,2024-09-15T16:12:34-04:00,1,18
src\routes\assignments\a3\+page.svelte,448,css,f94476fb,Jin G,2024-09-15,16:12:34,-04:00,2024-09-15T16:12:34-04:00,1,18
src\routes\assignments\a3\+page.svelte,449,css,f94476fb,Jin G,2024-09-15,16:12:34,-04:00,2024-09-15T16:12:34-04:00,0,0
src\routes\assignments\a3\+page.svelte,450,css,f94476fb,Jin G,2024-09-15,16:12:34,-04:00,2024-09-15T16:12:34-04:00,0,0
src\routes\assignments\a3\+page.svelte,451,css,f94476fb,Jin G,2024-09-15,16:12:34,-04:00,2024-09-15T16:12:34-04:00,0,5
src\routes\assignments\a3\+page.svelte,452,css,f94476fb,Jin G,2024-09-15,16:12:34,-04:00,2024-09-15T16:12:34-04:00,1,17
src\routes\assignments\a3\+page.svelte,453,css,f94476fb,Jin G,2024-09-15,16:12:34,-04:00,2024-09-15T16:12:34-04:00,1,30
src\routes\assignments\a3\+page.svelte,454,css,f94476fb,Jin G,2024-09-15,16:12:34,-04:00,2024-09-15T16:12:34-04:00,1,19
src\routes\assignments\a3\+page.svelte,455,css,f94476fb,Jin G,2024-09-15,16:12:34,-04:00,2024-09-15T16:12:34-04:00,1,20
src\routes\assignments\a3\+page.svelte,456,css,f94476fb,Jin G,2024-09-15,16:12:34,-04:00,2024-09-15T16:12:34-04:00,0,72
src\routes\assignments\a3\+page.svelte,457,css,f94476fb,Jin G,2024-09-15,16:12:34,-04:00,2024-09-15T16:12:34-04:00,0,15
src\routes\assignments\a3\+page.svelte,458,css,f94476fb,Jin G,2024-09-15,16:12:34,-04:00,2024-09-15T16:12:34-04:00,0,0
src\routes\assignments\a3\+page.svelte,459,css,f94476fb,Jin G,2024-09-15,16:12:34,-04:00,2024-09-15T16:12:34-04:00,0,0
src\routes\assignments\a3\+page.svelte,460,css,f94476fb,Jin G,2024-09-15,16:12:34,-04:00,2024-09-15T16:12:34-04:00,0,0
src\routes\assignments\a3\+page.svelte,461,css,f94476fb,Jin G,2024-09-15,16:12:34,-04:00,2024-09-15T16:12:34-04:00,0,12
src\routes\assignments\a3\+page.svelte,462,css,f94476fb,Jin G,2024-09-15,16:12:34,-04:00,2024-09-15T16:12:34-04:00,0,0
src\routes\assignments\a3\+page.svelte,463,css,f94476fb,Jin G,2024-09-15,16:12:34,-04:00,2024-09-15T16:12:34-04:00,0,7
src\routes\assignments\a3\+page.svelte,464,css,f94476fb,Jin G,2024-09-15,16:12:34,-04:00,2024-09-15T16:12:34-04:00,0,13
src\routes\assignments\a3\+page.svelte,465,css,f94476fb,Jin G,2024-09-15,16:12:34,-04:00,2024-09-15T16:12:34-04:00,0,14
src\routes\assignments\a3\+page.svelte,466,css,f94476fb,Jin G,2024-09-15,16:12:34,-04:00,2024-09-15T16:12:34-04:00,0,20
src\routes\assignments\a3\+page.svelte,467,css,f94476fb,Jin G,2024-09-15,16:12:34,-04:00,2024-09-15T16:12:34-04:00,0,41
src\routes\assignments\a3\+page.svelte,468,css,f94476fb,Jin G,2024-09-15,16:12:34,-04:00,2024-09-15T16:12:34-04:00,0,47
src\routes\assignments\a3\+page.svelte,469,css,f94476fb,Jin G,2024-09-15,16:12:34,-04:00,2024-09-15T16:12:34-04:00,0,18
src\routes\assignments\a3\+page.svelte,470,css,f94476fb,Jin G,2024-09-15,16:12:34,-04:00,2024-09-15T16:12:34-04:00,0,17
src\routes\assignments\a3\+page.svelte,471,css,f94476fb,Jin G,2024-09-15,16:12:34,-04:00,2024-09-15T16:12:34-04:00,0,17
src\routes\assignments\a3\+page.svelte,472,css,f94476fb,Jin G,2024-09-15,16:12:34,-04:00,2024-09-15T16:12:34-04:00,0,0
src\routes\assignments\a3\+page.svelte,473,css,f94476fb,Jin G,2024-09-15,16:12:34,-04:00,2024-09-15T16:12:34-04:00,0,0
src\routes\assignments\a3\+page.svelte,474,css,f94476fb,Jin G,2024-09-15,16:12:34,-04:00,2024-09-15T16:12:34-04:00,0,45
src\routes\assignments\a3\+page.svelte,475,css,f94476fb,Jin G,2024-09-15,16:12:34,-04:00,2024-09-15T16:12:34-04:00,0,15
src\routes\assignments\a3\+page.svelte,476,css,f94476fb,Jin G,2024-09-15,16:12:34,-04:00,2024-09-15T16:12:34-04:00,0,12
src\routes\assignments\a3\+page.svelte,477,css,f94476fb,Jin G,2024-09-15,16:12:34,-04:00,2024-09-15T16:12:34-04:00,0,0
src\routes\assignments\a3\+page.svelte,478,css,f94476fb,Jin G,2024-09-15,16:12:34,-04:00,2024-09-15T16:12:34-04:00,0,0
src\routes\assignments\a3\+page.svelte,479,css,f94476fb,Jin G,2024-09-15,16:12:34,-04:00,2024-09-15T16:12:34-04:00,0,20
src\routes\assignments\a3\+page.svelte,480,css,f94476fb,Jin G,2024-09-15,16:12:34,-04:00,2024-09-15T16:12:34-04:00,0,30
src\routes\assignments\a3\+page.svelte,481,css,f94476fb,Jin G,2024-09-15,16:12:34,-04:00,2024-09-15T16:12:34-04:00,0,35
src\routes\assignments\a3\+page.svelte,482,css,f94476fb,Jin G,2024-09-15,16:12:34,-04:00,2024-09-15T16:12:34-04:00,0,14
src\routes\assignments\a3\+page.svelte,483,css,f94476fb,Jin G,2024-09-15,16:12:34,-04:00,2024-09-15T16:12:34-04:00,0,14
src\routes\assignments\a3\+page.svelte,484,css,f94476fb,Jin G,2024-09-15,16:12:34,-04:00,2024-09-15T16:12:34-04:00,0,17
src\routes\assignments\a3\+page.svelte,485,css,f94476fb,Jin G,2024-09-15,16:12:34,-04:00,2024-09-15T16:12:34-04:00,0,25
src\routes\assignments\a3\+page.svelte,486,css,f94476fb,Jin G,2024-09-15,16:12:34,-04:00,2024-09-15T16:12:34-04:00,0,18
src\routes\assignments\a3\+page.svelte,487,css,f94476fb,Jin G,2024-09-15,16:12:34,-04:00,2024-09-15T16:12:34-04:00,0,0
src\routes\assignments\a3\+page.svelte,488,css,f94476fb,Jin G,2024-09-15,16:12:34,-04:00,2024-09-15T16:12:34-04:00,0,0
src\routes\assignments\a3\+page.svelte,489,css,f94476fb,Jin G,2024-09-15,16:12:34,-04:00,2024-09-15T16:12:34-04:00,0,28
src\routes\assignments\a3\+page.svelte,490,css,f94476fb,Jin G,2024-09-15,16:12:34,-04:00,2024-09-15T16:12:34-04:00,0,39
src\routes\assignments\a3\+page.svelte,491,css,f94476fb,Jin G,2024-09-15,16:12:34,-04:00,2024-09-15T16:12:34-04:00,0,17
src\routes\assignments\a3\+page.svelte,492,css,f94476fb,Jin G,2024-09-15,16:12:34,-04:00,2024-09-15T16:12:34-04:00,0,30
src\routes\assignments\a3\+page.svelte,493,css,f94476fb,Jin G,2024-09-15,16:12:34,-04:00,2024-09-15T16:12:34-04:00,0,0
src\routes\assignments\a3\+page.svelte,494,css,f94476fb,Jin G,2024-09-15,16:12:34,-04:00,2024-09-15T16:12:34-04:00,0,0
src\routes\assignments\a3\+page.svelte,495,css,f94476fb,Jin G,2024-09-15,16:12:34,-04:00,2024-09-15T16:12:34-04:00,0,51
src\routes\assignments\a3\+page.svelte,496,css,f94476fb,Jin G,2024-09-15,16:12:34,-04:00,2024-09-15T16:12:34-04:00,0,14
src\routes\assignments\a3\+page.svelte,497,css,f94476fb,Jin G,2024-09-15,16:12:34,-04:00,2024-09-15T16:12:34-04:00,0,26
src\routes\assignments\a3\+page.svelte,498,css,f94476fb,Jin G,2024-09-15,16:12:34,-04:00,2024-09-15T16:12:34-04:00,0,71
src\routes\assignments\a3\+page.svelte,499,css,f94476fb,Jin G,2024-09-15,16:12:34,-04:00,2024-09-15T16:12:34-04:00,0,0
src\routes\assignments\a3\+page.svelte,500,css,f94476fb,Jin G,2024-09-15,16:12:34,-04:00,2024-09-15T16:12:34-04:00,0,0
src\routes\assignments\a3\+page.svelte,501,css,f94476fb,Jin G,2024-09-15,16:12:34,-04:00,2024-09-15T16:12:34-04:00,0,0
src\routes\assignments\a3\+page.svelte,502,css,f94476fb,Jin G,2024-09-15,16:12:34,-04:00,2024-09-15T16:12:34-04:00,0,18
src\routes\assignments\a3\+page.svelte,503,css,f94476fb,Jin G,2024-09-15,16:12:34,-04:00,2024-09-15T16:12:34-04:00,0,13
src\routes\assignments\a3\+page.svelte,504,css,f94476fb,Jin G,2024-09-15,16:12:34,-04:00,2024-09-15T16:12:34-04:00,0,14
src\routes\assignments\a3\+page.svelte,505,css,f94476fb,Jin G,2024-09-15,16:12:34,-04:00,2024-09-15T16:12:34-04:00,0,14
src\routes\assignments\a3\+page.svelte,506,css,f94476fb,Jin G,2024-09-15,16:12:34,-04:00,2024-09-15T16:12:34-04:00,1,30
src\routes\assignments\a3\+page.svelte,507,css,f94476fb,Jin G,2024-09-15,16:12:34,-04:00,2024-09-15T16:12:34-04:00,0,27
src\routes\assignments\a3\+page.svelte,508,css,f94476fb,Jin G,2024-09-15,16:12:34,-04:00,2024-09-15T16:12:34-04:00,0,16
src\routes\assignments\a3\+page.svelte,509,css,f94476fb,Jin G,2024-09-15,16:12:34,-04:00,2024-09-15T16:12:34-04:00,0,19
src\routes\assignments\a3\+page.svelte,510,css,f94476fb,Jin G,2024-09-15,16:12:34,-04:00,2024-09-15T16:12:34-04:00,0,16
src\routes\assignments\a3\+page.svelte,511,css,f94476fb,Jin G,2024-09-15,16:12:34,-04:00,2024-09-15T16:12:34-04:00,0,17
src\routes\assignments\a3\+page.svelte,512,css,f94476fb,Jin G,2024-09-15,16:12:34,-04:00,2024-09-15T16:12:34-04:00,0,18
src\routes\assignments\a3\+page.svelte,513,css,f94476fb,Jin G,2024-09-15,16:12:34,-04:00,2024-09-15T16:12:34-04:00,0,0
src\routes\assignments\a3\+page.svelte,514,css,f94476fb,Jin G,2024-09-15,16:12:34,-04:00,2024-09-15T16:12:34-04:00,0,0
src\routes\assignments\a3\+page.svelte,515,css,f94476fb,Jin G,2024-09-15,16:12:34,-04:00,2024-09-15T16:12:34-04:00,0,8
src\routes\assignments\a3\+page.svelte,516,css,f94476fb,Jin G,2024-09-15,16:12:34,-04:00,2024-09-15T16:12:34-04:00,0,8
src\routes\assignments\a3\+page.svelte,517,css,f94476fb,Jin G,2024-09-15,16:12:34,-04:00,2024-09-15T16:12:34-04:00,0,9
src\routes\assignments\a3\+page.svelte,518,css,f94476fb,Jin G,2024-09-15,16:12:34,-04:00,2024-09-15T16:12:34-04:00,0,14
src\routes\assignments\a3\+page.svelte,519,css,f94476fb,Jin G,2024-09-15,16:12:34,-04:00,2024-09-15T16:12:34-04:00,0,17
src\routes\assignments\a3\+page.svelte,520,css,f94476fb,Jin G,2024-09-15,16:12:34,-04:00,2024-09-15T16:12:34-04:00,0,18
src\routes\assignments\a3\+page.svelte,521,css,f94476fb,Jin G,2024-09-15,16:12:34,-04:00,2024-09-15T16:12:34-04:00,0,0
src\routes\assignments\a3\+page.svelte,522,css,f94476fb,Jin G,2024-09-15,16:12:34,-04:00,2024-09-15T16:12:34-04:00,0,0
src\routes\assignments\a3\+page.svelte,523,css,f94476fb,Jin G,2024-09-15,16:12:34,-04:00,2024-09-15T16:12:34-04:00,0,37
src\routes\assignments\a3\+page.svelte,524,css,f94476fb,Jin G,2024-09-15,16:12:34,-04:00,2024-09-15T16:12:34-04:00,0,23
src\routes\assignments\a3\+page.svelte,525,css,f94476fb,Jin G,2024-09-15,16:12:34,-04:00,2024-09-15T16:12:34-04:00,0,23
src\routes\assignments\a3\+page.svelte,526,css,f94476fb,Jin G,2024-09-15,16:12:34,-04:00,2024-09-15T16:12:34-04:00,0,23
src\routes\assignments\a3\+page.svelte,527,css,f94476fb,Jin G,2024-09-15,16:12:34,-04:00,2024-09-15T16:12:34-04:00,0,0
src\routes\assignments\a3\+page.svelte,528,css,f94476fb,Jin G,2024-09-15,16:12:34,-04:00,2024-09-15T16:12:34-04:00,0,58
src\routes\assignments\a3\+page.svelte,529,css,f94476fb,Jin G,2024-09-15,16:12:34,-04:00,2024-09-15T16:12:34-04:00,0,26
src\routes\assignments\a3\+page.svelte,530,css,f94476fb,Jin G,2024-09-15,16:12:34,-04:00,2024-09-15T16:12:34-04:00,0,8
src\routes\assignments\a3\+page.svelte,531,css,f94476fb,Jin G,2024-09-15,16:12:34,-04:00,2024-09-15T16:12:34-04:00,0,8
src\routes\assignments\a3\+page.svelte,532,css,f94476fb,Jin G,2024-09-15,16:12:34,-04:00,2024-09-15T16:12:34-04:00,0,9
src\routes\assignments\a3\+page.svelte,533,css,f94476fb,Jin G,2024-09-15,16:12:34,-04:00,2024-09-15T16:12:34-04:00,0,63
src\routes\assignments\a3\+page.svelte,534,css,f94476fb,Jin G,2024-09-15,16:12:34,-04:00,2024-09-15T16:12:34-04:00,0,0
src\routes\assignments\a3\+page.svelte,535,css,f94476fb,Jin G,2024-09-15,16:12:34,-04:00,2024-09-15T16:12:34-04:00,0,0
src\routes\assignments\a3\+page.svelte,536,css,f94476fb,Jin G,2024-09-15,16:12:34,-04:00,2024-09-15T16:12:34-04:00,0,0
src\routes\assignments\a3\+page.svelte,537,css,f94476fb,Jin G,2024-09-15,16:12:34,-04:00,2024-09-15T16:12:34-04:00,0,0
src\routes\assignments\a3\+page.svelte,538,css,f94476fb,Jin G,2024-09-15,16:12:34,-04:00,2024-09-15T16:12:34-04:00,0,13
src\routes\assignments\a3\+page.svelte,539,css,f94476fb,Jin G,2024-09-15,16:12:34,-04:00,2024-09-15T16:12:34-04:00,0,18
src\routes\assignments\a3\+page.svelte,540,css,f94476fb,Jin G,2024-09-15,16:12:34,-04:00,2024-09-15T16:12:34-04:00,0,15
src\routes\assignments\a3\+page.svelte,541,css,f94476fb,Jin G,2024-09-15,16:12:34,-04:00,2024-09-15T16:12:34-04:00,0,0
src\routes\assignments\a3\+page.svelte,542,svelte,f94476fb,Jin G,2024-09-15,16:12:34,-04:00,2024-09-15T16:12:34-04:00,0,7
src\routes\assignments\a2\+page.svelte,1,svelte,f94476fb,Jin G,2024-09-15,16:12:34,-04:00,2024-09-15T16:12:34-04:00,0,12
src\routes\assignments\a2\+page.svelte,2,svelte,f94476fb,Jin G,2024-09-15,16:12:34,-04:00,2024-09-15T16:12:34-04:00,0,26
src\routes\assignments\a2\+page.svelte,3,svelte,f94476fb,Jin G,2024-09-15,16:12:34,-04:00,2024-09-15T16:12:34-04:00,0,13
src\routes\assignments\a2\+page.svelte,4,svelte,f94476fb,Jin G,2024-09-15,16:12:34,-04:00,2024-09-15T16:12:34-04:00,0,0
src\routes\assignments\a2\+page.svelte,5,svelte,4358e736,Jin G,2024-09-18,15:37:52,-04:00,2024-09-18T15:37:52-04:00,0,7
src\routes\assignments\a2\+page.svelte,6,js,4358e736,Jin G,2024-09-18,15:37:52,-04:00,2024-09-18T15:37:52-04:00,0,33
src\routes\assignments\a2\+page.svelte,7,svelte,4358e736,Jin G,2024-09-18,15:37:52,-04:00,2024-09-18T15:37:52-04:00,0,8
src\routes\assignments\a2\+page.svelte,8,svelte,4358e736,Jin G,2024-09-18,15:37:52,-04:00,2024-09-18T15:37:52-04:00,0,0
src\routes\assignments\a2\+page.svelte,9,svelte,f94476fb,Jin G,2024-09-15,16:12:34,-04:00,2024-09-15T16:12:34-04:00,0,7
src\routes\assignments\a2\+page.svelte,10,svelte,f94476fb,Jin G,2024-09-15,16:12:34,-04:00,2024-09-15T16:12:34-04:00,0,3
src\routes\assignments\a2\+page.svelte,11,svelte,f94476fb,Jin G,2024-09-15,16:12:34,-04:00,2024-09-15T16:12:34-04:00,0,26
src\routes\assignments\a2\+page.svelte,12,svelte,f94476fb,Jin G,2024-09-15,16:12:34,-04:00,2024-09-15T16:12:34-04:00,0,24
src\routes\assignments\a2\+page.svelte,13,svelte,f94476fb,Jin G,2024-09-15,16:12:34,-04:00,2024-09-15T16:12:34-04:00,0,4
src\routes\assignments\a2\+page.svelte,14,svelte,f94476fb,Jin G,2024-09-15,16:12:34,-04:00,2024-09-15T16:12:34-04:00,0,0
src\routes\assignments\a2\+page.svelte,15,svelte,f94476fb,Jin G,2024-09-15,16:12:34,-04:00,2024-09-15T16:12:34-04:00,0,56
src\routes\assignments\a2\+page.svelte,16,svelte,f94476fb,Jin G,2024-09-15,16:12:34,-04:00,2024-09-15T16:12:34-04:00,0,8
src\routes\assignments\a2\+page.svelte,17,svelte,f94476fb,Jin G,2024-09-15,16:12:34,-04:00,2024-09-15T16:12:34-04:00,0,5
src\routes\assignments\a2\+page.svelte,18,svelte,f94476fb,Jin G,2024-09-15,16:12:34,-04:00,2024-09-15T16:12:34-04:00,0,8
src\routes\assignments\a2\+page.svelte,19,svelte,f94476fb,Jin G,2024-09-15,16:12:34,-04:00,2024-09-15T16:12:34-04:00,0,31
src\routes\assignments\a2\+page.svelte,20,svelte,f94476fb,Jin G,2024-09-15,16:12:34,-04:00,2024-09-15T16:12:34-04:00,0,21
src\routes\assignments\a2\+page.svelte,21,svelte,f94476fb,Jin G,2024-09-15,16:12:34,-04:00,2024-09-15T16:12:34-04:00,0,2
src\routes\assignments\a2\+page.svelte,22,svelte,f94476fb,Jin G,2024-09-15,16:12:34,-04:00,2024-09-15T16:12:34-04:00,0,67
src\routes\assignments\a2\+page.svelte,23,svelte,f94476fb,Jin G,2024-09-15,16:12:34,-04:00,2024-09-15T16:12:34-04:00,0,63
src\routes\assignments\a2\+page.svelte,24,svelte,f94476fb,Jin G,2024-09-15,16:12:34,-04:00,2024-09-15T16:12:34-04:00,0,69
src\routes\assignments\a2\+page.svelte,25,svelte,f94476fb,Jin G,2024-09-15,16:12:34,-04:00,2024-09-15T16:12:34-04:00,0,23
src\routes\assignments\a2\+page.svelte,26,svelte,f94476fb,Jin G,2024-09-15,16:12:34,-04:00,2024-09-15T16:12:34-04:00,0,3
src\routes\assignments\a2\+page.svelte,27,svelte,f94476fb,Jin G,2024-09-15,16:12:34,-04:00,2024-09-15T16:12:34-04:00,0,71
src\routes\assignments\a2\+page.svelte,28,svelte,f94476fb,Jin G,2024-09-15,16:12:34,-04:00,2024-09-15T16:12:34-04:00,0,21
src\routes\assignments\a2\+page.svelte,29,svelte,f94476fb,Jin G,2024-09-15,16:12:34,-04:00,2024-09-15T16:12:34-04:00,0,4
src\routes\assignments\a2\+page.svelte,30,svelte,f94476fb,Jin G,2024-09-15,16:12:34,-04:00,2024-09-15T16:12:34-04:00,0,3
src\routes\assignments\a2\+page.svelte,31,svelte,f94476fb,Jin G,2024-09-15,16:12:34,-04:00,2024-09-15T16:12:34-04:00,0,67
src\routes\assignments\a2\+page.svelte,32,svelte,f94476fb,Jin G,2024-09-15,16:12:34,-04:00,2024-09-15T16:12:34-04:00,0,69
src\routes\assignments\a2\+page.svelte,33,svelte,f94476fb,Jin G,2024-09-15,16:12:34,-04:00,2024-09-15T16:12:34-04:00,0,66
src\routes\assignments\a2\+page.svelte,34,svelte,f94476fb,Jin G,2024-09-15,16:12:34,-04:00,2024-09-15T16:12:34-04:00,0,53
src\routes\assignments\a2\+page.svelte,35,svelte,f94476fb,Jin G,2024-09-15,16:12:34,-04:00,2024-09-15T16:12:34-04:00,0,4
src\routes\assignments\a2\+page.svelte,36,svelte,f94476fb,Jin G,2024-09-15,16:12:34,-04:00,2024-09-15T16:12:34-04:00,0,3
src\routes\assignments\a2\+page.svelte,37,svelte,f94476fb,Jin G,2024-09-15,16:12:34,-04:00,2024-09-15T16:12:34-04:00,0,0
src\routes\assignments\a2\+page.svelte,38,svelte,f94476fb,Jin G,2024-09-15,16:12:34,-04:00,2024-09-15T16:12:34-04:00,0,34
src\routes\assignments\a2\+page.svelte,39,svelte,f94476fb,Jin G,2024-09-15,16:12:34,-04:00,2024-09-15T16:12:34-04:00,0,0
src\routes\assignments\a2\+page.svelte,40,svelte,f94476fb,Jin G,2024-09-15,16:12:34,-04:00,2024-09-15T16:12:34-04:00,0,3
src\routes\assignments\a2\+page.svelte,41,svelte,f94476fb,Jin G,2024-09-15,16:12:34,-04:00,2024-09-15T16:12:34-04:00,0,3
src\routes\assignments\a2\+page.svelte,42,svelte,f94476fb,Jin G,2024-09-15,16:12:34,-04:00,2024-09-15T16:12:34-04:00,0,71
src\routes\assignments\a2\+page.svelte,43,svelte,f94476fb,Jin G,2024-09-15,16:12:34,-04:00,2024-09-15T16:12:34-04:00,0,44
src\routes\assignments\a2\+page.svelte,44,svelte,f94476fb,Jin G,2024-09-15,16:12:34,-04:00,2024-09-15T16:12:34-04:00,0,4
src\routes\assignments\a2\+page.svelte,45,svelte,f94476fb,Jin G,2024-09-15,16:12:34,-04:00,2024-09-15T16:12:34-04:00,0,3
src\routes\assignments\a2\+page.svelte,46,svelte,f94476fb,Jin G,2024-09-15,16:12:34,-04:00,2024-09-15T16:12:34-04:00,0,67
src\routes\assignments\a2\+page.svelte,47,svelte,f94476fb,Jin G,2024-09-15,16:12:34,-04:00,2024-09-15T16:12:34-04:00,0,62
src\routes\assignments\a2\+page.svelte,48,svelte,f94476fb,Jin G,2024-09-15,16:12:34,-04:00,2024-09-15T16:12:34-04:00,0,4
src\routes\assignments\a2\+page.svelte,49,svelte,f94476fb,Jin G,2024-09-15,16:12:34,-04:00,2024-09-15T16:12:34-04:00,0,3
src\routes\assignments\a2\+page.svelte,50,svelte,f94476fb,Jin G,2024-09-15,16:12:34,-04:00,2024-09-15T16:12:34-04:00,0,71
src\routes\assignments\a2\+page.svelte,51,svelte,f94476fb,Jin G,2024-09-15,16:12:34,-04:00,2024-09-15T16:12:34-04:00,0,70
src\routes\assignments\a2\+page.svelte,52,svelte,f94476fb,Jin G,2024-09-15,16:12:34,-04:00,2024-09-15T16:12:34-04:00,0,70
src\routes\assignments\a2\+page.svelte,53,svelte,f94476fb,Jin G,2024-09-15,16:12:34,-04:00,2024-09-15T16:12:34-04:00,0,29
src\routes\assignments\a2\+page.svelte,54,svelte,f94476fb,Jin G,2024-09-15,16:12:34,-04:00,2024-09-15T16:12:34-04:00,0,4
src\routes\assignments\a2\+page.svelte,55,svelte,f94476fb,Jin G,2024-09-15,16:12:34,-04:00,2024-09-15T16:12:34-04:00,0,3
src\routes\assignments\a2\+page.svelte,56,svelte,f94476fb,Jin G,2024-09-15,16:12:34,-04:00,2024-09-15T16:12:34-04:00,0,68
src\routes\assignments\a2\+page.svelte,57,svelte,f94476fb,Jin G,2024-09-15,16:12:34,-04:00,2024-09-15T16:12:34-04:00,0,55
src\routes\assignments\a2\+page.svelte,58,svelte,f94476fb,Jin G,2024-09-15,16:12:34,-04:00,2024-09-15T16:12:34-04:00,0,4
src\routes\assignments\a2\+page.svelte,59,svelte,f94476fb,Jin G,2024-09-15,16:12:34,-04:00,2024-09-15T16:12:34-04:00,0,3
src\routes\assignments\a2\+page.svelte,60,svelte,f94476fb,Jin G,2024-09-15,16:12:34,-04:00,2024-09-15T16:12:34-04:00,0,70
src\routes\assignments\a2\+page.svelte,61,svelte,f94476fb,Jin G,2024-09-15,16:12:34,-04:00,2024-09-15T16:12:34-04:00,0,60
src\routes\assignments\a2\+page.svelte,62,svelte,f94476fb,Jin G,2024-09-15,16:12:34,-04:00,2024-09-15T16:12:34-04:00,0,66
src\routes\assignments\a2\+page.svelte,63,svelte,f94476fb,Jin G,2024-09-15,16:12:34,-04:00,2024-09-15T16:12:34-04:00,0,69
src\routes\assignments\a2\+page.svelte,64,svelte,f94476fb,Jin G,2024-09-15,16:12:34,-04:00,2024-09-15T16:12:34-04:00,0,38
src\routes\assignments\a2\+page.svelte,65,svelte,f94476fb,Jin G,2024-09-15,16:12:34,-04:00,2024-09-15T16:12:34-04:00,0,4
src\routes\assignments\a2\+page.svelte,66,svelte,f94476fb,Jin G,2024-09-15,16:12:34,-04:00,2024-09-15T16:12:34-04:00,0,3
src\routes\assignments\a2\+page.svelte,67,svelte,f94476fb,Jin G,2024-09-15,16:12:34,-04:00,2024-09-15T16:12:34-04:00,0,70
src\routes\assignments\a2\+page.svelte,68,svelte,f94476fb,Jin G,2024-09-15,16:12:34,-04:00,2024-09-15T16:12:34-04:00,0,69
src\routes\assignments\a2\+page.svelte,69,svelte,f94476fb,Jin G,2024-09-15,16:12:34,-04:00,2024-09-15T16:12:34-04:00,0,26
src\routes\assignments\a2\+page.svelte,70,svelte,f94476fb,Jin G,2024-09-15,16:12:34,-04:00,2024-09-15T16:12:34-04:00,0,4
src\routes\assignments\a2\+page.svelte,71,svelte,f94476fb,Jin G,2024-09-15,16:12:34,-04:00,2024-09-15T16:12:34-04:00,0,3
src\routes\assignments\a2\+page.svelte,72,svelte,f94476fb,Jin G,2024-09-15,16:12:34,-04:00,2024-09-15T16:12:34-04:00,0,68
src\routes\assignments\a2\+page.svelte,73,svelte,f94476fb,Jin G,2024-09-15,16:12:34,-04:00,2024-09-15T16:12:34-04:00,0,63
src\routes\assignments\a2\+page.svelte,74,svelte,f94476fb,Jin G,2024-09-15,16:12:34,-04:00,2024-09-15T16:12:34-04:00,0,70
src\routes\assignments\a2\+page.svelte,75,svelte,f94476fb,Jin G,2024-09-15,16:12:34,-04:00,2024-09-15T16:12:34-04:00,0,4
src\routes\assignments\a2\+page.svelte,76,svelte,f94476fb,Jin G,2024-09-15,16:12:34,-04:00,2024-09-15T16:12:34-04:00,0,3
src\routes\assignments\a2\+page.svelte,77,svelte,f94476fb,Jin G,2024-09-15,16:12:34,-04:00,2024-09-15T16:12:34-04:00,0,66
src\routes\assignments\a2\+page.svelte,78,svelte,f94476fb,Jin G,2024-09-15,16:12:34,-04:00,2024-09-15T16:12:34-04:00,0,68
src\routes\assignments\a2\+page.svelte,79,svelte,f94476fb,Jin G,2024-09-15,16:12:34,-04:00,2024-09-15T16:12:34-04:00,0,37
src\routes\assignments\a2\+page.svelte,80,svelte,f94476fb,Jin G,2024-09-15,16:12:34,-04:00,2024-09-15T16:12:34-04:00,0,4
src\routes\assignments\a2\+page.svelte,81,svelte,f94476fb,Jin G,2024-09-15,16:12:34,-04:00,2024-09-15T16:12:34-04:00,0,4
src\routes\assignments\a2\+page.svelte,82,svelte,f94476fb,Jin G,2024-09-15,16:12:34,-04:00,2024-09-15T16:12:34-04:00,0,9
src\routes\assignments\a2\+page.svelte,83,svelte,f94476fb,Jin G,2024-09-15,16:12:34,-04:00,2024-09-15T16:12:34-04:00,0,6
src\routes\assignments\a2\+page.svelte,84,svelte,f94476fb,Jin G,2024-09-15,16:12:34,-04:00,2024-09-15T16:12:34-04:00,0,0
src\routes\assignments\a2\+page.svelte,85,svelte,f94476fb,Jin G,2024-09-15,16:12:34,-04:00,2024-09-15T16:12:34-04:00,0,0
src\routes\assignments\a2\+page.svelte,86,svelte,f94476fb,Jin G,2024-09-15,16:12:34,-04:00,2024-09-15T16:12:34-04:00,0,5
src\routes\assignments\a2\+page.svelte,87,svelte,f94476fb,Jin G,2024-09-15,16:12:34,-04:00,2024-09-15T16:12:34-04:00,0,8
src\routes\assignments\a2\+page.svelte,88,svelte,f94476fb,Jin G,2024-09-15,16:12:34,-04:00,2024-09-15T16:12:34-04:00,0,30
src\routes\assignments\a2\+page.svelte,89,svelte,f94476fb,Jin G,2024-09-15,16:12:34,-04:00,2024-09-15T16:12:34-04:00,0,32
src\routes\assignments\a2\+page.svelte,90,svelte,f94476fb,Jin G,2024-09-15,16:12:34,-04:00,2024-09-15T16:12:34-04:00,0,0
src\routes\assignments\a2\+page.svelte,91,svelte,f94476fb,Jin G,2024-09-15,16:12:34,-04:00,2024-09-15T16:12:34-04:00,0,7
src\routes\assignments\a2\+page.svelte,92,svelte,9d554aca,Jin G,2024-09-18,14:58:26,-04:00,2024-09-18T14:58:26-04:00,0,87
src\routes\assignments\a2\+page.svelte,93,svelte,f94476fb,Jin G,2024-09-15,16:12:34,-04:00,2024-09-15T16:12:34-04:00,0,63
src\routes\assignments\a2\+page.svelte,94,svelte,f94476fb,Jin G,2024-09-15,16:12:34,-04:00,2024-09-15T16:12:34-04:00,0,12
src\routes\assignments\a2\+page.svelte,95,svelte,f94476fb,Jin G,2024-09-15,16:12:34,-04:00,2024-09-15T16:12:34-04:00,0,65
src\routes\assignments\a2\+page.svelte,96,svelte,f94476fb,Jin G,2024-09-15,16:12:34,-04:00,2024-09-15T16:12:34-04:00,0,62
src\routes\assignments\a2\+page.svelte,97,svelte,f94476fb,Jin G,2024-09-15,16:12:34,-04:00,2024-09-15T16:12:34-04:00,0,66
src\routes\assignments\a2\+page.svelte,98,svelte,f94476fb,Jin G,2024-09-15,16:12:34,-04:00,2024-09-15T16:12:34-04:00,0,36
src\routes\assignments\a2\+page.svelte,99,svelte,f94476fb,Jin G,2024-09-15,16:12:34,-04:00,2024-09-15T16:12:34-04:00,0,13
src\routes\assignments\a2\+page.svelte,100,svelte,f94476fb,Jin G,2024-09-15,16:12:34,-04:00,2024-09-15T16:12:34-04:00,0,8
src\routes\assignments\a2\+page.svelte,101,svelte,f94476fb,Jin G,2024-09-15,16:12:34,-04:00,2024-09-15T16:12:34-04:00,0,0
src\routes\assignments\a2\+page.svelte,102,svelte,f94476fb,Jin G,2024-09-15,16:12:34,-04:00,2024-09-15T16:12:34-04:00,0,7
src\routes\assignments\a2\+page.svelte,103,svelte,f94476fb,Jin G,2024-09-15,16:12:34,-04:00,2024-09-15T16:12:34-04:00,0,71
src\routes\assignments\a2\+page.svelte,104,svelte,f94476fb,Jin G,2024-09-15,16:12:34,-04:00,2024-09-15T16:12:34-04:00,0,19
src\routes\assignments\a2\+page.svelte,105,svelte,9d554aca,Jin G,2024-09-18,14:58:26,-04:00,2024-09-18T14:58:26-04:00,0,52
src\routes\assignments\a2\+page.svelte,106,svelte,f94476fb,Jin G,2024-09-15,16:12:34,-04:00,2024-09-15T16:12:34-04:00,0,30
src\routes\assignments\a2\+page.svelte,107,svelte,f94476fb,Jin G,2024-09-15,16:12:34,-04:00,2024-09-15T16:12:34-04:00,0,1
src\routes\assignments\a2\+page.svelte,108,svelte,f94476fb,Jin G,2024-09-15,16:12:34,-04:00,2024-09-15T16:12:34-04:00,0,0
src\routes\assignments\a2\+page.svelte,109,svelte,f94476fb,Jin G,2024-09-15,16:12:34,-04:00,2024-09-15T16:12:34-04:00,0,12
src\routes\assignments\a2\+page.svelte,110,svelte,f94476fb,Jin G,2024-09-15,16:12:34,-04:00,2024-09-15T16:12:34-04:00,0,66
src\routes\assignments\a2\+page.svelte,111,svelte,f94476fb,Jin G,2024-09-15,16:12:34,-04:00,2024-09-15T16:12:34-04:00,0,66
src\routes\assignments\a2\+page.svelte,112,svelte,f94476fb,Jin G,2024-09-15,16:12:34,-04:00,2024-09-15T16:12:34-04:00,0,62
src\routes\assignments\a2\+page.svelte,113,svelte,f94476fb,Jin G,2024-09-15,16:12:34,-04:00,2024-09-15T16:12:34-04:00,0,5
src\routes\assignments\a2\+page.svelte,114,svelte,f94476fb,Jin G,2024-09-15,16:12:34,-04:00,2024-09-15T16:12:34-04:00,0,3
src\routes\assignments\a2\+page.svelte,115,svelte,f94476fb,Jin G,2024-09-15,16:12:34,-04:00,2024-09-15T16:12:34-04:00,0,60
src\routes\assignments\a2\+page.svelte,116,svelte,f94476fb,Jin G,2024-09-15,16:12:34,-04:00,2024-09-15T16:12:34-04:00,0,32
src\routes\assignments\a2\+page.svelte,117,svelte,f94476fb,Jin G,2024-09-15,16:12:34,-04:00,2024-09-15T16:12:34-04:00,0,4
src\routes\assignments\a2\+page.svelte,118,svelte,f94476fb,Jin G,2024-09-15,16:12:34,-04:00,2024-09-15T16:12:34-04:00,0,52
src\routes\assignments\a2\+page.svelte,119,svelte,f94476fb,Jin G,2024-09-15,16:12:34,-04:00,2024-09-15T16:12:34-04:00,0,0
src\routes\assignments\a2\+page.svelte,120,svelte,f94476fb,Jin G,2024-09-15,16:12:34,-04:00,2024-09-15T16:12:34-04:00,0,173
src\routes\assignments\a2\+page.svelte,121,svelte,f94476fb,Jin G,2024-09-15,16:12:34,-04:00,2024-09-15T16:12:34-04:00,0,0
src\routes\assignments\a2\+page.svelte,122,svelte,f94476fb,Jin G,2024-09-15,16:12:34,-04:00,2024-09-15T16:12:34-04:00,0,103
src\routes\assignments\a2\+page.svelte,123,svelte,f94476fb,Jin G,2024-09-15,16:12:34,-04:00,2024-09-15T16:12:34-04:00,0,2
src\routes\assignments\a2\+page.svelte,124,svelte,f94476fb,Jin G,2024-09-15,16:12:34,-04:00,2024-09-15T16:12:34-04:00,0,62
src\routes\assignments\a2\+page.svelte,125,svelte,f94476fb,Jin G,2024-09-15,16:12:34,-04:00,2024-09-15T16:12:34-04:00,0,59
src\routes\assignments\a2\+page.svelte,126,svelte,f94476fb,Jin G,2024-09-15,16:12:34,-04:00,2024-09-15T16:12:34-04:00,0,11
src\routes\assignments\a2\+page.svelte,127,svelte,f94476fb,Jin G,2024-09-15,16:12:34,-04:00,2024-09-15T16:12:34-04:00,0,56
src\routes\assignments\a2\+page.svelte,128,svelte,f94476fb,Jin G,2024-09-15,16:12:34,-04:00,2024-09-15T16:12:34-04:00,0,64
src\routes\assignments\a2\+page.svelte,129,svelte,f94476fb,Jin G,2024-09-15,16:12:34,-04:00,2024-09-15T16:12:34-04:00,0,67
src\routes\assignments\a2\+page.svelte,130,svelte,f94476fb,Jin G,2024-09-15,16:12:34,-04:00,2024-09-15T16:12:34-04:00,0,61
src\routes\assignments\a2\+page.svelte,131,svelte,f94476fb,Jin G,2024-09-15,16:12:34,-04:00,2024-09-15T16:12:34-04:00,0,57
src\routes\assignments\a2\+page.svelte,132,svelte,f94476fb,Jin G,2024-09-15,16:12:34,-04:00,2024-09-15T16:12:34-04:00,0,4
src\routes\assignments\a2\+page.svelte,133,svelte,f94476fb,Jin G,2024-09-15,16:12:34,-04:00,2024-09-15T16:12:34-04:00,0,3
src\routes\assignments\a2\+page.svelte,134,svelte,f94476fb,Jin G,2024-09-15,16:12:34,-04:00,2024-09-15T16:12:34-04:00,0,62
src\routes\assignments\a2\+page.svelte,135,svelte,f94476fb,Jin G,2024-09-15,16:12:34,-04:00,2024-09-15T16:12:34-04:00,0,65
src\routes\assignments\a2\+page.svelte,136,svelte,f94476fb,Jin G,2024-09-15,16:12:34,-04:00,2024-09-15T16:12:34-04:00,0,67
src\routes\assignments\a2\+page.svelte,137,svelte,f94476fb,Jin G,2024-09-15,16:12:34,-04:00,2024-09-15T16:12:34-04:00,0,44
src\routes\assignments\a2\+page.svelte,138,svelte,f94476fb,Jin G,2024-09-15,16:12:34,-04:00,2024-09-15T16:12:34-04:00,0,3
src\routes\assignments\a2\+page.svelte,139,svelte,f94476fb,Jin G,2024-09-15,16:12:34,-04:00,2024-09-15T16:12:34-04:00,0,0
src\routes\assignments\a2\+page.svelte,140,svelte,f94476fb,Jin G,2024-09-15,16:12:34,-04:00,2024-09-15T16:12:34-04:00,0,217
src\routes\assignments\a2\+page.svelte,141,svelte,f94476fb,Jin G,2024-09-15,16:12:34,-04:00,2024-09-15T16:12:34-04:00,0,67
src\routes\assignments\a2\+page.svelte,142,svelte,f94476fb,Jin G,2024-09-15,16:12:34,-04:00,2024-09-15T16:12:34-04:00,0,63
src\routes\assignments\a2\+page.svelte,143,svelte,f94476fb,Jin G,2024-09-15,16:12:34,-04:00,2024-09-15T16:12:34-04:00,0,66
src\routes\assignments\a2\+page.svelte,144,svelte,f94476fb,Jin G,2024-09-15,16:12:34,-04:00,2024-09-15T16:12:34-04:00,0,67
src\routes\assignments\a2\+page.svelte,145,svelte,f94476fb,Jin G,2024-09-15,16:12:34,-04:00,2024-09-15T16:12:34-04:00,0,25
src\routes\assignments\a2\+page.svelte,146,svelte,f94476fb,Jin G,2024-09-15,16:12:34,-04:00,2024-09-15T16:12:34-04:00,0,4
src\routes\assignments\a2\+page.svelte,147,svelte,f94476fb,Jin G,2024-09-15,16:12:34,-04:00,2024-09-15T16:12:34-04:00,0,3
src\routes\assignments\a2\+page.svelte,148,svelte,f94476fb,Jin G,2024-09-15,16:12:34,-04:00,2024-09-15T16:12:34-04:00,0,13
src\routes\assignments\a2\+page.svelte,149,svelte,f94476fb,Jin G,2024-09-15,16:12:34,-04:00,2024-09-15T16:12:34-04:00,0,8
src\routes\assignments\a2\+page.svelte,150,svelte,f94476fb,Jin G,2024-09-15,16:12:34,-04:00,2024-09-15T16:12:34-04:00,0,0
src\routes\assignments\a2\+page.svelte,151,svelte,f94476fb,Jin G,2024-09-15,16:12:34,-04:00,2024-09-15T16:12:34-04:00,0,19
src\routes\assignments\a2\+page.svelte,152,svelte,f94476fb,Jin G,2024-09-15,16:12:34,-04:00,2024-09-15T16:12:34-04:00,0,0
src\routes\assignments\a2\+page.svelte,153,svelte,f94476fb,Jin G,2024-09-15,16:12:34,-04:00,2024-09-15T16:12:34-04:00,0,7
src\routes\assignments\a2\+page.svelte,154,svelte,9d554aca,Jin G,2024-09-18,14:58:26,-04:00,2024-09-18T14:58:26-04:00,0,93
src\routes\assignments\a2\+page.svelte,155,svelte,f94476fb,Jin G,2024-09-15,16:12:34,-04:00,2024-09-15T16:12:34-04:00,0,72
src\routes\assignments\a2\+page.svelte,156,svelte,f94476fb,Jin G,2024-09-15,16:12:34,-04:00,2024-09-15T16:12:34-04:00,0,12
src\routes\assignments\a2\+page.svelte,157,svelte,f94476fb,Jin G,2024-09-15,16:12:34,-04:00,2024-09-15T16:12:34-04:00,0,66
src\routes\assignments\a2\+page.svelte,158,svelte,f94476fb,Jin G,2024-09-15,16:12:34,-04:00,2024-09-15T16:12:34-04:00,0,65
src\routes\assignments\a2\+page.svelte,159,svelte,f94476fb,Jin G,2024-09-15,16:12:34,-04:00,2024-09-15T16:12:34-04:00,0,67
src\routes\assignments\a2\+page.svelte,160,svelte,f94476fb,Jin G,2024-09-15,16:12:34,-04:00,2024-09-15T16:12:34-04:00,0,45
src\routes\assignments\a2\+page.svelte,161,svelte,f94476fb,Jin G,2024-09-15,16:12:34,-04:00,2024-09-15T16:12:34-04:00,0,42
src\routes\assignments\a2\+page.svelte,162,svelte,f94476fb,Jin G,2024-09-15,16:12:34,-04:00,2024-09-15T16:12:34-04:00,0,63
src\routes\assignments\a2\+page.svelte,163,svelte,f94476fb,Jin G,2024-09-15,16:12:34,-04:00,2024-09-15T16:12:34-04:00,0,58
src\routes\assignments\a2\+page.svelte,164,svelte,f94476fb,Jin G,2024-09-15,16:12:34,-04:00,2024-09-15T16:12:34-04:00,0,59
src\routes\assignments\a2\+page.svelte,165,svelte,f94476fb,Jin G,2024-09-15,16:12:34,-04:00,2024-09-15T16:12:34-04:00,0,60
src\routes\assignments\a2\+page.svelte,166,svelte,f94476fb,Jin G,2024-09-15,16:12:34,-04:00,2024-09-15T16:12:34-04:00,0,63
src\routes\assignments\a2\+page.svelte,167,svelte,f94476fb,Jin G,2024-09-15,16:12:34,-04:00,2024-09-15T16:12:34-04:00,0,63
src\routes\assignments\a2\+page.svelte,168,svelte,f94476fb,Jin G,2024-09-15,16:12:34,-04:00,2024-09-15T16:12:34-04:00,0,63
src\routes\assignments\a2\+page.svelte,169,svelte,f94476fb,Jin G,2024-09-15,16:12:34,-04:00,2024-09-15T16:12:34-04:00,0,60
src\routes\assignments\a2\+page.svelte,170,svelte,f94476fb,Jin G,2024-09-15,16:12:34,-04:00,2024-09-15T16:12:34-04:00,0,62
src\routes\assignments\a2\+page.svelte,171,svelte,f94476fb,Jin G,2024-09-15,16:12:34,-04:00,2024-09-15T16:12:34-04:00,0,66
src\routes\assignments\a2\+page.svelte,172,svelte,f94476fb,Jin G,2024-09-15,16:12:34,-04:00,2024-09-15T16:12:34-04:00,0,62
src\routes\assignments\a2\+page.svelte,173,svelte,f94476fb,Jin G,2024-09-15,16:12:34,-04:00,2024-09-15T16:12:34-04:00,0,56
src\routes\assignments\a2\+page.svelte,174,svelte,f94476fb,Jin G,2024-09-15,16:12:34,-04:00,2024-09-15T16:12:34-04:00,0,62
src\routes\assignments\a2\+page.svelte,175,svelte,f94476fb,Jin G,2024-09-15,16:12:34,-04:00,2024-09-15T16:12:34-04:00,0,57
src\routes\assignments\a2\+page.svelte,176,svelte,f94476fb,Jin G,2024-09-15,16:12:34,-04:00,2024-09-15T16:12:34-04:00,0,67
src\routes\assignments\a2\+page.svelte,177,svelte,f94476fb,Jin G,2024-09-15,16:12:34,-04:00,2024-09-15T16:12:34-04:00,0,13
src\routes\assignments\a2\+page.svelte,178,svelte,f94476fb,Jin G,2024-09-15,16:12:34,-04:00,2024-09-15T16:12:34-04:00,0,8
src\routes\assignments\a2\+page.svelte,179,svelte,f94476fb,Jin G,2024-09-15,16:12:34,-04:00,2024-09-15T16:12:34-04:00,0,0
src\routes\assignments\a2\+page.svelte,180,svelte,f94476fb,Jin G,2024-09-15,16:12:34,-04:00,2024-09-15T16:12:34-04:00,0,7
src\routes\assignments\a2\+page.svelte,181,svelte,f94476fb,Jin G,2024-09-15,16:12:34,-04:00,2024-09-15T16:12:34-04:00,0,19
src\routes\assignments\a2\+page.svelte,182,svelte,9d554aca,Jin G,2024-09-18,14:58:26,-04:00,2024-09-18T14:58:26-04:00,0,51
src\routes\assignments\a2\+page.svelte,183,svelte,f94476fb,Jin G,2024-09-15,16:12:34,-04:00,2024-09-15T16:12:34-04:00,0,29
src\routes\assignments\a2\+page.svelte,184,svelte,f94476fb,Jin G,2024-09-15,16:12:34,-04:00,2024-09-15T16:12:34-04:00,0,1
src\routes\assignments\a2\+page.svelte,185,svelte,f94476fb,Jin G,2024-09-15,16:12:34,-04:00,2024-09-15T16:12:34-04:00,0,43
src\routes\assignments\a2\+page.svelte,186,svelte,f94476fb,Jin G,2024-09-15,16:12:34,-04:00,2024-09-15T16:12:34-04:00,0,12
src\routes\assignments\a2\+page.svelte,187,svelte,f94476fb,Jin G,2024-09-15,16:12:34,-04:00,2024-09-15T16:12:34-04:00,0,81
src\routes\assignments\a2\+page.svelte,188,svelte,f94476fb,Jin G,2024-09-15,16:12:34,-04:00,2024-09-15T16:12:34-04:00,0,62
src\routes\assignments\a2\+page.svelte,189,svelte,f94476fb,Jin G,2024-09-15,16:12:34,-04:00,2024-09-15T16:12:34-04:00,0,63
src\routes\assignments\a2\+page.svelte,190,svelte,f94476fb,Jin G,2024-09-15,16:12:34,-04:00,2024-09-15T16:12:34-04:00,0,65
src\routes\assignments\a2\+page.svelte,191,svelte,f94476fb,Jin G,2024-09-15,16:12:34,-04:00,2024-09-15T16:12:34-04:00,0,67
src\routes\assignments\a2\+page.svelte,192,svelte,f94476fb,Jin G,2024-09-15,16:12:34,-04:00,2024-09-15T16:12:34-04:00,0,13
src\routes\assignments\a2\+page.svelte,193,svelte,f94476fb,Jin G,2024-09-15,16:12:34,-04:00,2024-09-15T16:12:34-04:00,0,13
src\routes\assignments\a2\+page.svelte,194,svelte,f94476fb,Jin G,2024-09-15,16:12:34,-04:00,2024-09-15T16:12:34-04:00,0,8
src\routes\assignments\a2\+page.svelte,195,svelte,f94476fb,Jin G,2024-09-15,16:12:34,-04:00,2024-09-15T16:12:34-04:00,0,0
src\routes\assignments\a2\+page.svelte,196,svelte,f94476fb,Jin G,2024-09-15,16:12:34,-04:00,2024-09-15T16:12:34-04:00,0,7
src\routes\assignments\a2\+page.svelte,197,svelte,f94476fb,Jin G,2024-09-15,16:12:34,-04:00,2024-09-15T16:12:34-04:00,0,19
src\routes\assignments\a2\+page.svelte,198,svelte,9d554aca,Jin G,2024-09-18,14:58:26,-04:00,2024-09-18T14:58:26-04:00,0,48
src\routes\assignments\a2\+page.svelte,199,svelte,f94476fb,Jin G,2024-09-15,16:12:34,-04:00,2024-09-15T16:12:34-04:00,0,26
src\routes\assignments\a2\+page.svelte,200,svelte,f94476fb,Jin G,2024-09-15,16:12:34,-04:00,2024-09-15T16:12:34-04:00,0,1
src\routes\assignments\a2\+page.svelte,201,svelte,f94476fb,Jin G,2024-09-15,16:12:34,-04:00,2024-09-15T16:12:34-04:00,0,62
src\routes\assignments\a2\+page.svelte,202,svelte,f94476fb,Jin G,2024-09-15,16:12:34,-04:00,2024-09-15T16:12:34-04:00,0,165
src\routes\assignments\a2\+page.svelte,203,svelte,f94476fb,Jin G,2024-09-15,16:12:34,-04:00,2024-09-15T16:12:34-04:00,0,66
src\routes\assignments\a2\+page.svelte,204,svelte,f94476fb,Jin G,2024-09-15,16:12:34,-04:00,2024-09-15T16:12:34-04:00,0,67
src\routes\assignments\a2\+page.svelte,205,svelte,f94476fb,Jin G,2024-09-15,16:12:34,-04:00,2024-09-15T16:12:34-04:00,0,73
src\routes\assignments\a2\+page.svelte,206,svelte,f94476fb,Jin G,2024-09-15,16:12:34,-04:00,2024-09-15T16:12:34-04:00,0,8
src\routes\assignments\a2\+page.svelte,207,svelte,f94476fb,Jin G,2024-09-15,16:12:34,-04:00,2024-09-15T16:12:34-04:00,0,0
src\routes\assignments\a2\+page.svelte,208,svelte,f94476fb,Jin G,2024-09-15,16:12:34,-04:00,2024-09-15T16:12:34-04:00,0,28
src\routes\assignments\a2\+page.svelte,209,svelte,f94476fb,Jin G,2024-09-15,16:12:34,-04:00,2024-09-15T16:12:34-04:00,0,0
src\routes\assignments\a2\+page.svelte,210,svelte,f94476fb,Jin G,2024-09-15,16:12:34,-04:00,2024-09-15T16:12:34-04:00,0,7
src\routes\assignments\a2\+page.svelte,211,svelte,f94476fb,Jin G,2024-09-15,16:12:34,-04:00,2024-09-15T16:12:34-04:00,0,19
src\routes\assignments\a2\+page.svelte,212,svelte,9d554aca,Jin G,2024-09-18,14:58:26,-04:00,2024-09-18T14:58:26-04:00,0,45
src\routes\assignments\a2\+page.svelte,213,svelte,f94476fb,Jin G,2024-09-15,16:12:34,-04:00,2024-09-15T16:12:34-04:00,0,23
src\routes\assignments\a2\+page.svelte,214,svelte,f94476fb,Jin G,2024-09-15,16:12:34,-04:00,2024-09-15T16:12:34-04:00,0,1
src\routes\assignments\a2\+page.svelte,215,svelte,f94476fb,Jin G,2024-09-15,16:12:34,-04:00,2024-09-15T16:12:34-04:00,0,42
src\routes\assignments\a2\+page.svelte,216,svelte,f94476fb,Jin G,2024-09-15,16:12:34,-04:00,2024-09-15T16:12:34-04:00,0,12
src\routes\assignments\a2\+page.svelte,217,svelte,f94476fb,Jin G,2024-09-15,16:12:34,-04:00,2024-09-15T16:12:34-04:00,0,285
src\routes\assignments\a2\+page.svelte,218,svelte,f94476fb,Jin G,2024-09-15,16:12:34,-04:00,2024-09-15T16:12:34-04:00,0,13
src\routes\assignments\a2\+page.svelte,219,svelte,f94476fb,Jin G,2024-09-15,16:12:34,-04:00,2024-09-15T16:12:34-04:00,0,8
src\routes\assignments\a2\+page.svelte,220,svelte,f94476fb,Jin G,2024-09-15,16:12:34,-04:00,2024-09-15T16:12:34-04:00,0,0
src\routes\assignments\a2\+page.svelte,221,svelte,f94476fb,Jin G,2024-09-15,16:12:34,-04:00,2024-09-15T16:12:34-04:00,0,7
src\routes\assignments\a2\+page.svelte,222,svelte,f94476fb,Jin G,2024-09-15,16:12:34,-04:00,2024-09-15T16:12:34-04:00,0,19
src\routes\assignments\a2\+page.svelte,223,svelte,9d554aca,Jin G,2024-09-18,14:58:26,-04:00,2024-09-18T14:58:26-04:00,0,49
src\routes\assignments\a2\+page.svelte,224,svelte,f94476fb,Jin G,2024-09-15,16:12:34,-04:00,2024-09-15T16:12:34-04:00,0,31
src\routes\assignments\a2\+page.svelte,225,svelte,f94476fb,Jin G,2024-09-15,16:12:34,-04:00,2024-09-15T16:12:34-04:00,0,1
src\routes\assignments\a2\+page.svelte,226,svelte,f94476fb,Jin G,2024-09-15,16:12:34,-04:00,2024-09-15T16:12:34-04:00,0,46
src\routes\assignments\a2\+page.svelte,227,svelte,f94476fb,Jin G,2024-09-15,16:12:34,-04:00,2024-09-15T16:12:34-04:00,0,12
src\routes\assignments\a2\+page.svelte,228,svelte,f94476fb,Jin G,2024-09-15,16:12:34,-04:00,2024-09-15T16:12:34-04:00,0,61
src\routes\assignments\a2\+page.svelte,229,svelte,f94476fb,Jin G,2024-09-15,16:12:34,-04:00,2024-09-15T16:12:34-04:00,0,66
src\routes\assignments\a2\+page.svelte,230,svelte,f94476fb,Jin G,2024-09-15,16:12:34,-04:00,2024-09-15T16:12:34-04:00,0,56
src\routes\assignments\a2\+page.svelte,231,svelte,f94476fb,Jin G,2024-09-15,16:12:34,-04:00,2024-09-15T16:12:34-04:00,0,63
src\routes\assignments\a2\+page.svelte,232,svelte,f94476fb,Jin G,2024-09-15,16:12:34,-04:00,2024-09-15T16:12:34-04:00,0,59
src\routes\assignments\a2\+page.svelte,233,svelte,f94476fb,Jin G,2024-09-15,16:12:34,-04:00,2024-09-15T16:12:34-04:00,0,61
src\routes\assignments\a2\+page.svelte,234,svelte,f94476fb,Jin G,2024-09-15,16:12:34,-04:00,2024-09-15T16:12:34-04:00,0,61
src\routes\assignments\a2\+page.svelte,235,svelte,f94476fb,Jin G,2024-09-15,16:12:34,-04:00,2024-09-15T16:12:34-04:00,0,76
src\routes\assignments\a2\+page.svelte,236,svelte,f94476fb,Jin G,2024-09-15,16:12:34,-04:00,2024-09-15T16:12:34-04:00,0,46
src\routes\assignments\a2\+page.svelte,237,svelte,f94476fb,Jin G,2024-09-15,16:12:34,-04:00,2024-09-15T16:12:34-04:00,0,89
src\routes\assignments\a2\+page.svelte,238,svelte,f94476fb,Jin G,2024-09-15,16:12:34,-04:00,2024-09-15T16:12:34-04:00,0,64
src\routes\assignments\a2\+page.svelte,239,svelte,f94476fb,Jin G,2024-09-15,16:12:34,-04:00,2024-09-15T16:12:34-04:00,0,64
src\routes\assignments\a2\+page.svelte,240,svelte,f94476fb,Jin G,2024-09-15,16:12:34,-04:00,2024-09-15T16:12:34-04:00,0,59
src\routes\assignments\a2\+page.svelte,241,svelte,f94476fb,Jin G,2024-09-15,16:12:34,-04:00,2024-09-15T16:12:34-04:00,0,67
src\routes\assignments\a2\+page.svelte,242,svelte,f94476fb,Jin G,2024-09-15,16:12:34,-04:00,2024-09-15T16:12:34-04:00,0,61
src\routes\assignments\a2\+page.svelte,243,svelte,f94476fb,Jin G,2024-09-15,16:12:34,-04:00,2024-09-15T16:12:34-04:00,0,58
src\routes\assignments\a2\+page.svelte,244,svelte,f94476fb,Jin G,2024-09-15,16:12:34,-04:00,2024-09-15T16:12:34-04:00,0,63
src\routes\assignments\a2\+page.svelte,245,svelte,f94476fb,Jin G,2024-09-15,16:12:34,-04:00,2024-09-15T16:12:34-04:00,0,6
src\routes\assignments\a2\+page.svelte,246,svelte,f94476fb,Jin G,2024-09-15,16:12:34,-04:00,2024-09-15T16:12:34-04:00,0,13
src\routes\assignments\a2\+page.svelte,247,svelte,f94476fb,Jin G,2024-09-15,16:12:34,-04:00,2024-09-15T16:12:34-04:00,0,8
src\routes\assignments\a2\+page.svelte,248,svelte,f94476fb,Jin G,2024-09-15,16:12:34,-04:00,2024-09-15T16:12:34-04:00,0,0
src\routes\assignments\a2\+page.svelte,249,svelte,f94476fb,Jin G,2024-09-15,16:12:34,-04:00,2024-09-15T16:12:34-04:00,0,7
src\routes\assignments\a2\+page.svelte,250,svelte,9d554aca,Jin G,2024-09-18,14:58:26,-04:00,2024-09-18T14:58:26-04:00,0,82
src\routes\assignments\a2\+page.svelte,251,svelte,f94476fb,Jin G,2024-09-15,16:12:34,-04:00,2024-09-15T16:12:34-04:00,0,11
src\routes\assignments\a2\+page.svelte,252,svelte,f94476fb,Jin G,2024-09-15,16:12:34,-04:00,2024-09-15T16:12:34-04:00,0,34
src\routes\assignments\a2\+page.svelte,253,svelte,f94476fb,Jin G,2024-09-15,16:12:34,-04:00,2024-09-15T16:12:34-04:00,0,12
src\routes\assignments\a2\+page.svelte,254,svelte,f94476fb,Jin G,2024-09-15,16:12:34,-04:00,2024-09-15T16:12:34-04:00,0,12
src\routes\assignments\a2\+page.svelte,255,svelte,f94476fb,Jin G,2024-09-15,16:12:34,-04:00,2024-09-15T16:12:34-04:00,0,0
src\routes\assignments\a2\+page.svelte,256,svelte,f94476fb,Jin G,2024-09-15,16:12:34,-04:00,2024-09-15T16:12:34-04:00,0,278
src\routes\assignments\a2\+page.svelte,257,svelte,f94476fb,Jin G,2024-09-15,16:12:34,-04:00,2024-09-15T16:12:34-04:00,0,576
src\routes\assignments\a2\+page.svelte,258,svelte,f94476fb,Jin G,2024-09-15,16:12:34,-04:00,2024-09-15T16:12:34-04:00,0,0
src\routes\assignments\a2\+page.svelte,259,svelte,f94476fb,Jin G,2024-09-15,16:12:34,-04:00,2024-09-15T16:12:34-04:00,0,13
src\routes\assignments\a2\+page.svelte,260,svelte,f94476fb,Jin G,2024-09-15,16:12:34,-04:00,2024-09-15T16:12:34-04:00,0,8
src\routes\assignments\a2\+page.svelte,261,svelte,f94476fb,Jin G,2024-09-15,16:12:34,-04:00,2024-09-15T16:12:34-04:00,0,0
src\routes\assignments\a2\+page.svelte,262,svelte,f94476fb,Jin G,2024-09-15,16:12:34,-04:00,2024-09-15T16:12:34-04:00,0,7
src\routes\assignments\a2\+page.svelte,263,svelte,9d554aca,Jin G,2024-09-18,14:58:26,-04:00,2024-09-18T14:58:26-04:00,0,108
src\routes\assignments\a2\+page.svelte,264,svelte,f94476fb,Jin G,2024-09-15,16:12:34,-04:00,2024-09-15T16:12:34-04:00,0,11
src\routes\assignments\a2\+page.svelte,265,svelte,f94476fb,Jin G,2024-09-15,16:12:34,-04:00,2024-09-15T16:12:34-04:00,0,37
src\routes\assignments\a2\+page.svelte,266,svelte,f94476fb,Jin G,2024-09-15,16:12:34,-04:00,2024-09-15T16:12:34-04:00,0,12
src\routes\assignments\a2\+page.svelte,267,svelte,f94476fb,Jin G,2024-09-15,16:12:34,-04:00,2024-09-15T16:12:34-04:00,0,12
src\routes\assignments\a2\+page.svelte,268,svelte,f94476fb,Jin G,2024-09-15,16:12:34,-04:00,2024-09-15T16:12:34-04:00,0,2
src\routes\assignments\a2\+page.svelte,269,svelte,f94476fb,Jin G,2024-09-15,16:12:34,-04:00,2024-09-15T16:12:34-04:00,0,415
src\routes\assignments\a2\+page.svelte,270,svelte,f94476fb,Jin G,2024-09-15,16:12:34,-04:00,2024-09-15T16:12:34-04:00,0,249
src\routes\assignments\a2\+page.svelte,271,svelte,f94476fb,Jin G,2024-09-15,16:12:34,-04:00,2024-09-15T16:12:34-04:00,0,213
src\routes\assignments\a2\+page.svelte,272,svelte,f94476fb,Jin G,2024-09-15,16:12:34,-04:00,2024-09-15T16:12:34-04:00,0,0
src\routes\assignments\a2\+page.svelte,273,svelte,f94476fb,Jin G,2024-09-15,16:12:34,-04:00,2024-09-15T16:12:34-04:00,0,13
src\routes\assignments\a2\+page.svelte,274,svelte,f94476fb,Jin G,2024-09-15,16:12:34,-04:00,2024-09-15T16:12:34-04:00,0,8
src\routes\assignments\a2\+page.svelte,275,svelte,f94476fb,Jin G,2024-09-15,16:12:34,-04:00,2024-09-15T16:12:34-04:00,0,0
src\routes\assignments\a2\+page.svelte,276,svelte,f94476fb,Jin G,2024-09-15,16:12:34,-04:00,2024-09-15T16:12:34-04:00,0,14
src\routes\assignments\a2\+page.svelte,277,svelte,f94476fb,Jin G,2024-09-15,16:12:34,-04:00,2024-09-15T16:12:34-04:00,0,7
src\routes\assignments\a2\+page.svelte,278,svelte,9d554aca,Jin G,2024-09-18,14:58:26,-04:00,2024-09-18T14:58:26-04:00,0,116
src\routes\assignments\a2\+page.svelte,279,svelte,f94476fb,Jin G,2024-09-15,16:12:34,-04:00,2024-09-15T16:12:34-04:00,0,11
src\routes\assignments\a2\+page.svelte,280,svelte,f94476fb,Jin G,2024-09-15,16:12:34,-04:00,2024-09-15T16:12:34-04:00,0,28
src\routes\assignments\a2\+page.svelte,281,svelte,f94476fb,Jin G,2024-09-15,16:12:34,-04:00,2024-09-15T16:12:34-04:00,0,12
src\routes\assignments\a2\+page.svelte,282,svelte,f94476fb,Jin G,2024-09-15,16:12:34,-04:00,2024-09-15T16:12:34-04:00,0,12
src\routes\assignments\a2\+page.svelte,283,svelte,f94476fb,Jin G,2024-09-15,16:12:34,-04:00,2024-09-15T16:12:34-04:00,0,415
src\routes\assignments\a2\+page.svelte,284,svelte,f94476fb,Jin G,2024-09-15,16:12:34,-04:00,2024-09-15T16:12:34-04:00,0,239
src\routes\assignments\a2\+page.svelte,285,svelte,f94476fb,Jin G,2024-09-15,16:12:34,-04:00,2024-09-15T16:12:34-04:00,0,210
src\routes\assignments\a2\+page.svelte,286,svelte,f94476fb,Jin G,2024-09-15,16:12:34,-04:00,2024-09-15T16:12:34-04:00,0,195
src\routes\assignments\a2\+page.svelte,287,svelte,f94476fb,Jin G,2024-09-15,16:12:34,-04:00,2024-09-15T16:12:34-04:00,0,13
src\routes\assignments\a2\+page.svelte,288,svelte,f94476fb,Jin G,2024-09-15,16:12:34,-04:00,2024-09-15T16:12:34-04:00,0,8
src\routes\assignments\a2\+page.svelte,289,svelte,f94476fb,Jin G,2024-09-15,16:12:34,-04:00,2024-09-15T16:12:34-04:00,0,0
src\routes\assignments\a2\+page.svelte,290,svelte,f94476fb,Jin G,2024-09-15,16:12:34,-04:00,2024-09-15T16:12:34-04:00,0,7
src\routes\assignments\a2\+page.svelte,291,svelte,9d554aca,Jin G,2024-09-18,14:58:26,-04:00,2024-09-18T14:58:26-04:00,0,118
src\routes\assignments\a2\+page.svelte,292,svelte,f94476fb,Jin G,2024-09-15,16:12:34,-04:00,2024-09-15T16:12:34-04:00,0,11
src\routes\assignments\a2\+page.svelte,293,svelte,f94476fb,Jin G,2024-09-15,16:12:34,-04:00,2024-09-15T16:12:34-04:00,0,42
src\routes\assignments\a2\+page.svelte,294,svelte,f94476fb,Jin G,2024-09-15,16:12:34,-04:00,2024-09-15T16:12:34-04:00,0,12
src\routes\assignments\a2\+page.svelte,295,svelte,f94476fb,Jin G,2024-09-15,16:12:34,-04:00,2024-09-15T16:12:34-04:00,0,12
src\routes\assignments\a2\+page.svelte,296,svelte,f94476fb,Jin G,2024-09-15,16:12:34,-04:00,2024-09-15T16:12:34-04:00,0,317
src\routes\assignments\a2\+page.svelte,297,svelte,f94476fb,Jin G,2024-09-15,16:12:34,-04:00,2024-09-15T16:12:34-04:00,0,13
src\routes\assignments\a2\+page.svelte,298,svelte,f94476fb,Jin G,2024-09-15,16:12:34,-04:00,2024-09-15T16:12:34-04:00,0,8
src\routes\assignments\a2\+page.svelte,299,svelte,f94476fb,Jin G,2024-09-15,16:12:34,-04:00,2024-09-15T16:12:34-04:00,0,0
src\routes\assignments\a2\+page.svelte,300,svelte,f94476fb,Jin G,2024-09-15,16:12:34,-04:00,2024-09-15T16:12:34-04:00,0,7
src\routes\assignments\a2\+page.svelte,301,svelte,9d554aca,Jin G,2024-09-18,14:58:26,-04:00,2024-09-18T14:58:26-04:00,0,115
src\routes\assignments\a2\+page.svelte,302,svelte,f94476fb,Jin G,2024-09-15,16:12:34,-04:00,2024-09-15T16:12:34-04:00,0,11
src\routes\assignments\a2\+page.svelte,303,svelte,f94476fb,Jin G,2024-09-15,16:12:34,-04:00,2024-09-15T16:12:34-04:00,0,31
src\routes\assignments\a2\+page.svelte,304,svelte,f94476fb,Jin G,2024-09-15,16:12:34,-04:00,2024-09-15T16:12:34-04:00,0,12
src\routes\assignments\a2\+page.svelte,305,svelte,f94476fb,Jin G,2024-09-15,16:12:34,-04:00,2024-09-15T16:12:34-04:00,0,12
src\routes\assignments\a2\+page.svelte,306,svelte,f94476fb,Jin G,2024-09-15,16:12:34,-04:00,2024-09-15T16:12:34-04:00,0,389
src\routes\assignments\a2\+page.svelte,307,svelte,f94476fb,Jin G,2024-09-15,16:12:34,-04:00,2024-09-15T16:12:34-04:00,0,13
src\routes\assignments\a2\+page.svelte,308,svelte,f94476fb,Jin G,2024-09-15,16:12:34,-04:00,2024-09-15T16:12:34-04:00,0,8
src\routes\assignments\a2\+page.svelte,309,svelte,f94476fb,Jin G,2024-09-15,16:12:34,-04:00,2024-09-15T16:12:34-04:00,0,0
src\routes\assignments\a2\+page.svelte,310,svelte,f94476fb,Jin G,2024-09-15,16:12:34,-04:00,2024-09-15T16:12:34-04:00,0,7
src\routes\assignments\a2\+page.svelte,311,svelte,9d554aca,Jin G,2024-09-18,14:58:26,-04:00,2024-09-18T14:58:26-04:00,0,106
src\routes\assignments\a2\+page.svelte,312,svelte,f94476fb,Jin G,2024-09-15,16:12:34,-04:00,2024-09-15T16:12:34-04:00,0,11
src\routes\assignments\a2\+page.svelte,313,svelte,f94476fb,Jin G,2024-09-15,16:12:34,-04:00,2024-09-15T16:12:34-04:00,0,36
src\routes\assignments\a2\+page.svelte,314,svelte,f94476fb,Jin G,2024-09-15,16:12:34,-04:00,2024-09-15T16:12:34-04:00,0,12
src\routes\assignments\a2\+page.svelte,315,svelte,f94476fb,Jin G,2024-09-15,16:12:34,-04:00,2024-09-15T16:12:34-04:00,0,12
src\routes\assignments\a2\+page.svelte,316,svelte,f94476fb,Jin G,2024-09-15,16:12:34,-04:00,2024-09-15T16:12:34-04:00,0,779
src\routes\assignments\a2\+page.svelte,317,svelte,f94476fb,Jin G,2024-09-15,16:12:34,-04:00,2024-09-15T16:12:34-04:00,0,13
src\routes\assignments\a2\+page.svelte,318,svelte,f94476fb,Jin G,2024-09-15,16:12:34,-04:00,2024-09-15T16:12:34-04:00,0,8
src\routes\assignments\a2\+page.svelte,319,svelte,f94476fb,Jin G,2024-09-15,16:12:34,-04:00,2024-09-15T16:12:34-04:00,0,0
src\routes\assignments\a2\+page.svelte,320,svelte,f94476fb,Jin G,2024-09-15,16:12:34,-04:00,2024-09-15T16:12:34-04:00,0,0
src\routes\assignments\a2\+page.svelte,321,svelte,f94476fb,Jin G,2024-09-15,16:12:34,-04:00,2024-09-15T16:12:34-04:00,0,7
src\routes\assignments\a2\+page.svelte,322,svelte,9d554aca,Jin G,2024-09-18,14:58:26,-04:00,2024-09-18T14:58:26-04:00,0,98
src\routes\assignments\a2\+page.svelte,323,svelte,f94476fb,Jin G,2024-09-15,16:12:34,-04:00,2024-09-15T16:12:34-04:00,0,11
src\routes\assignments\a2\+page.svelte,324,svelte,f94476fb,Jin G,2024-09-15,16:12:34,-04:00,2024-09-15T16:12:34-04:00,0,39
src\routes\assignments\a2\+page.svelte,325,svelte,f94476fb,Jin G,2024-09-15,16:12:34,-04:00,2024-09-15T16:12:34-04:00,0,12
src\routes\assignments\a2\+page.svelte,326,svelte,f94476fb,Jin G,2024-09-15,16:12:34,-04:00,2024-09-15T16:12:34-04:00,0,12
src\routes\assignments\a2\+page.svelte,327,svelte,f94476fb,Jin G,2024-09-15,16:12:34,-04:00,2024-09-15T16:12:34-04:00,0,331
src\routes\assignments\a2\+page.svelte,328,svelte,f94476fb,Jin G,2024-09-15,16:12:34,-04:00,2024-09-15T16:12:34-04:00,0,13
src\routes\assignments\a2\+page.svelte,329,svelte,f94476fb,Jin G,2024-09-15,16:12:34,-04:00,2024-09-15T16:12:34-04:00,0,8
src\routes\assignments\a2\+page.svelte,330,svelte,f94476fb,Jin G,2024-09-15,16:12:34,-04:00,2024-09-15T16:12:34-04:00,0,9
src\routes\assignments\a2\+page.svelte,331,svelte,f94476fb,Jin G,2024-09-15,16:12:34,-04:00,2024-09-15T16:12:34-04:00,0,6
src\routes\assignments\a2\+page.svelte,332,svelte,f94476fb,Jin G,2024-09-15,16:12:34,-04:00,2024-09-15T16:12:34-04:00,0,5
src\routes\assignments\a2\+page.svelte,333,svelte,f94476fb,Jin G,2024-09-15,16:12:34,-04:00,2024-09-15T16:12:34-04:00,0,8
src\routes\assignments\a2\+page.svelte,334,svelte,f94476fb,Jin G,2024-09-15,16:12:34,-04:00,2024-09-15T16:12:34-04:00,0,15
src\routes\assignments\a2\+page.svelte,335,svelte,f94476fb,Jin G,2024-09-15,16:12:34,-04:00,2024-09-15T16:12:34-04:00,0,0
src\routes\assignments\a2\+page.svelte,336,svelte,f94476fb,Jin G,2024-09-15,16:12:34,-04:00,2024-09-15T16:12:34-04:00,0,2
src\routes\assignments\a2\+page.svelte,337,svelte,f94476fb,Jin G,2024-09-15,16:12:34,-04:00,2024-09-15T16:12:34-04:00,0,68
src\routes\assignments\a2\+page.svelte,338,svelte,f94476fb,Jin G,2024-09-15,16:12:34,-04:00,2024-09-15T16:12:34-04:00,0,69
src\routes\assignments\a2\+page.svelte,339,svelte,f94476fb,Jin G,2024-09-15,16:12:34,-04:00,2024-09-15T16:12:34-04:00,0,68
src\routes\assignments\a2\+page.svelte,340,svelte,f94476fb,Jin G,2024-09-15,16:12:34,-04:00,2024-09-15T16:12:34-04:00,0,60
src\routes\assignments\a2\+page.svelte,341,svelte,f94476fb,Jin G,2024-09-15,16:12:34,-04:00,2024-09-15T16:12:34-04:00,0,16
src\routes\assignments\a2\+page.svelte,342,svelte,f94476fb,Jin G,2024-09-15,16:12:34,-04:00,2024-09-15T16:12:34-04:00,0,3
src\routes\assignments\a2\+page.svelte,343,svelte,f94476fb,Jin G,2024-09-15,16:12:34,-04:00,2024-09-15T16:12:34-04:00,0,7
src\routes\assignments\a2\+page.svelte,344,svelte,f94476fb,Jin G,2024-09-15,16:12:34,-04:00,2024-09-15T16:12:34-04:00,0,3
src\routes\assignments\a2\+page.svelte,345,svelte,9d554aca,Jin G,2024-09-18,14:58:26,-04:00,2024-09-18T14:58:26-04:00,0,40
src\routes\assignments\a2\+page.svelte,346,svelte,f94476fb,Jin G,2024-09-15,16:12:34,-04:00,2024-09-15T16:12:34-04:00,0,30
src\routes\assignments\a2\+page.svelte,347,svelte,f94476fb,Jin G,2024-09-15,16:12:34,-04:00,2024-09-15T16:12:34-04:00,0,14
src\routes\assignments\a2\+page.svelte,348,svelte,f94476fb,Jin G,2024-09-15,16:12:34,-04:00,2024-09-15T16:12:34-04:00,0,1
src\routes\assignments\a2\+page.svelte,349,svelte,f94476fb,Jin G,2024-09-15,16:12:34,-04:00,2024-09-15T16:12:34-04:00,0,69
src\routes\assignments\a2\+page.svelte,350,svelte,f94476fb,Jin G,2024-09-15,16:12:34,-04:00,2024-09-15T16:12:34-04:00,0,8
src\routes\assignments\a2\+page.svelte,351,svelte,f94476fb,Jin G,2024-09-15,16:12:34,-04:00,2024-09-15T16:12:34-04:00,0,0
src\routes\assignments\a2\+page.svelte,352,svelte,f94476fb,Jin G,2024-09-15,16:12:34,-04:00,2024-09-15T16:12:34-04:00,0,2
src\routes\assignments\a2\+page.svelte,353,svelte,f94476fb,Jin G,2024-09-15,16:12:34,-04:00,2024-09-15T16:12:34-04:00,0,51
src\routes\assignments\a2\+page.svelte,354,svelte,f94476fb,Jin G,2024-09-15,16:12:34,-04:00,2024-09-15T16:12:34-04:00,0,68
src\routes\assignments\a2\+page.svelte,355,svelte,f94476fb,Jin G,2024-09-15,16:12:34,-04:00,2024-09-15T16:12:34-04:00,0,61
src\routes\assignments\a2\+page.svelte,356,svelte,f94476fb,Jin G,2024-09-15,16:12:34,-04:00,2024-09-15T16:12:34-04:00,0,58
src\routes\assignments\a2\+page.svelte,357,svelte,f94476fb,Jin G,2024-09-15,16:12:34,-04:00,2024-09-15T16:12:34-04:00,0,549
src\routes\assignments\a2\+page.svelte,358,svelte,f94476fb,Jin G,2024-09-15,16:12:34,-04:00,2024-09-15T16:12:34-04:00,0,3
src\routes\assignments\a2\+page.svelte,359,svelte,f94476fb,Jin G,2024-09-15,16:12:34,-04:00,2024-09-15T16:12:34-04:00,0,0
src\routes\assignments\a2\+page.svelte,360,svelte,f94476fb,Jin G,2024-09-15,16:12:34,-04:00,2024-09-15T16:12:34-04:00,0,7
src\routes\assignments\a2\+page.svelte,361,svelte,f94476fb,Jin G,2024-09-15,16:12:34,-04:00,2024-09-15T16:12:34-04:00,0,3
src\routes\assignments\a2\+page.svelte,362,svelte,9d554aca,Jin G,2024-09-18,14:58:26,-04:00,2024-09-18T14:58:26-04:00,0,40
src\routes\assignments\a2\+page.svelte,363,svelte,f94476fb,Jin G,2024-09-15,16:12:34,-04:00,2024-09-15T16:12:34-04:00,0,34
src\routes\assignments\a2\+page.svelte,364,svelte,f94476fb,Jin G,2024-09-15,16:12:34,-04:00,2024-09-15T16:12:34-04:00,0,14
src\routes\assignments\a2\+page.svelte,365,svelte,f94476fb,Jin G,2024-09-15,16:12:34,-04:00,2024-09-15T16:12:34-04:00,0,1
src\routes\assignments\a2\+page.svelte,366,svelte,f94476fb,Jin G,2024-09-15,16:12:34,-04:00,2024-09-15T16:12:34-04:00,0,62
src\routes\assignments\a2\+page.svelte,367,svelte,f94476fb,Jin G,2024-09-15,16:12:34,-04:00,2024-09-15T16:12:34-04:00,0,8
src\routes\assignments\a2\+page.svelte,368,svelte,f94476fb,Jin G,2024-09-15,16:12:34,-04:00,2024-09-15T16:12:34-04:00,0,2
src\routes\assignments\a2\+page.svelte,369,svelte,f94476fb,Jin G,2024-09-15,16:12:34,-04:00,2024-09-15T16:12:34-04:00,0,65
src\routes\assignments\a2\+page.svelte,370,svelte,f94476fb,Jin G,2024-09-15,16:12:34,-04:00,2024-09-15T16:12:34-04:00,0,65
src\routes\assignments\a2\+page.svelte,371,svelte,f94476fb,Jin G,2024-09-15,16:12:34,-04:00,2024-09-15T16:12:34-04:00,0,62
src\routes\assignments\a2\+page.svelte,372,svelte,f94476fb,Jin G,2024-09-15,16:12:34,-04:00,2024-09-15T16:12:34-04:00,0,69
src\routes\assignments\a2\+page.svelte,373,svelte,f94476fb,Jin G,2024-09-15,16:12:34,-04:00,2024-09-15T16:12:34-04:00,0,69
src\routes\assignments\a2\+page.svelte,374,svelte,f94476fb,Jin G,2024-09-15,16:12:34,-04:00,2024-09-15T16:12:34-04:00,0,58
src\routes\assignments\a2\+page.svelte,375,svelte,f94476fb,Jin G,2024-09-15,16:12:34,-04:00,2024-09-15T16:12:34-04:00,0,67
src\routes\assignments\a2\+page.svelte,376,svelte,f94476fb,Jin G,2024-09-15,16:12:34,-04:00,2024-09-15T16:12:34-04:00,0,68
src\routes\assignments\a2\+page.svelte,377,svelte,f94476fb,Jin G,2024-09-15,16:12:34,-04:00,2024-09-15T16:12:34-04:00,0,65
src\routes\assignments\a2\+page.svelte,378,svelte,f94476fb,Jin G,2024-09-15,16:12:34,-04:00,2024-09-15T16:12:34-04:00,0,64
src\routes\assignments\a2\+page.svelte,379,svelte,f94476fb,Jin G,2024-09-15,16:12:34,-04:00,2024-09-15T16:12:34-04:00,0,68
src\routes\assignments\a2\+page.svelte,380,svelte,f94476fb,Jin G,2024-09-15,16:12:34,-04:00,2024-09-15T16:12:34-04:00,0,63
src\routes\assignments\a2\+page.svelte,381,svelte,f94476fb,Jin G,2024-09-15,16:12:34,-04:00,2024-09-15T16:12:34-04:00,0,64
src\routes\assignments\a2\+page.svelte,382,svelte,f94476fb,Jin G,2024-09-15,16:12:34,-04:00,2024-09-15T16:12:34-04:00,0,66
src\routes\assignments\a2\+page.svelte,383,svelte,f94476fb,Jin G,2024-09-15,16:12:34,-04:00,2024-09-15T16:12:34-04:00,0,66
src\routes\assignments\a2\+page.svelte,384,svelte,f94476fb,Jin G,2024-09-15,16:12:34,-04:00,2024-09-15T16:12:34-04:00,0,68
src\routes\assignments\a2\+page.svelte,385,svelte,f94476fb,Jin G,2024-09-15,16:12:34,-04:00,2024-09-15T16:12:34-04:00,0,63
src\routes\assignments\a2\+page.svelte,386,svelte,f94476fb,Jin G,2024-09-15,16:12:34,-04:00,2024-09-15T16:12:34-04:00,0,65
src\routes\assignments\a2\+page.svelte,387,svelte,f94476fb,Jin G,2024-09-15,16:12:34,-04:00,2024-09-15T16:12:34-04:00,0,35
src\routes\assignments\a2\+page.svelte,388,svelte,f94476fb,Jin G,2024-09-15,16:12:34,-04:00,2024-09-15T16:12:34-04:00,0,3
src\routes\assignments\a2\+page.svelte,389,svelte,f94476fb,Jin G,2024-09-15,16:12:34,-04:00,2024-09-15T16:12:34-04:00,0,27
src\routes\assignments\a2\+page.svelte,390,svelte,f94476fb,Jin G,2024-09-15,16:12:34,-04:00,2024-09-15T16:12:34-04:00,0,67
src\routes\assignments\a2\+page.svelte,391,svelte,f94476fb,Jin G,2024-09-15,16:12:34,-04:00,2024-09-15T16:12:34-04:00,0,64
src\routes\assignments\a2\+page.svelte,392,svelte,f94476fb,Jin G,2024-09-15,16:12:34,-04:00,2024-09-15T16:12:34-04:00,0,62
src\routes\assignments\a2\+page.svelte,393,svelte,f94476fb,Jin G,2024-09-15,16:12:34,-04:00,2024-09-15T16:12:34-04:00,0,19
src\routes\assignments\a2\+page.svelte,394,svelte,f94476fb,Jin G,2024-09-15,16:12:34,-04:00,2024-09-15T16:12:34-04:00,0,3
src\routes\assignments\a2\+page.svelte,395,svelte,f94476fb,Jin G,2024-09-15,16:12:34,-04:00,2024-09-15T16:12:34-04:00,0,9
src\routes\assignments\a2\+page.svelte,396,svelte,f94476fb,Jin G,2024-09-15,16:12:34,-04:00,2024-09-15T16:12:34-04:00,0,6
src\routes\assignments\a2\+page.svelte,397,svelte,f94476fb,Jin G,2024-09-15,16:12:34,-04:00,2024-09-15T16:12:34-04:00,0,5
src\routes\assignments\a2\+page.svelte,398,svelte,f94476fb,Jin G,2024-09-15,16:12:34,-04:00,2024-09-15T16:12:34-04:00,0,8
src\routes\assignments\a2\+page.svelte,399,svelte,f94476fb,Jin G,2024-09-15,16:12:34,-04:00,2024-09-15T16:12:34-04:00,0,16
src\routes\assignments\a2\+page.svelte,400,svelte,f94476fb,Jin G,2024-09-15,16:12:34,-04:00,2024-09-15T16:12:34-04:00,0,31
src\routes\assignments\a2\+page.svelte,401,svelte,f94476fb,Jin G,2024-09-15,16:12:34,-04:00,2024-09-15T16:12:34-04:00,0,53
src\routes\assignments\a2\+page.svelte,402,svelte,f94476fb,Jin G,2024-09-15,16:12:34,-04:00,2024-09-15T16:12:34-04:00,0,126
src\routes\assignments\a2\+page.svelte,403,svelte,f94476fb,Jin G,2024-09-15,16:12:34,-04:00,2024-09-15T16:12:34-04:00,0,3
src\routes\assignments\a2\+page.svelte,404,svelte,f94476fb,Jin G,2024-09-15,16:12:34,-04:00,2024-09-15T16:12:34-04:00,0,0
src\routes\assignments\a2\+page.svelte,405,svelte,9d554aca,Jin G,2024-09-18,14:58:26,-04:00,2024-09-18T14:58:26-04:00,0,82
src\routes\assignments\a2\+page.svelte,406,svelte,f94476fb,Jin G,2024-09-15,16:12:34,-04:00,2024-09-15T16:12:34-04:00,0,61
src\routes\assignments\a2\+page.svelte,407,svelte,f94476fb,Jin G,2024-09-15,16:12:34,-04:00,2024-09-15T16:12:34-04:00,0,0
src\routes\assignments\a2\+page.svelte,408,svelte,f94476fb,Jin G,2024-09-15,16:12:34,-04:00,2024-09-15T16:12:34-04:00,0,38
src\routes\assignments\a2\+page.svelte,409,svelte,f94476fb,Jin G,2024-09-15,16:12:34,-04:00,2024-09-15T16:12:34-04:00,0,231
src\routes\assignments\a2\+page.svelte,410,svelte,f94476fb,Jin G,2024-09-15,16:12:34,-04:00,2024-09-15T16:12:34-04:00,0,3
src\routes\assignments\a2\+page.svelte,411,svelte,f94476fb,Jin G,2024-09-15,16:12:34,-04:00,2024-09-15T16:12:34-04:00,0,0
src\routes\assignments\a2\+page.svelte,412,svelte,9d554aca,Jin G,2024-09-18,14:58:26,-04:00,2024-09-18T14:58:26-04:00,0,90
src\routes\assignments\a2\+page.svelte,413,svelte,f94476fb,Jin G,2024-09-15,16:12:34,-04:00,2024-09-15T16:12:34-04:00,0,60
src\routes\assignments\a2\+page.svelte,414,svelte,f94476fb,Jin G,2024-09-15,16:12:34,-04:00,2024-09-15T16:12:34-04:00,0,0
src\routes\assignments\a2\+page.svelte,415,svelte,f94476fb,Jin G,2024-09-15,16:12:34,-04:00,2024-09-15T16:12:34-04:00,0,245
src\routes\assignments\a2\+page.svelte,416,svelte,f94476fb,Jin G,2024-09-15,16:12:34,-04:00,2024-09-15T16:12:34-04:00,0,2
src\routes\assignments\a2\+page.svelte,417,svelte,f94476fb,Jin G,2024-09-15,16:12:34,-04:00,2024-09-15T16:12:34-04:00,0,74
src\routes\assignments\a2\+page.svelte,418,svelte,f94476fb,Jin G,2024-09-15,16:12:34,-04:00,2024-09-15T16:12:34-04:00,0,3
src\routes\assignments\a2\+page.svelte,419,svelte,9d554aca,Jin G,2024-09-18,14:58:26,-04:00,2024-09-18T14:58:26-04:00,0,82
src\routes\assignments\a2\+page.svelte,420,svelte,f94476fb,Jin G,2024-09-15,16:12:34,-04:00,2024-09-15T16:12:34-04:00,0,56
src\routes\assignments\a2\+page.svelte,421,svelte,f94476fb,Jin G,2024-09-15,16:12:34,-04:00,2024-09-15T16:12:34-04:00,0,0
src\routes\assignments\a2\+page.svelte,422,svelte,f94476fb,Jin G,2024-09-15,16:12:34,-04:00,2024-09-15T16:12:34-04:00,0,32
src\routes\assignments\a2\+page.svelte,423,svelte,f94476fb,Jin G,2024-09-15,16:12:34,-04:00,2024-09-15T16:12:34-04:00,0,216
src\routes\assignments\a2\+page.svelte,424,svelte,9d554aca,Jin G,2024-09-18,14:58:26,-04:00,2024-09-18T14:58:26-04:00,0,80
src\routes\assignments\a2\+page.svelte,425,svelte,f94476fb,Jin G,2024-09-15,16:12:34,-04:00,2024-09-15T16:12:34-04:00,0,60
src\routes\assignments\a2\+page.svelte,426,svelte,f94476fb,Jin G,2024-09-15,16:12:34,-04:00,2024-09-15T16:12:34-04:00,0,0
src\routes\assignments\a2\+page.svelte,427,svelte,f94476fb,Jin G,2024-09-15,16:12:34,-04:00,2024-09-15T16:12:34-04:00,0,41
src\routes\assignments\a2\+page.svelte,428,svelte,f94476fb,Jin G,2024-09-15,16:12:34,-04:00,2024-09-15T16:12:34-04:00,0,778
src\routes\assignments\a2\+page.svelte,429,svelte,f94476fb,Jin G,2024-09-15,16:12:34,-04:00,2024-09-15T16:12:34-04:00,0,0
src\routes\assignments\a2\+page.svelte,430,svelte,f94476fb,Jin G,2024-09-15,16:12:34,-04:00,2024-09-15T16:12:34-04:00,0,0
src\routes\assignments\a2\+page.svelte,431,svelte,f94476fb,Jin G,2024-09-15,16:12:34,-04:00,2024-09-15T16:12:34-04:00,0,0
src\routes\assignments\a2\+page.svelte,432,svelte,f94476fb,Jin G,2024-09-15,16:12:34,-04:00,2024-09-15T16:12:34-04:00,0,23
src\routes\assignments\a2\+page.svelte,433,svelte,f94476fb,Jin G,2024-09-15,16:12:34,-04:00,2024-09-15T16:12:34-04:00,0,0
src\routes\assignments\a2\+page.svelte,434,svelte,f94476fb,Jin G,2024-09-15,16:12:34,-04:00,2024-09-15T16:12:34-04:00,0,1
src\routes\assignments\a2\+page.svelte,435,svelte,f94476fb,Jin G,2024-09-15,16:12:34,-04:00,2024-09-15T16:12:34-04:00,0,142
src\routes\assignments\a2\+page.svelte,436,svelte,f94476fb,Jin G,2024-09-15,16:12:34,-04:00,2024-09-15T16:12:34-04:00,0,22
src\routes\assignments\a2\+page.svelte,437,svelte,f94476fb,Jin G,2024-09-15,16:12:34,-04:00,2024-09-15T16:12:34-04:00,0,0
src\routes\assignments\a2\+page.svelte,438,svelte,f94476fb,Jin G,2024-09-15,16:12:34,-04:00,2024-09-15T16:12:34-04:00,0,0
src\routes\assignments\a2\+page.svelte,439,svelte,f94476fb,Jin G,2024-09-15,16:12:34,-04:00,2024-09-15T16:12:34-04:00,0,71
src\routes\assignments\a2\+page.svelte,440,svelte,f94476fb,Jin G,2024-09-15,16:12:34,-04:00,2024-09-15T16:12:34-04:00,0,0
src\routes\assignments\a2\+page.svelte,441,svelte,9d554aca,Jin G,2024-09-18,14:58:26,-04:00,2024-09-18T14:58:26-04:00,0,90
src\routes\assignments\a2\+page.svelte,442,svelte,f94476fb,Jin G,2024-09-15,16:12:34,-04:00,2024-09-15T16:12:34-04:00,0,59
src\routes\assignments\a2\+page.svelte,443,svelte,f94476fb,Jin G,2024-09-15,16:12:34,-04:00,2024-09-15T16:12:34-04:00,0,0
src\routes\assignments\a2\+page.svelte,444,svelte,f94476fb,Jin G,2024-09-15,16:12:34,-04:00,2024-09-15T16:12:34-04:00,0,44
src\routes\assignments\a2\+page.svelte,445,svelte,f94476fb,Jin G,2024-09-15,16:12:34,-04:00,2024-09-15T16:12:34-04:00,0,2
src\routes\assignments\a2\+page.svelte,446,svelte,f94476fb,Jin G,2024-09-15,16:12:34,-04:00,2024-09-15T16:12:34-04:00,0,64
src\routes\assignments\a2\+page.svelte,447,svelte,f94476fb,Jin G,2024-09-15,16:12:34,-04:00,2024-09-15T16:12:34-04:00,0,3
src\routes\assignments\a2\+page.svelte,448,svelte,f94476fb,Jin G,2024-09-15,16:12:34,-04:00,2024-09-15T16:12:34-04:00,0,65
src\routes\assignments\a2\+page.svelte,449,svelte,f94476fb,Jin G,2024-09-15,16:12:34,-04:00,2024-09-15T16:12:34-04:00,0,4
src\routes\assignments\a2\+page.svelte,450,svelte,f94476fb,Jin G,2024-09-15,16:12:34,-04:00,2024-09-15T16:12:34-04:00,0,56
src\routes\assignments\a2\+page.svelte,451,svelte,f94476fb,Jin G,2024-09-15,16:12:34,-04:00,2024-09-15T16:12:34-04:00,0,3
src\routes\assignments\a2\+page.svelte,452,svelte,9d554aca,Jin G,2024-09-18,14:58:26,-04:00,2024-09-18T14:58:26-04:00,0,85
src\routes\assignments\a2\+page.svelte,453,svelte,f94476fb,Jin G,2024-09-15,16:12:34,-04:00,2024-09-15T16:12:34-04:00,0,58
src\routes\assignments\a2\+page.svelte,454,svelte,f94476fb,Jin G,2024-09-15,16:12:34,-04:00,2024-09-15T16:12:34-04:00,0,0
src\routes\assignments\a2\+page.svelte,455,svelte,f94476fb,Jin G,2024-09-15,16:12:34,-04:00,2024-09-15T16:12:34-04:00,0,37
src\routes\assignments\a2\+page.svelte,456,svelte,f94476fb,Jin G,2024-09-15,16:12:34,-04:00,2024-09-15T16:12:34-04:00,0,2
src\routes\assignments\a2\+page.svelte,457,svelte,f94476fb,Jin G,2024-09-15,16:12:34,-04:00,2024-09-15T16:12:34-04:00,0,52
src\routes\assignments\a2\+page.svelte,458,svelte,f94476fb,Jin G,2024-09-15,16:12:34,-04:00,2024-09-15T16:12:34-04:00,0,3
src\routes\assignments\a2\+page.svelte,459,svelte,f94476fb,Jin G,2024-09-15,16:12:34,-04:00,2024-09-15T16:12:34-04:00,0,64
src\routes\assignments\a2\+page.svelte,460,svelte,f94476fb,Jin G,2024-09-15,16:12:34,-04:00,2024-09-15T16:12:34-04:00,0,4
src\routes\assignments\a2\+page.svelte,461,svelte,f94476fb,Jin G,2024-09-15,16:12:34,-04:00,2024-09-15T16:12:34-04:00,0,3
src\routes\assignments\a2\+page.svelte,462,svelte,f94476fb,Jin G,2024-09-15,16:12:34,-04:00,2024-09-15T16:12:34-04:00,0,60
src\routes\assignments\a2\+page.svelte,463,svelte,f94476fb,Jin G,2024-09-15,16:12:34,-04:00,2024-09-15T16:12:34-04:00,0,8
src\routes\assignments\a2\+page.svelte,464,svelte,f94476fb,Jin G,2024-09-15,16:12:34,-04:00,2024-09-15T16:12:34-04:00,0,4
src\routes\assignments\a2\+page.svelte,465,svelte,f94476fb,Jin G,2024-09-15,16:12:34,-04:00,2024-09-15T16:12:34-04:00,0,3
src\routes\assignments\a2\+page.svelte,466,svelte,9d554aca,Jin G,2024-09-18,14:58:26,-04:00,2024-09-18T14:58:26-04:00,0,93
src\routes\assignments\a2\+page.svelte,467,svelte,f94476fb,Jin G,2024-09-15,16:12:34,-04:00,2024-09-15T16:12:34-04:00,0,62
src\routes\assignments\a2\+page.svelte,468,svelte,f94476fb,Jin G,2024-09-15,16:12:34,-04:00,2024-09-15T16:12:34-04:00,0,0
src\routes\assignments\a2\+page.svelte,469,svelte,f94476fb,Jin G,2024-09-15,16:12:34,-04:00,2024-09-15T16:12:34-04:00,0,33
src\routes\assignments\a2\+page.svelte,470,svelte,f94476fb,Jin G,2024-09-15,16:12:34,-04:00,2024-09-15T16:12:34-04:00,0,2
src\routes\assignments\a2\+page.svelte,471,svelte,f94476fb,Jin G,2024-09-15,16:12:34,-04:00,2024-09-15T16:12:34-04:00,0,3
src\routes\assignments\a2\+page.svelte,472,svelte,f94476fb,Jin G,2024-09-15,16:12:34,-04:00,2024-09-15T16:12:34-04:00,0,64
src\routes\assignments\a2\+page.svelte,473,svelte,f94476fb,Jin G,2024-09-15,16:12:34,-04:00,2024-09-15T16:12:34-04:00,0,4
src\routes\assignments\a2\+page.svelte,474,svelte,f94476fb,Jin G,2024-09-15,16:12:34,-04:00,2024-09-15T16:12:34-04:00,0,4
src\routes\assignments\a2\+page.svelte,475,svelte,f94476fb,Jin G,2024-09-15,16:12:34,-04:00,2024-09-15T16:12:34-04:00,0,3
src\routes\assignments\a2\+page.svelte,476,svelte,f94476fb,Jin G,2024-09-15,16:12:34,-04:00,2024-09-15T16:12:34-04:00,0,63
src\routes\assignments\a2\+page.svelte,477,svelte,f94476fb,Jin G,2024-09-15,16:12:34,-04:00,2024-09-15T16:12:34-04:00,0,39
src\routes\assignments\a2\+page.svelte,478,svelte,f94476fb,Jin G,2024-09-15,16:12:34,-04:00,2024-09-15T16:12:34-04:00,0,4
src\routes\assignments\a2\+page.svelte,479,svelte,f94476fb,Jin G,2024-09-15,16:12:34,-04:00,2024-09-15T16:12:34-04:00,0,3
src\routes\assignments\a2\+page.svelte,480,svelte,f94476fb,Jin G,2024-09-15,16:12:34,-04:00,2024-09-15T16:12:34-04:00,0,9
src\routes\assignments\a2\+page.svelte,481,svelte,f94476fb,Jin G,2024-09-15,16:12:34,-04:00,2024-09-15T16:12:34-04:00,0,0
src\routes\assignments\a2\+page.svelte,482,svelte,f94476fb,Jin G,2024-09-15,16:12:34,-04:00,2024-09-15T16:12:34-04:00,0,8
src\routes\assignments\a2\+page.svelte,483,svelte,f94476fb,Jin G,2024-09-15,16:12:34,-04:00,2024-09-15T16:12:34-04:00,0,18
src\routes\assignments\a2\+page.svelte,484,svelte,f94476fb,Jin G,2024-09-15,16:12:34,-04:00,2024-09-15T16:12:34-04:00,0,3
src\routes\assignments\a2\+page.svelte,485,svelte,f94476fb,Jin G,2024-09-15,16:12:34,-04:00,2024-09-15T16:12:34-04:00,0,63
src\routes\assignments\a2\+page.svelte,486,svelte,f94476fb,Jin G,2024-09-15,16:12:34,-04:00,2024-09-15T16:12:34-04:00,0,53
src\routes\assignments\a2\+page.svelte,487,svelte,f94476fb,Jin G,2024-09-15,16:12:34,-04:00,2024-09-15T16:12:34-04:00,0,4
src\routes\assignments\a2\+page.svelte,488,svelte,f94476fb,Jin G,2024-09-15,16:12:34,-04:00,2024-09-15T16:12:34-04:00,0,2
src\routes\assignments\a2\+page.svelte,489,svelte,f94476fb,Jin G,2024-09-15,16:12:34,-04:00,2024-09-15T16:12:34-04:00,0,55
src\routes\assignments\a2\+page.svelte,490,svelte,f94476fb,Jin G,2024-09-15,16:12:34,-04:00,2024-09-15T16:12:34-04:00,0,89
src\routes\assignments\a2\+page.svelte,491,svelte,f94476fb,Jin G,2024-09-15,16:12:34,-04:00,2024-09-15T16:12:34-04:00,0,0
src\routes\assignments\a2\+page.svelte,492,svelte,f94476fb,Jin G,2024-09-15,16:12:34,-04:00,2024-09-15T16:12:34-04:00,0,70
src\routes\assignments\a2\+page.svelte,493,svelte,f94476fb,Jin G,2024-09-15,16:12:34,-04:00,2024-09-15T16:12:34-04:00,0,58
src\routes\assignments\a2\+page.svelte,494,svelte,f94476fb,Jin G,2024-09-15,16:12:34,-04:00,2024-09-15T16:12:34-04:00,0,0
src\routes\assignments\a2\+page.svelte,495,svelte,f94476fb,Jin G,2024-09-15,16:12:34,-04:00,2024-09-15T16:12:34-04:00,0,11
src\routes\assignments\a2\+page.svelte,496,svelte,f94476fb,Jin G,2024-09-15,16:12:34,-04:00,2024-09-15T16:12:34-04:00,0,36
src\routes\assignments\a2\+page.svelte,497,svelte,f94476fb,Jin G,2024-09-15,16:12:34,-04:00,2024-09-15T16:12:34-04:00,0,58
src\routes\assignments\a2\+page.svelte,498,svelte,f94476fb,Jin G,2024-09-15,16:12:34,-04:00,2024-09-15T16:12:34-04:00,0,0
src\routes\assignments\a2\+page.svelte,499,svelte,f94476fb,Jin G,2024-09-15,16:12:34,-04:00,2024-09-15T16:12:34-04:00,0,11
src\routes\assignments\a2\+page.svelte,500,svelte,f94476fb,Jin G,2024-09-15,16:12:34,-04:00,2024-09-15T16:12:34-04:00,0,5
src\routes\assignments\a2\+page.svelte,501,svelte,f94476fb,Jin G,2024-09-15,16:12:34,-04:00,2024-09-15T16:12:34-04:00,0,92
src\routes\assignments\a2\+page.svelte,502,svelte,f94476fb,Jin G,2024-09-15,16:12:34,-04:00,2024-09-15T16:12:34-04:00,0,0
src\routes\assignments\a2\+page.svelte,503,svelte,f94476fb,Jin G,2024-09-15,16:12:34,-04:00,2024-09-15T16:12:34-04:00,0,44
src\routes\assignments\a2\+page.svelte,504,svelte,f94476fb,Jin G,2024-09-15,16:12:34,-04:00,2024-09-15T16:12:34-04:00,0,72
src\routes\assignments\a2\+page.svelte,505,svelte,f94476fb,Jin G,2024-09-15,16:12:34,-04:00,2024-09-15T16:12:34-04:00,0,3
src\routes\assignments\a2\+page.svelte,506,svelte,f94476fb,Jin G,2024-09-15,16:12:34,-04:00,2024-09-15T16:12:34-04:00,0,81
src\routes\assignments\a2\+page.svelte,507,svelte,f94476fb,Jin G,2024-09-15,16:12:34,-04:00,2024-09-15T16:12:34-04:00,0,96
src\routes\assignments\a2\+page.svelte,508,svelte,f94476fb,Jin G,2024-09-15,16:12:34,-04:00,2024-09-15T16:12:34-04:00,0,150
src\routes\assignments\a2\+page.svelte,509,svelte,f94476fb,Jin G,2024-09-15,16:12:34,-04:00,2024-09-15T16:12:34-04:00,0,101
src\routes\assignments\a2\+page.svelte,510,svelte,f94476fb,Jin G,2024-09-15,16:12:34,-04:00,2024-09-15T16:12:34-04:00,0,128
src\routes\assignments\a2\+page.svelte,511,svelte,f94476fb,Jin G,2024-09-15,16:12:34,-04:00,2024-09-15T16:12:34-04:00,0,3
src\routes\assignments\a2\+page.svelte,512,svelte,f94476fb,Jin G,2024-09-15,16:12:34,-04:00,2024-09-15T16:12:34-04:00,0,11
src\routes\assignments\a2\+page.svelte,513,svelte,f94476fb,Jin G,2024-09-15,16:12:34,-04:00,2024-09-15T16:12:34-04:00,0,4
src\routes\assignments\a2\+page.svelte,514,svelte,f94476fb,Jin G,2024-09-15,16:12:34,-04:00,2024-09-15T16:12:34-04:00,0,0
src\routes\assignments\a2\+page.svelte,515,svelte,f94476fb,Jin G,2024-09-15,16:12:34,-04:00,2024-09-15T16:12:34-04:00,0,43
src\routes\assignments\a2\+page.svelte,516,svelte,f94476fb,Jin G,2024-09-15,16:12:34,-04:00,2024-09-15T16:12:34-04:00,0,47
src\routes\assignments\a2\+page.svelte,517,svelte,f94476fb,Jin G,2024-09-15,16:12:34,-04:00,2024-09-15T16:12:34-04:00,0,2
src\routes\assignments\a2\+page.svelte,518,svelte,f94476fb,Jin G,2024-09-15,16:12:34,-04:00,2024-09-15T16:12:34-04:00,0,12
src\routes\assignments\a2\+page.svelte,519,svelte,f94476fb,Jin G,2024-09-15,16:12:34,-04:00,2024-09-15T16:12:34-04:00,0,62
src\routes\assignments\a2\+page.svelte,520,svelte,f94476fb,Jin G,2024-09-15,16:12:34,-04:00,2024-09-15T16:12:34-04:00,0,47
src\routes\assignments\a2\+page.svelte,521,svelte,f94476fb,Jin G,2024-09-15,16:12:34,-04:00,2024-09-15T16:12:34-04:00,0,3
src\routes\assignments\a2\+page.svelte,522,svelte,f94476fb,Jin G,2024-09-15,16:12:34,-04:00,2024-09-15T16:12:34-04:00,0,2
src\routes\assignments\a2\+page.svelte,523,svelte,f94476fb,Jin G,2024-09-15,16:12:34,-04:00,2024-09-15T16:12:34-04:00,0,16
src\routes\assignments\a2\+page.svelte,524,svelte,f94476fb,Jin G,2024-09-15,16:12:34,-04:00,2024-09-15T16:12:34-04:00,0,13
src\routes\assignments\a2\+page.svelte,525,svelte,f94476fb,Jin G,2024-09-15,16:12:34,-04:00,2024-09-15T16:12:34-04:00,0,131
src\routes\assignments\a2\+page.svelte,526,svelte,f94476fb,Jin G,2024-09-15,16:12:34,-04:00,2024-09-15T16:12:34-04:00,0,3
src\routes\assignments\a2\+page.svelte,527,svelte,f94476fb,Jin G,2024-09-15,16:12:34,-04:00,2024-09-15T16:12:34-04:00,0,2
src\routes\assignments\a2\+page.svelte,528,svelte,f94476fb,Jin G,2024-09-15,16:12:34,-04:00,2024-09-15T16:12:34-04:00,0,63
src\routes\assignments\a2\+page.svelte,529,svelte,f94476fb,Jin G,2024-09-15,16:12:34,-04:00,2024-09-15T16:12:34-04:00,0,36
src\routes\assignments\a2\+page.svelte,530,svelte,f94476fb,Jin G,2024-09-15,16:12:34,-04:00,2024-09-15T16:12:34-04:00,0,47
src\routes\assignments\a2\+page.svelte,531,svelte,f94476fb,Jin G,2024-09-15,16:12:34,-04:00,2024-09-15T16:12:34-04:00,0,3
src\routes\assignments\a2\+page.svelte,532,svelte,f94476fb,Jin G,2024-09-15,16:12:34,-04:00,2024-09-15T16:12:34-04:00,0,2
src\routes\assignments\a2\+page.svelte,533,svelte,f94476fb,Jin G,2024-09-15,16:12:34,-04:00,2024-09-15T16:12:34-04:00,0,17
src\routes\assignments\a2\+page.svelte,534,svelte,f94476fb,Jin G,2024-09-15,16:12:34,-04:00,2024-09-15T16:12:34-04:00,0,65
src\routes\assignments\a2\+page.svelte,535,svelte,f94476fb,Jin G,2024-09-15,16:12:34,-04:00,2024-09-15T16:12:34-04:00,0,30
src\routes\assignments\a2\+page.svelte,536,svelte,f94476fb,Jin G,2024-09-15,16:12:34,-04:00,2024-09-15T16:12:34-04:00,0,47
src\routes\assignments\a2\+page.svelte,537,svelte,f94476fb,Jin G,2024-09-15,16:12:34,-04:00,2024-09-15T16:12:34-04:00,0,3
src\routes\assignments\a2\+page.svelte,538,svelte,f94476fb,Jin G,2024-09-15,16:12:34,-04:00,2024-09-15T16:12:34-04:00,0,2
src\routes\assignments\a2\+page.svelte,539,svelte,f94476fb,Jin G,2024-09-15,16:12:34,-04:00,2024-09-15T16:12:34-04:00,0,20
src\routes\assignments\a2\+page.svelte,540,svelte,f94476fb,Jin G,2024-09-15,16:12:34,-04:00,2024-09-15T16:12:34-04:00,0,60
src\routes\assignments\a2\+page.svelte,541,svelte,f94476fb,Jin G,2024-09-15,16:12:34,-04:00,2024-09-15T16:12:34-04:00,0,113
src\routes\assignments\a2\+page.svelte,542,svelte,f94476fb,Jin G,2024-09-15,16:12:34,-04:00,2024-09-15T16:12:34-04:00,0,3
src\routes\assignments\a2\+page.svelte,543,svelte,f94476fb,Jin G,2024-09-15,16:12:34,-04:00,2024-09-15T16:12:34-04:00,0,0
src\routes\assignments\a2\+page.svelte,544,svelte,f94476fb,Jin G,2024-09-15,16:12:34,-04:00,2024-09-15T16:12:34-04:00,0,9
src\routes\assignments\a2\+page.svelte,545,svelte,f94476fb,Jin G,2024-09-15,16:12:34,-04:00,2024-09-15T16:12:34-04:00,0,6
src\routes\assignments\a2\+page.svelte,546,svelte,f94476fb,Jin G,2024-09-15,16:12:34,-04:00,2024-09-15T16:12:34-04:00,0,6
src\routes\assignments\a2\+page.svelte,547,css,f94476fb,Jin G,2024-09-15,16:12:34,-04:00,2024-09-15T16:12:34-04:00,0,105
src\routes\assignments\a2\+page.svelte,548,css,f94476fb,Jin G,2024-09-15,16:12:34,-04:00,2024-09-15T16:12:34-04:00,0,0
src\routes\assignments\a2\+page.svelte,549,css,f94476fb,Jin G,2024-09-15,16:12:34,-04:00,2024-09-15T16:12:34-04:00,0,6
src\routes\assignments\a2\+page.svelte,550,css,f94476fb,Jin G,2024-09-15,16:12:34,-04:00,2024-09-15T16:12:34-04:00,0,36
src\routes\assignments\a2\+page.svelte,551,css,f94476fb,Jin G,2024-09-15,16:12:34,-04:00,2024-09-15T16:12:34-04:00,0,36
src\routes\assignments\a2\+page.svelte,552,css,f94476fb,Jin G,2024-09-15,16:12:34,-04:00,2024-09-15T16:12:34-04:00,0,36
src\routes\assignments\a2\+page.svelte,553,css,f94476fb,Jin G,2024-09-15,16:12:34,-04:00,2024-09-15T16:12:34-04:00,0,36
src\routes\assignments\a2\+page.svelte,554,css,f94476fb,Jin G,2024-09-15,16:12:34,-04:00,2024-09-15T16:12:34-04:00,0,36
src\routes\assignments\a2\+page.svelte,555,css,f94476fb,Jin G,2024-09-15,16:12:34,-04:00,2024-09-15T16:12:34-04:00,0,36
src\routes\assignments\a2\+page.svelte,556,css,f94476fb,Jin G,2024-09-15,16:12:34,-04:00,2024-09-15T16:12:34-04:00,0,36
src\routes\assignments\a2\+page.svelte,557,css,f94476fb,Jin G,2024-09-15,16:12:34,-04:00,2024-09-15T16:12:34-04:00,0,36
src\routes\assignments\a2\+page.svelte,558,css,f94476fb,Jin G,2024-09-15,16:12:34,-04:00,2024-09-15T16:12:34-04:00,0,36
src\routes\assignments\a2\+page.svelte,559,css,f94476fb,Jin G,2024-09-15,16:12:34,-04:00,2024-09-15T16:12:34-04:00,0,36
src\routes\assignments\a2\+page.svelte,560,css,f94476fb,Jin G,2024-09-15,16:12:34,-04:00,2024-09-15T16:12:34-04:00,0,74
src\routes\assignments\a2\+page.svelte,561,css,f94476fb,Jin G,2024-09-15,16:12:34,-04:00,2024-09-15T16:12:34-04:00,0,28
src\routes\assignments\a2\+page.svelte,562,css,f94476fb,Jin G,2024-09-15,16:12:34,-04:00,2024-09-15T16:12:34-04:00,0,0
src\routes\assignments\a2\+page.svelte,563,css,f94476fb,Jin G,2024-09-15,16:12:34,-04:00,2024-09-15T16:12:34-04:00,0,0
src\routes\assignments\a2\+page.svelte,564,css,f94476fb,Jin G,2024-09-15,16:12:34,-04:00,2024-09-15T16:12:34-04:00,0,5
src\routes\assignments\a2\+page.svelte,565,css,f94476fb,Jin G,2024-09-15,16:12:34,-04:00,2024-09-15T16:12:34-04:00,0,31
src\routes\assignments\a2\+page.svelte,566,css,f94476fb,Jin G,2024-09-15,16:12:34,-04:00,2024-09-15T16:12:34-04:00,0,21
src\routes\assignments\a2\+page.svelte,567,css,f94476fb,Jin G,2024-09-15,16:12:34,-04:00,2024-09-15T16:12:34-04:00,0,35
src\routes\assignments\a2\+page.svelte,568,css,f94476fb,Jin G,2024-09-15,16:12:34,-04:00,2024-09-15T16:12:34-04:00,0,26
src\routes\assignments\a2\+page.svelte,569,css,f94476fb,Jin G,2024-09-15,16:12:34,-04:00,2024-09-15T16:12:34-04:00,0,14
src\routes\assignments\a2\+page.svelte,570,css,f94476fb,Jin G,2024-09-15,16:12:34,-04:00,2024-09-15T16:12:34-04:00,0,0
src\routes\assignments\a2\+page.svelte,571,css,f94476fb,Jin G,2024-09-15,16:12:34,-04:00,2024-09-15T16:12:34-04:00,0,0
src\routes\assignments\a2\+page.svelte,572,css,f94476fb,Jin G,2024-09-15,16:12:34,-04:00,2024-09-15T16:12:34-04:00,0,13
src\routes\assignments\a2\+page.svelte,573,css,f94476fb,Jin G,2024-09-15,16:12:34,-04:00,2024-09-15T16:12:34-04:00,0,0
src\routes\assignments\a2\+page.svelte,574,css,f94476fb,Jin G,2024-09-15,16:12:34,-04:00,2024-09-15T16:12:34-04:00,0,2
src\routes\assignments\a2\+page.svelte,575,css,f94476fb,Jin G,2024-09-15,16:12:34,-04:00,2024-09-15T16:12:34-04:00,0,2
src\routes\assignments\a2\+page.svelte,576,css,f94476fb,Jin G,2024-09-15,16:12:34,-04:00,2024-09-15T16:12:34-04:00,0,2
src\routes\assignments\a2\+page.svelte,577,css,f94476fb,Jin G,2024-09-15,16:12:34,-04:00,2024-09-15T16:12:34-04:00,0,2
src\routes\assignments\a2\+page.svelte,578,css,f94476fb,Jin G,2024-09-15,16:12:34,-04:00,2024-09-15T16:12:34-04:00,0,2
src\routes\assignments\a2\+page.svelte,579,css,f94476fb,Jin G,2024-09-15,16:12:34,-04:00,2024-09-15T16:12:34-04:00,0,3
src\routes\assignments\a2\+page.svelte,580,css,f94476fb,Jin G,2024-09-15,16:12:34,-04:00,2024-09-15T16:12:34-04:00,0,16
src\routes\assignments\a2\+page.svelte,581,css,f94476fb,Jin G,2024-09-15,16:12:34,-04:00,2024-09-15T16:12:34-04:00,0,16
src\routes\assignments\a2\+page.svelte,582,css,f94476fb,Jin G,2024-09-15,16:12:34,-04:00,2024-09-15T16:12:34-04:00,0,18
src\routes\assignments\a2\+page.svelte,583,css,f94476fb,Jin G,2024-09-15,16:12:34,-04:00,2024-09-15T16:12:34-04:00,0,0
src\routes\assignments\a2\+page.svelte,584,css,f94476fb,Jin G,2024-09-15,16:12:34,-04:00,2024-09-15T16:12:34-04:00,0,0
src\routes\assignments\a2\+page.svelte,585,css,f94476fb,Jin G,2024-09-15,16:12:34,-04:00,2024-09-15T16:12:34-04:00,0,2
src\routes\assignments\a2\+page.svelte,586,css,f94476fb,Jin G,2024-09-15,16:12:34,-04:00,2024-09-15T16:12:34-04:00,0,3
src\routes\assignments\a2\+page.svelte,587,css,f94476fb,Jin G,2024-09-15,16:12:34,-04:00,2024-09-15T16:12:34-04:00,0,48
src\routes\assignments\a2\+page.svelte,588,css,f94476fb,Jin G,2024-09-15,16:12:34,-04:00,2024-09-15T16:12:34-04:00,0,21
src\routes\assignments\a2\+page.svelte,589,css,f94476fb,Jin G,2024-09-15,16:12:34,-04:00,2024-09-15T16:12:34-04:00,0,0
src\routes\assignments\a2\+page.svelte,590,css,f94476fb,Jin G,2024-09-15,16:12:34,-04:00,2024-09-15T16:12:34-04:00,0,0
src\routes\assignments\a2\+page.svelte,591,css,f94476fb,Jin G,2024-09-15,16:12:34,-04:00,2024-09-15T16:12:34-04:00,0,3
src\routes\assignments\a2\+page.svelte,592,css,f94476fb,Jin G,2024-09-15,16:12:34,-04:00,2024-09-15T16:12:34-04:00,0,24
src\routes\assignments\a2\+page.svelte,593,css,e23a9043,Jin G,2024-09-16,00:27:49,-04:00,2024-09-16T00:27:49-04:00,0,48
src\routes\assignments\a2\+page.svelte,594,css,f94476fb,Jin G,2024-09-15,16:12:34,-04:00,2024-09-15T16:12:34-04:00,0,16
src\routes\assignments\a2\+page.svelte,595,css,f94476fb,Jin G,2024-09-15,16:12:34,-04:00,2024-09-15T16:12:34-04:00,0,0
src\routes\assignments\a2\+page.svelte,596,css,f94476fb,Jin G,2024-09-15,16:12:34,-04:00,2024-09-15T16:12:34-04:00,0,6
src\routes\assignments\a2\+page.svelte,597,css,f94476fb,Jin G,2024-09-15,16:12:34,-04:00,2024-09-15T16:12:34-04:00,0,14
src\routes\assignments\a2\+page.svelte,598,css,f94476fb,Jin G,2024-09-15,16:12:34,-04:00,2024-09-15T16:12:34-04:00,0,18
src\routes\assignments\a2\+page.svelte,599,css,f94476fb,Jin G,2024-09-15,16:12:34,-04:00,2024-09-15T16:12:34-04:00,0,20
src\routes\assignments\a2\+page.svelte,600,css,f94476fb,Jin G,2024-09-15,16:12:34,-04:00,2024-09-15T16:12:34-04:00,0,19
src\routes\assignments\a2\+page.svelte,601,css,f94476fb,Jin G,2024-09-15,16:12:34,-04:00,2024-09-15T16:12:34-04:00,0,12
src\routes\assignments\a2\+page.svelte,602,css,f94476fb,Jin G,2024-09-15,16:12:34,-04:00,2024-09-15T16:12:34-04:00,0,35
src\routes\assignments\a2\+page.svelte,603,css,f94476fb,Jin G,2024-09-15,16:12:34,-04:00,2024-09-15T16:12:34-04:00,0,14
src\routes\assignments\a2\+page.svelte,604,css,f94476fb,Jin G,2024-09-15,16:12:34,-04:00,2024-09-15T16:12:34-04:00,0,25
src\routes\assignments\a2\+page.svelte,605,css,f94476fb,Jin G,2024-09-15,16:12:34,-04:00,2024-09-15T16:12:34-04:00,0,19
src\routes\assignments\a2\+page.svelte,606,css,f94476fb,Jin G,2024-09-15,16:12:34,-04:00,2024-09-15T16:12:34-04:00,0,0
src\routes\assignments\a2\+page.svelte,607,css,f94476fb,Jin G,2024-09-15,16:12:34,-04:00,2024-09-15T16:12:34-04:00,0,0
src\routes\assignments\a2\+page.svelte,608,css,f94476fb,Jin G,2024-09-15,16:12:34,-04:00,2024-09-15T16:12:34-04:00,0,0
src\routes\assignments\a2\+page.svelte,609,css,f94476fb,Jin G,2024-09-15,16:12:34,-04:00,2024-09-15T16:12:34-04:00,0,3
src\routes\assignments\a2\+page.svelte,610,css,f94476fb,Jin G,2024-09-15,16:12:34,-04:00,2024-09-15T16:12:34-04:00,0,15
src\routes\assignments\a2\+page.svelte,611,css,f94476fb,Jin G,2024-09-15,16:12:34,-04:00,2024-09-15T16:12:34-04:00,0,30
src\routes\assignments\a2\+page.svelte,612,css,f94476fb,Jin G,2024-09-15,16:12:34,-04:00,2024-09-15T16:12:34-04:00,0,0
src\routes\assignments\a2\+page.svelte,613,css,f94476fb,Jin G,2024-09-15,16:12:34,-04:00,2024-09-15T16:12:34-04:00,0,0
src\routes\assignments\a2\+page.svelte,614,css,f94476fb,Jin G,2024-09-15,16:12:34,-04:00,2024-09-15T16:12:34-04:00,0,3
src\routes\assignments\a2\+page.svelte,615,css,f94476fb,Jin G,2024-09-15,16:12:34,-04:00,2024-09-15T16:12:34-04:00,0,15
src\routes\assignments\a2\+page.svelte,616,css,f94476fb,Jin G,2024-09-15,16:12:34,-04:00,2024-09-15T16:12:34-04:00,0,15
src\routes\assignments\a2\+page.svelte,617,css,f94476fb,Jin G,2024-09-15,16:12:34,-04:00,2024-09-15T16:12:34-04:00,0,0
src\routes\assignments\a2\+page.svelte,618,css,f94476fb,Jin G,2024-09-15,16:12:34,-04:00,2024-09-15T16:12:34-04:00,0,0
src\routes\assignments\a2\+page.svelte,619,css,f94476fb,Jin G,2024-09-15,16:12:34,-04:00,2024-09-15T16:12:34-04:00,0,10
src\routes\assignments\a2\+page.svelte,620,css,f94476fb,Jin G,2024-09-15,16:12:34,-04:00,2024-09-15T16:12:34-04:00,0,0
src\routes\assignments\a2\+page.svelte,621,css,f94476fb,Jin G,2024-09-15,16:12:34,-04:00,2024-09-15T16:12:34-04:00,0,2
src\routes\assignments\a2\+page.svelte,622,css,f94476fb,Jin G,2024-09-15,16:12:34,-04:00,2024-09-15T16:12:34-04:00,0,3
src\routes\assignments\a2\+page.svelte,623,css,f94476fb,Jin G,2024-09-15,16:12:34,-04:00,2024-09-15T16:12:34-04:00,0,25
src\routes\assignments\a2\+page.svelte,624,css,f94476fb,Jin G,2024-09-15,16:12:34,-04:00,2024-09-15T16:12:34-04:00,0,0
src\routes\assignments\a2\+page.svelte,625,css,f94476fb,Jin G,2024-09-15,16:12:34,-04:00,2024-09-15T16:12:34-04:00,0,0
src\routes\assignments\a2\+page.svelte,626,css,f94476fb,Jin G,2024-09-15,16:12:34,-04:00,2024-09-15T16:12:34-04:00,0,3
src\routes\assignments\a2\+page.svelte,627,css,f94476fb,Jin G,2024-09-15,16:12:34,-04:00,2024-09-15T16:12:34-04:00,0,10
src\routes\assignments\a2\+page.svelte,628,css,f94476fb,Jin G,2024-09-15,16:12:34,-04:00,2024-09-15T16:12:34-04:00,0,30
src\routes\assignments\a2\+page.svelte,629,css,f94476fb,Jin G,2024-09-15,16:12:34,-04:00,2024-09-15T16:12:34-04:00,0,0
src\routes\assignments\a2\+page.svelte,630,css,f94476fb,Jin G,2024-09-15,16:12:34,-04:00,2024-09-15T16:12:34-04:00,0,0
src\routes\assignments\a2\+page.svelte,631,css,f94476fb,Jin G,2024-09-15,16:12:34,-04:00,2024-09-15T16:12:34-04:00,0,17
src\routes\assignments\a2\+page.svelte,632,css,f94476fb,Jin G,2024-09-15,16:12:34,-04:00,2024-09-15T16:12:34-04:00,0,0
src\routes\assignments\a2\+page.svelte,633,css,f94476fb,Jin G,2024-09-15,16:12:34,-04:00,2024-09-15T16:12:34-04:00,0,0
src\routes\assignments\a2\+page.svelte,634,css,f94476fb,Jin G,2024-09-15,16:12:34,-04:00,2024-09-15T16:12:34-04:00,0,24
src\routes\assignments\a2\+page.svelte,635,css,f94476fb,Jin G,2024-09-15,16:12:34,-04:00,2024-09-15T16:12:34-04:00,0,0
src\routes\assignments\a2\+page.svelte,636,css,f94476fb,Jin G,2024-09-15,16:12:34,-04:00,2024-09-15T16:12:34-04:00,0,7
src\routes\assignments\a2\+page.svelte,637,css,f94476fb,Jin G,2024-09-15,16:12:34,-04:00,2024-09-15T16:12:34-04:00,0,18
src\routes\assignments\a2\+page.svelte,638,css,f94476fb,Jin G,2024-09-15,16:12:34,-04:00,2024-09-15T16:12:34-04:00,0,18
src\routes\assignments\a2\+page.svelte,639,css,f94476fb,Jin G,2024-09-15,16:12:34,-04:00,2024-09-15T16:12:34-04:00,0,0
src\routes\assignments\a2\+page.svelte,640,css,f94476fb,Jin G,2024-09-15,16:12:34,-04:00,2024-09-15T16:12:34-04:00,0,0
src\routes\assignments\a2\+page.svelte,641,css,f94476fb,Jin G,2024-09-15,16:12:34,-04:00,2024-09-15T16:12:34-04:00,0,5
src\routes\assignments\a2\+page.svelte,642,css,f94476fb,Jin G,2024-09-15,16:12:34,-04:00,2024-09-15T16:12:34-04:00,0,17
src\routes\assignments\a2\+page.svelte,643,css,f94476fb,Jin G,2024-09-15,16:12:34,-04:00,2024-09-15T16:12:34-04:00,0,30
src\routes\assignments\a2\+page.svelte,644,css,f94476fb,Jin G,2024-09-15,16:12:34,-04:00,2024-09-15T16:12:34-04:00,0,19
src\routes\assignments\a2\+page.svelte,645,css,f94476fb,Jin G,2024-09-15,16:12:34,-04:00,2024-09-15T16:12:34-04:00,0,20
src\routes\assignments\a2\+page.svelte,646,css,f94476fb,Jin G,2024-09-15,16:12:34,-04:00,2024-09-15T16:12:34-04:00,0,10
src\routes\assignments\a2\+page.svelte,647,css,f94476fb,Jin G,2024-09-15,16:12:34,-04:00,2024-09-15T16:12:34-04:00,0,29
src\routes\assignments\a2\+page.svelte,648,css,f94476fb,Jin G,2024-09-15,16:12:34,-04:00,2024-09-15T16:12:34-04:00,0,29
src\routes\assignments\a2\+page.svelte,649,css,f94476fb,Jin G,2024-09-15,16:12:34,-04:00,2024-09-15T16:12:34-04:00,0,15
src\routes\assignments\a2\+page.svelte,650,css,f94476fb,Jin G,2024-09-15,16:12:34,-04:00,2024-09-15T16:12:34-04:00,0,0
src\routes\assignments\a2\+page.svelte,651,css,f94476fb,Jin G,2024-09-15,16:12:34,-04:00,2024-09-15T16:12:34-04:00,0,0
src\routes\assignments\a2\+page.svelte,652,css,f94476fb,Jin G,2024-09-15,16:12:34,-04:00,2024-09-15T16:12:34-04:00,0,12
src\routes\assignments\a2\+page.svelte,653,css,f94476fb,Jin G,2024-09-15,16:12:34,-04:00,2024-09-15T16:12:34-04:00,0,0
src\routes\assignments\a2\+page.svelte,654,css,f94476fb,Jin G,2024-09-15,16:12:34,-04:00,2024-09-15T16:12:34-04:00,0,7
src\routes\assignments\a2\+page.svelte,655,css,f94476fb,Jin G,2024-09-15,16:12:34,-04:00,2024-09-15T16:12:34-04:00,0,13
src\routes\assignments\a2\+page.svelte,656,css,f94476fb,Jin G,2024-09-15,16:12:34,-04:00,2024-09-15T16:12:34-04:00,0,15
src\routes\assignments\a2\+page.svelte,657,css,f94476fb,Jin G,2024-09-15,16:12:34,-04:00,2024-09-15T16:12:34-04:00,0,21
src\routes\assignments\a2\+page.svelte,658,css,f94476fb,Jin G,2024-09-15,16:12:34,-04:00,2024-09-15T16:12:34-04:00,0,41
src\routes\assignments\a2\+page.svelte,659,css,f94476fb,Jin G,2024-09-15,16:12:34,-04:00,2024-09-15T16:12:34-04:00,0,49
src\routes\assignments\a2\+page.svelte,660,css,f94476fb,Jin G,2024-09-15,16:12:34,-04:00,2024-09-15T16:12:34-04:00,0,18
src\routes\assignments\a2\+page.svelte,661,css,f94476fb,Jin G,2024-09-15,16:12:34,-04:00,2024-09-15T16:12:34-04:00,0,17
src\routes\assignments\a2\+page.svelte,662,css,f94476fb,Jin G,2024-09-15,16:12:34,-04:00,2024-09-15T16:12:34-04:00,0,17
src\routes\assignments\a2\+page.svelte,663,css,f94476fb,Jin G,2024-09-15,16:12:34,-04:00,2024-09-15T16:12:34-04:00,0,0
src\routes\assignments\a2\+page.svelte,664,css,f94476fb,Jin G,2024-09-15,16:12:34,-04:00,2024-09-15T16:12:34-04:00,0,0
src\routes\assignments\a2\+page.svelte,665,css,f94476fb,Jin G,2024-09-15,16:12:34,-04:00,2024-09-15T16:12:34-04:00,0,12
src\routes\assignments\a2\+page.svelte,666,css,f94476fb,Jin G,2024-09-15,16:12:34,-04:00,2024-09-15T16:12:34-04:00,0,14
src\routes\assignments\a2\+page.svelte,667,css,f94476fb,Jin G,2024-09-15,16:12:34,-04:00,2024-09-15T16:12:34-04:00,0,15
src\routes\assignments\a2\+page.svelte,668,css,f94476fb,Jin G,2024-09-15,16:12:34,-04:00,2024-09-15T16:12:34-04:00,0,15
src\routes\assignments\a2\+page.svelte,669,css,f94476fb,Jin G,2024-09-15,16:12:34,-04:00,2024-09-15T16:12:34-04:00,0,12
src\routes\assignments\a2\+page.svelte,670,css,f94476fb,Jin G,2024-09-15,16:12:34,-04:00,2024-09-15T16:12:34-04:00,0,0
src\routes\assignments\a2\+page.svelte,671,css,f94476fb,Jin G,2024-09-15,16:12:34,-04:00,2024-09-15T16:12:34-04:00,0,0
src\routes\assignments\a2\+page.svelte,672,css,f94476fb,Jin G,2024-09-15,16:12:34,-04:00,2024-09-15T16:12:34-04:00,0,20
src\routes\assignments\a2\+page.svelte,673,css,f94476fb,Jin G,2024-09-15,16:12:34,-04:00,2024-09-15T16:12:34-04:00,0,30
src\routes\assignments\a2\+page.svelte,674,css,f94476fb,Jin G,2024-09-15,16:12:34,-04:00,2024-09-15T16:12:34-04:00,0,35
src\routes\assignments\a2\+page.svelte,675,css,f94476fb,Jin G,2024-09-15,16:12:34,-04:00,2024-09-15T16:12:34-04:00,0,15
src\routes\assignments\a2\+page.svelte,676,css,f94476fb,Jin G,2024-09-15,16:12:34,-04:00,2024-09-15T16:12:34-04:00,0,15
src\routes\assignments\a2\+page.svelte,677,css,f94476fb,Jin G,2024-09-15,16:12:34,-04:00,2024-09-15T16:12:34-04:00,0,18
src\routes\assignments\a2\+page.svelte,678,css,f94476fb,Jin G,2024-09-15,16:12:34,-04:00,2024-09-15T16:12:34-04:00,0,25
src\routes\assignments\a2\+page.svelte,679,css,f94476fb,Jin G,2024-09-15,16:12:34,-04:00,2024-09-15T16:12:34-04:00,0,18
src\routes\assignments\a2\+page.svelte,680,css,f94476fb,Jin G,2024-09-15,16:12:34,-04:00,2024-09-15T16:12:34-04:00,0,0
src\routes\assignments\a2\+page.svelte,681,css,f94476fb,Jin G,2024-09-15,16:12:34,-04:00,2024-09-15T16:12:34-04:00,0,0
src\routes\assignments\a2\+page.svelte,682,css,f94476fb,Jin G,2024-09-15,16:12:34,-04:00,2024-09-15T16:12:34-04:00,0,28
src\routes\assignments\a2\+page.svelte,683,css,f94476fb,Jin G,2024-09-15,16:12:34,-04:00,2024-09-15T16:12:34-04:00,0,39
src\routes\assignments\a2\+page.svelte,684,css,f94476fb,Jin G,2024-09-15,16:12:34,-04:00,2024-09-15T16:12:34-04:00,0,17
src\routes\assignments\a2\+page.svelte,685,css,f94476fb,Jin G,2024-09-15,16:12:34,-04:00,2024-09-15T16:12:34-04:00,0,30
src\routes\assignments\a2\+page.svelte,686,css,f94476fb,Jin G,2024-09-15,16:12:34,-04:00,2024-09-15T16:12:34-04:00,0,0
src\routes\assignments\a2\+page.svelte,687,css,f94476fb,Jin G,2024-09-15,16:12:34,-04:00,2024-09-15T16:12:34-04:00,0,0
src\routes\assignments\a2\+page.svelte,688,css,f94476fb,Jin G,2024-09-15,16:12:34,-04:00,2024-09-15T16:12:34-04:00,0,51
src\routes\assignments\a2\+page.svelte,689,css,f94476fb,Jin G,2024-09-15,16:12:34,-04:00,2024-09-15T16:12:34-04:00,0,14
src\routes\assignments\a2\+page.svelte,690,css,f94476fb,Jin G,2024-09-15,16:12:34,-04:00,2024-09-15T16:12:34-04:00,0,26
src\routes\assignments\a2\+page.svelte,691,css,f94476fb,Jin G,2024-09-15,16:12:34,-04:00,2024-09-15T16:12:34-04:00,0,71
src\routes\assignments\a2\+page.svelte,692,css,f94476fb,Jin G,2024-09-15,16:12:34,-04:00,2024-09-15T16:12:34-04:00,0,0
src\routes\assignments\a2\+page.svelte,693,css,f94476fb,Jin G,2024-09-15,16:12:34,-04:00,2024-09-15T16:12:34-04:00,0,0
src\routes\assignments\a2\+page.svelte,694,css,f94476fb,Jin G,2024-09-15,16:12:34,-04:00,2024-09-15T16:12:34-04:00,0,18
src\routes\assignments\a2\+page.svelte,695,css,f94476fb,Jin G,2024-09-15,16:12:34,-04:00,2024-09-15T16:12:34-04:00,0,12
src\routes\assignments\a2\+page.svelte,696,css,f94476fb,Jin G,2024-09-15,16:12:34,-04:00,2024-09-15T16:12:34-04:00,0,14
src\routes\assignments\a2\+page.svelte,697,css,f94476fb,Jin G,2024-09-15,16:12:34,-04:00,2024-09-15T16:12:34-04:00,0,14
src\routes\assignments\a2\+page.svelte,698,css,f94476fb,Jin G,2024-09-15,16:12:34,-04:00,2024-09-15T16:12:34-04:00,0,30
src\routes\assignments\a2\+page.svelte,699,css,f94476fb,Jin G,2024-09-15,16:12:34,-04:00,2024-09-15T16:12:34-04:00,0,27
src\routes\assignments\a2\+page.svelte,700,css,f94476fb,Jin G,2024-09-15,16:12:34,-04:00,2024-09-15T16:12:34-04:00,0,16
src\routes\assignments\a2\+page.svelte,701,css,f94476fb,Jin G,2024-09-15,16:12:34,-04:00,2024-09-15T16:12:34-04:00,0,19
src\routes\assignments\a2\+page.svelte,702,css,f94476fb,Jin G,2024-09-15,16:12:34,-04:00,2024-09-15T16:12:34-04:00,0,16
src\routes\assignments\a2\+page.svelte,703,css,f94476fb,Jin G,2024-09-15,16:12:34,-04:00,2024-09-15T16:12:34-04:00,0,17
src\routes\assignments\a2\+page.svelte,704,css,f94476fb,Jin G,2024-09-15,16:12:34,-04:00,2024-09-15T16:12:34-04:00,0,18
src\routes\assignments\a2\+page.svelte,705,css,f94476fb,Jin G,2024-09-15,16:12:34,-04:00,2024-09-15T16:12:34-04:00,0,0
src\routes\assignments\a2\+page.svelte,706,css,f94476fb,Jin G,2024-09-15,16:12:34,-04:00,2024-09-15T16:12:34-04:00,0,0
src\routes\assignments\a2\+page.svelte,707,css,f94476fb,Jin G,2024-09-15,16:12:34,-04:00,2024-09-15T16:12:34-04:00,0,8
src\routes\assignments\a2\+page.svelte,708,css,f94476fb,Jin G,2024-09-15,16:12:34,-04:00,2024-09-15T16:12:34-04:00,0,8
src\routes\assignments\a2\+page.svelte,709,css,f94476fb,Jin G,2024-09-15,16:12:34,-04:00,2024-09-15T16:12:34-04:00,0,9
src\routes\assignments\a2\+page.svelte,710,css,f94476fb,Jin G,2024-09-15,16:12:34,-04:00,2024-09-15T16:12:34-04:00,0,14
src\routes\assignments\a2\+page.svelte,711,css,f94476fb,Jin G,2024-09-15,16:12:34,-04:00,2024-09-15T16:12:34-04:00,0,17
src\routes\assignments\a2\+page.svelte,712,css,f94476fb,Jin G,2024-09-15,16:12:34,-04:00,2024-09-15T16:12:34-04:00,0,18
src\routes\assignments\a2\+page.svelte,713,css,f94476fb,Jin G,2024-09-15,16:12:34,-04:00,2024-09-15T16:12:34-04:00,0,0
src\routes\assignments\a2\+page.svelte,714,css,f94476fb,Jin G,2024-09-15,16:12:34,-04:00,2024-09-15T16:12:34-04:00,0,0
src\routes\assignments\a2\+page.svelte,715,css,f94476fb,Jin G,2024-09-15,16:12:34,-04:00,2024-09-15T16:12:34-04:00,0,37
src\routes\assignments\a2\+page.svelte,716,css,f94476fb,Jin G,2024-09-15,16:12:34,-04:00,2024-09-15T16:12:34-04:00,0,9
src\routes\assignments\a2\+page.svelte,717,css,f94476fb,Jin G,2024-09-15,16:12:34,-04:00,2024-09-15T16:12:34-04:00,0,10
src\routes\assignments\a2\+page.svelte,718,css,f94476fb,Jin G,2024-09-15,16:12:34,-04:00,2024-09-15T16:12:34-04:00,0,0
src\routes\assignments\a2\+page.svelte,719,css,f94476fb,Jin G,2024-09-15,16:12:34,-04:00,2024-09-15T16:12:34-04:00,0,9
src\routes\assignments\a2\+page.svelte,720,css,f94476fb,Jin G,2024-09-15,16:12:34,-04:00,2024-09-15T16:12:34-04:00,0,10
src\routes\assignments\a2\+page.svelte,721,css,f94476fb,Jin G,2024-09-15,16:12:34,-04:00,2024-09-15T16:12:34-04:00,0,0
src\routes\assignments\a2\+page.svelte,722,css,f94476fb,Jin G,2024-09-15,16:12:34,-04:00,2024-09-15T16:12:34-04:00,0,9
src\routes\assignments\a2\+page.svelte,723,css,f94476fb,Jin G,2024-09-15,16:12:34,-04:00,2024-09-15T16:12:34-04:00,0,10
src\routes\assignments\a2\+page.svelte,724,css,f94476fb,Jin G,2024-09-15,16:12:34,-04:00,2024-09-15T16:12:34-04:00,0,0
src\routes\assignments\a2\+page.svelte,725,css,f94476fb,Jin G,2024-09-15,16:12:34,-04:00,2024-09-15T16:12:34-04:00,0,0
src\routes\assignments\a2\+page.svelte,726,css,f94476fb,Jin G,2024-09-15,16:12:34,-04:00,2024-09-15T16:12:34-04:00,0,58
src\routes\assignments\a2\+page.svelte,727,css,f94476fb,Jin G,2024-09-15,16:12:34,-04:00,2024-09-15T16:12:34-04:00,0,26
src\routes\assignments\a2\+page.svelte,728,css,f94476fb,Jin G,2024-09-15,16:12:34,-04:00,2024-09-15T16:12:34-04:00,0,8
src\routes\assignments\a2\+page.svelte,729,css,f94476fb,Jin G,2024-09-15,16:12:34,-04:00,2024-09-15T16:12:34-04:00,0,8
src\routes\assignments\a2\+page.svelte,730,css,f94476fb,Jin G,2024-09-15,16:12:34,-04:00,2024-09-15T16:12:34-04:00,0,9
src\routes\assignments\a2\+page.svelte,731,css,f94476fb,Jin G,2024-09-15,16:12:34,-04:00,2024-09-15T16:12:34-04:00,0,63
src\routes\assignments\a2\+page.svelte,732,css,f94476fb,Jin G,2024-09-15,16:12:34,-04:00,2024-09-15T16:12:34-04:00,0,0
src\routes\assignments\a2\+page.svelte,733,css,f94476fb,Jin G,2024-09-15,16:12:34,-04:00,2024-09-15T16:12:34-04:00,0,0
src\routes\assignments\a2\+page.svelte,734,css,f94476fb,Jin G,2024-09-15,16:12:34,-04:00,2024-09-15T16:12:34-04:00,0,0
src\routes\assignments\a2\+page.svelte,735,css,f94476fb,Jin G,2024-09-15,16:12:34,-04:00,2024-09-15T16:12:34-04:00,0,13
src\routes\assignments\a2\+page.svelte,736,css,f94476fb,Jin G,2024-09-15,16:12:34,-04:00,2024-09-15T16:12:34-04:00,0,18
src\routes\assignments\a2\+page.svelte,737,css,f94476fb,Jin G,2024-09-15,16:12:34,-04:00,2024-09-15T16:12:34-04:00,0,15
src\routes\assignments\a2\+page.svelte,738,css,f94476fb,Jin G,2024-09-15,16:12:34,-04:00,2024-09-15T16:12:34-04:00,0,0
src\routes\assignments\a2\+page.svelte,739,svelte,f94476fb,Jin G,2024-09-15,16:12:34,-04:00,2024-09-15T16:12:34-04:00,0,7
src\routes\about_me\+page.svelte,1,svelte,f94476fb,Jin G,2024-09-15,16:12:34,-04:00,2024-09-15T16:12:34-04:00,0,12
src\routes\about_me\+page.svelte,2,svelte,97e92818,Jin G,2024-09-16,10:51:48,-04:00,2024-09-16T10:51:48-04:00,0,24
src\routes\about_me\+page.svelte,3,svelte,f94476fb,Jin G,2024-09-15,16:12:34,-04:00,2024-09-15T16:12:34-04:00,0,13
src\routes\about_me\+page.svelte,4,svelte,f94476fb,Jin G,2024-09-15,16:12:34,-04:00,2024-09-15T16:12:34-04:00,0,0
src\routes\about_me\+page.svelte,5,svelte,4358e736,Jin G,2024-09-18,15:37:52,-04:00,2024-09-18T15:37:52-04:00,0,7
src\routes\about_me\+page.svelte,6,js,4358e736,Jin G,2024-09-18,15:37:52,-04:00,2024-09-18T15:37:52-04:00,0,33
src\routes\about_me\+page.svelte,7,svelte,4358e736,Jin G,2024-09-18,15:37:52,-04:00,2024-09-18T15:37:52-04:00,0,8
src\routes\about_me\+page.svelte,8,svelte,4358e736,Jin G,2024-09-18,15:37:52,-04:00,2024-09-18T15:37:52-04:00,0,0
src\routes\about_me\+page.svelte,9,svelte,4358e736,Jin G,2024-09-18,15:37:52,-04:00,2024-09-18T15:37:52-04:00,0,0
src\routes\about_me\+page.svelte,10,svelte,97e92818,Jin G,2024-09-16,10:51:48,-04:00,2024-09-16T10:51:48-04:00,0,5
src\routes\about_me\+page.svelte,11,svelte,c4396cf3,Jin G,2024-09-29,13:28:05,-04:00,2024-09-29T13:28:05-04:00,0,0
src\routes\about_me\+page.svelte,12,svelte,c4396cf3,Jin G,2024-09-29,13:28:05,-04:00,2024-09-29T13:28:05-04:00,0,60
src\routes\about_me\+page.svelte,13,svelte,c4396cf3,Jin G,2024-09-29,13:28:05,-04:00,2024-09-29T13:28:05-04:00,0,0
src\routes\about_me\+page.svelte,14,svelte,b0396caa,Jin G,2024-09-19,14:49:20,-04:00,2024-09-19T14:49:20-04:00,0,18
src\routes\about_me\+page.svelte,15,svelte,d8a4349e,Jin G,2024-09-15,18:32:45,-04:00,2024-09-15T18:32:45-04:00,0,0
src\routes\about_me\+page.svelte,16,svelte,97e92818,Jin G,2024-09-16,10:51:48,-04:00,2024-09-16T10:51:48-04:00,0,66
src\routes\about_me\+page.svelte,17,svelte,f94476fb,Jin G,2024-09-15,16:12:34,-04:00,2024-09-15T16:12:34-04:00,0,23
src\routes\about_me\+page.svelte,18,svelte,f94476fb,Jin G,2024-09-15,16:12:34,-04:00,2024-09-15T16:12:34-04:00,0,36
src\routes\about_me\+page.svelte,19,svelte,f94476fb,Jin G,2024-09-15,16:12:34,-04:00,2024-09-15T16:12:34-04:00,0,70
src\routes\about_me\+page.svelte,20,svelte,f94476fb,Jin G,2024-09-15,16:12:34,-04:00,2024-09-15T16:12:34-04:00,0,5
src\routes\about_me\+page.svelte,21,svelte,f94476fb,Jin G,2024-09-15,16:12:34,-04:00,2024-09-15T16:12:34-04:00,0,23
src\routes\about_me\+page.svelte,22,svelte,f94476fb,Jin G,2024-09-15,16:12:34,-04:00,2024-09-15T16:12:34-04:00,0,33
src\routes\about_me\+page.svelte,23,svelte,97e92818,Jin G,2024-09-16,10:51:48,-04:00,2024-09-16T10:51:48-04:00,0,63
src\routes\about_me\+page.svelte,24,svelte,97e92818,Jin G,2024-09-16,10:51:48,-04:00,2024-09-16T10:51:48-04:00,0,11
src\routes\about_me\+page.svelte,25,svelte,f94476fb,Jin G,2024-09-15,16:12:34,-04:00,2024-09-15T16:12:34-04:00,0,5
src\routes\about_me\+page.svelte,26,svelte,f94476fb,Jin G,2024-09-15,16:12:34,-04:00,2024-09-15T16:12:34-04:00,0,34
src\routes\about_me\+page.svelte,27,svelte,f94476fb,Jin G,2024-09-15,16:12:34,-04:00,2024-09-15T16:12:34-04:00,0,6
src\routes\about_me\+page.svelte,28,svelte,f94476fb,Jin G,2024-09-15,16:12:34,-04:00,2024-09-15T16:12:34-04:00,0,0
src\routes\about_me\+page.svelte,29,svelte,c4396cf3,Jin G,2024-09-29,13:28:05,-04:00,2024-09-29T13:28:05-04:00,0,64
src\routes\about_me\+page.svelte,30,svelte,c4396cf3,Jin G,2024-09-29,13:28:05,-04:00,2024-09-29T13:28:05-04:00,0,63
src\routes\about_me\+page.svelte,31,svelte,97e92818,Jin G,2024-09-16,10:51:48,-04:00,2024-09-16T10:51:48-04:00,0,0
src\routes\about_me\+page.svelte,32,svelte,97e92818,Jin G,2024-09-16,10:51:48,-04:00,2024-09-16T10:51:48-04:00,0,0
src\routes\about_me\+page.svelte,33,svelte,97e92818,Jin G,2024-09-16,10:51:48,-04:00,2024-09-16T10:51:48-04:00,0,6
src\routes\about_me\+page.svelte,34,svelte,97e92818,Jin G,2024-09-16,10:51:48,-04:00,2024-09-16T10:51:48-04:00,0,0
src\routes\about_me\+page.svelte,35,svelte,97e92818,Jin G,2024-09-16,10:51:48,-04:00,2024-09-16T10:51:48-04:00,0,6
src\routes\about_me\+page.svelte,36,css,97e92818,Jin G,2024-09-16,10:51:48,-04:00,2024-09-16T10:51:48-04:00,0,2
src\routes\about_me\+page.svelte,37,css,97e92818,Jin G,2024-09-16,10:51:48,-04:00,2024-09-16T10:51:48-04:00,0,3
src\routes\about_me\+page.svelte,38,css,97e92818,Jin G,2024-09-16,10:51:48,-04:00,2024-09-16T10:51:48-04:00,0,11
src\routes\about_me\+page.svelte,39,css,97e92818,Jin G,2024-09-16,10:51:48,-04:00,2024-09-16T10:51:48-04:00,0,17
src\routes\about_me\+page.svelte,40,css,b0396caa,Jin G,2024-09-19,14:49:20,-04:00,2024-09-19T14:49:20-04:00,0,18
src\routes\about_me\+page.svelte,41,css,a6cabc81,Jin G,2024-09-16,08:13:38,-04:00,2024-09-16T08:13:38-04:00,0,0
src\routes\about_me\+page.svelte,42,css,b0396caa,Jin G,2024-09-19,14:49:20,-04:00,2024-09-19T14:49:20-04:00,0,0
src\routes\about_me\+page.svelte,43,css,b0396caa,Jin G,2024-09-19,14:49:20,-04:00,2024-09-19T14:49:20-04:00,0,4
src\routes\about_me\+page.svelte,44,css,b0396caa,Jin G,2024-09-19,14:49:20,-04:00,2024-09-19T14:49:20-04:00,0,11
src\routes\about_me\+page.svelte,45,css,b0396caa,Jin G,2024-09-19,14:49:20,-04:00,2024-09-19T14:49:20-04:00,0,12
src\routes\about_me\+page.svelte,46,css,b0396caa,Jin G,2024-09-19,14:49:20,-04:00,2024-09-19T14:49:20-04:00,0,0
src\routes\about_me\+page.svelte,47,css,b0396caa,Jin G,2024-09-19,14:49:20,-04:00,2024-09-19T14:49:20-04:00,0,0
src\routes\about_me\+page.svelte,48,css,97e92818,Jin G,2024-09-16,10:51:48,-04:00,2024-09-16T10:51:48-04:00,0,7
src\routes\about_me\+page.svelte,49,css,97e92818,Jin G,2024-09-16,10:51:48,-04:00,2024-09-16T10:51:48-04:00,0,8
src\routes\about_me\+page.svelte,50,css,97e92818,Jin G,2024-09-16,10:51:48,-04:00,2024-09-16T10:51:48-04:00,0,14
src\routes\about_me\+page.svelte,51,css,97e92818,Jin G,2024-09-16,10:51:48,-04:00,2024-09-16T10:51:48-04:00,0,15
src\routes\about_me\+page.svelte,52,css,97e92818,Jin G,2024-09-16,10:51:48,-04:00,2024-09-16T10:51:48-04:00,0,17
src\routes\about_me\+page.svelte,53,css,97e92818,Jin G,2024-09-16,10:51:48,-04:00,2024-09-16T10:51:48-04:00,0,16
src\routes\about_me\+page.svelte,54,css,a6cabc81,Jin G,2024-09-16,08:13:38,-04:00,2024-09-16T08:13:38-04:00,0,0
src\routes\about_me\+page.svelte,55,css,97e92818,Jin G,2024-09-16,10:51:48,-04:00,2024-09-16T10:51:48-04:00,0,8
src\routes\about_me\+page.svelte,56,css,97e92818,Jin G,2024-09-16,10:51:48,-04:00,2024-09-16T10:51:48-04:00,0,14
src\routes\about_me\+page.svelte,57,css,97e92818,Jin G,2024-09-16,10:51:48,-04:00,2024-09-16T10:51:48-04:00,0,18
src\routes\about_me\+page.svelte,58,css,97e92818,Jin G,2024-09-16,10:51:48,-04:00,2024-09-16T10:51:48-04:00,0,15
src\routes\about_me\+page.svelte,59,css,a6cabc81,Jin G,2024-09-16,08:13:38,-04:00,2024-09-16T08:13:38-04:00,0,0
src\routes\about_me\+page.svelte,60,css,97e92818,Jin G,2024-09-16,10:51:48,-04:00,2024-09-16T10:51:48-04:00,0,5
src\routes\about_me\+page.svelte,61,css,97e92818,Jin G,2024-09-16,10:51:48,-04:00,2024-09-16T10:51:48-04:00,0,14
src\routes\about_me\+page.svelte,62,css,97e92818,Jin G,2024-09-16,10:51:48,-04:00,2024-09-16T10:51:48-04:00,0,17
src\routes\about_me\+page.svelte,63,css,97e92818,Jin G,2024-09-16,10:51:48,-04:00,2024-09-16T10:51:48-04:00,0,11
src\routes\about_me\+page.svelte,64,css,97e92818,Jin G,2024-09-16,10:51:48,-04:00,2024-09-16T10:51:48-04:00,0,15
src\routes\about_me\+page.svelte,65,css,a6cabc81,Jin G,2024-09-16,08:13:38,-04:00,2024-09-16T08:13:38-04:00,0,0
src\routes\about_me\+page.svelte,66,css,97e92818,Jin G,2024-09-16,10:51:48,-04:00,2024-09-16T10:51:48-04:00,0,12
src\routes\about_me\+page.svelte,67,css,97e92818,Jin G,2024-09-16,10:51:48,-04:00,2024-09-16T10:51:48-04:00,0,19
src\routes\about_me\+page.svelte,68,css,a6cabc81,Jin G,2024-09-16,08:13:38,-04:00,2024-09-16T08:13:38-04:00,0,0
src\routes\about_me\+page.svelte,69,css,97e92818,Jin G,2024-09-16,10:51:48,-04:00,2024-09-16T10:51:48-04:00,0,6
src\routes\about_me\+page.svelte,70,css,97e92818,Jin G,2024-09-16,10:51:48,-04:00,2024-09-16T10:51:48-04:00,0,17
src\routes\about_me\+page.svelte,71,css,a6cabc81,Jin G,2024-09-16,08:13:38,-04:00,2024-09-16T08:13:38-04:00,0,0
src\routes\about_me\+page.svelte,72,css,97e92818,Jin G,2024-09-16,10:51:48,-04:00,2024-09-16T10:51:48-04:00,0,18
src\routes\about_me\+page.svelte,73,css,97e92818,Jin G,2024-09-16,10:51:48,-04:00,2024-09-16T10:51:48-04:00,0,9
src\routes\about_me\+page.svelte,74,css,97e92818,Jin G,2024-09-16,10:51:48,-04:00,2024-09-16T10:51:48-04:00,0,11
src\routes\about_me\+page.svelte,75,css,97e92818,Jin G,2024-09-16,10:51:48,-04:00,2024-09-16T10:51:48-04:00,0,12
src\routes\about_me\+page.svelte,76,css,97e92818,Jin G,2024-09-16,10:51:48,-04:00,2024-09-16T10:51:48-04:00,0,15
src\routes\about_me\+page.svelte,77,css,a6cabc81,Jin G,2024-09-16,08:13:38,-04:00,2024-09-16T08:13:38-04:00,0,0
src\routes\about_me\+page.svelte,78,css,97e92818,Jin G,2024-09-16,10:51:48,-04:00,2024-09-16T10:51:48-04:00,0,7
src\routes\about_me\+page.svelte,79,css,97e92818,Jin G,2024-09-16,10:51:48,-04:00,2024-09-16T10:51:48-04:00,0,18
src\routes\about_me\+page.svelte,80,css,97e92818,Jin G,2024-09-16,10:51:48,-04:00,2024-09-16T10:51:48-04:00,0,15
src\routes\about_me\+page.svelte,81,css,97e92818,Jin G,2024-09-16,10:51:48,-04:00,2024-09-16T10:51:48-04:00,0,25
src\routes\about_me\+page.svelte,82,css,97e92818,Jin G,2024-09-16,10:51:48,-04:00,2024-09-16T10:51:48-04:00,0,12
src\routes\about_me\+page.svelte,83,css,97e92818,Jin G,2024-09-16,10:51:48,-04:00,2024-09-16T10:51:48-04:00,0,12
src\routes\about_me\+page.svelte,84,css,97e92818,Jin G,2024-09-16,10:51:48,-04:00,2024-09-16T10:51:48-04:00,0,15
src\routes\about_me\+page.svelte,85,css,a6cabc81,Jin G,2024-09-16,08:13:38,-04:00,2024-09-16T08:13:38-04:00,0,0
src\routes\about_me\+page.svelte,86,css,97e92818,Jin G,2024-09-16,10:51:48,-04:00,2024-09-16T10:51:48-04:00,0,13
src\routes\about_me\+page.svelte,87,css,97e92818,Jin G,2024-09-16,10:51:48,-04:00,2024-09-16T10:51:48-04:00,0,25
src\routes\about_me\+page.svelte,88,css,a6cabc81,Jin G,2024-09-16,08:13:38,-04:00,2024-09-16T08:13:38-04:00,0,0
src\routes\about_me\+page.svelte,89,svelte,97e92818,Jin G,2024-09-16,10:51:48,-04:00,2024-09-16T10:51:48-04:00,0,7
src\lib\ProjectGallery.svelte,1,svelte,4f040deb,Jin G,2024-09-16,19:25:08,-04:00,2024-09-16T19:25:08-04:00,0,7
src\lib\ProjectGallery.svelte,2,js,9d554aca,Jin G,2024-09-18,14:58:26,-04:00,2024-09-18T14:58:26-04:00,0,33
src\lib\ProjectGallery.svelte,3,js,4f040deb,Jin G,2024-09-16,19:25:08,-04:00,2024-09-16T19:25:08-04:00,0,53
src\lib\ProjectGallery.svelte,4,js,4f040deb,Jin G,2024-09-16,19:25:08,-04:00,2024-09-16T19:25:08-04:00,0,46
src\lib\ProjectGallery.svelte,5,js,4f040deb,Jin G,2024-09-16,19:25:08,-04:00,2024-09-16T19:25:08-04:00,0,0
src\lib\ProjectGallery.svelte,6,js,4f040deb,Jin G,2024-09-16,19:25:08,-04:00,2024-09-16T19:25:08-04:00,0,39
src\lib\ProjectGallery.svelte,7,js,4f040deb,Jin G,2024-09-16,19:25:08,-04:00,2024-09-16T19:25:08-04:00,0,0
src\lib\ProjectGallery.svelte,8,js,4f040deb,Jin G,2024-09-16,19:25:08,-04:00,2024-09-16T19:25:08-04:00,0,40
src\lib\ProjectGallery.svelte,9,js,4f040deb,Jin G,2024-09-16,19:25:08,-04:00,2024-09-16T19:25:08-04:00,0,0
src\lib\ProjectGallery.svelte,10,js,4f040deb,Jin G,2024-09-16,19:25:08,-04:00,2024-09-16T19:25:08-04:00,0,35
src\lib\ProjectGallery.svelte,11,js,4f040deb,Jin G,2024-09-16,19:25:08,-04:00,2024-09-16T19:25:08-04:00,0,36
src\lib\ProjectGallery.svelte,12,js,4f040deb,Jin G,2024-09-16,19:25:08,-04:00,2024-09-16T19:25:08-04:00,0,30
src\lib\ProjectGallery.svelte,13,js,4f040deb,Jin G,2024-09-16,19:25:08,-04:00,2024-09-16T19:25:08-04:00,0,0
src\lib\ProjectGallery.svelte,14,js,4f040deb,Jin G,2024-09-16,19:25:08,-04:00,2024-09-16T19:25:08-04:00,0,49
src\lib\ProjectGallery.svelte,15,js,4f040deb,Jin G,2024-09-16,19:25:08,-04:00,2024-09-16T19:25:08-04:00,0,63
src\lib\ProjectGallery.svelte,16,js,4f040deb,Jin G,2024-09-16,19:25:08,-04:00,2024-09-16T19:25:08-04:00,0,0
src\lib\ProjectGallery.svelte,17,js,4f040deb,Jin G,2024-09-16,19:25:08,-04:00,2024-09-16T19:25:08-04:00,0,58
src\lib\ProjectGallery.svelte,18,js,4f040deb,Jin G,2024-09-16,19:25:08,-04:00,2024-09-16T19:25:08-04:00,0,36
src\lib\ProjectGallery.svelte,19,js,4f040deb,Jin G,2024-09-16,19:25:08,-04:00,2024-09-16T19:25:08-04:00,0,23
src\lib\ProjectGallery.svelte,20,js,4f040deb,Jin G,2024-09-16,19:25:08,-04:00,2024-09-16T19:25:08-04:00,0,19
src\lib\ProjectGallery.svelte,21,js,4f040deb,Jin G,2024-09-16,19:25:08,-04:00,2024-09-16T19:25:08-04:00,0,38
src\lib\ProjectGallery.svelte,22,js,4f040deb,Jin G,2024-09-16,19:25:08,-04:00,2024-09-16T19:25:08-04:00,0,63
src\lib\ProjectGallery.svelte,23,js,4f040deb,Jin G,2024-09-16,19:25:08,-04:00,2024-09-16T19:25:08-04:00,0,1
src\lib\ProjectGallery.svelte,24,js,4f040deb,Jin G,2024-09-16,19:25:08,-04:00,2024-09-16T19:25:08-04:00,0,0
src\lib\ProjectGallery.svelte,25,js,4f040deb,Jin G,2024-09-16,19:25:08,-04:00,2024-09-16T19:25:08-04:00,0,11
src\lib\ProjectGallery.svelte,26,js,4f040deb,Jin G,2024-09-16,19:25:08,-04:00,2024-09-16T19:25:08-04:00,0,26
src\lib\ProjectGallery.svelte,27,js,4f040deb,Jin G,2024-09-16,19:25:08,-04:00,2024-09-16T19:25:08-04:00,0,11
src\lib\ProjectGallery.svelte,28,js,4f040deb,Jin G,2024-09-16,19:25:08,-04:00,2024-09-16T19:25:08-04:00,0,59
src\lib\ProjectGallery.svelte,29,js,4f040deb,Jin G,2024-09-16,19:25:08,-04:00,2024-09-16T19:25:08-04:00,0,62
src\lib\ProjectGallery.svelte,30,js,4f040deb,Jin G,2024-09-16,19:25:08,-04:00,2024-09-16T19:25:08-04:00,0,1
src\lib\ProjectGallery.svelte,31,js,4f040deb,Jin G,2024-09-16,19:25:08,-04:00,2024-09-16T19:25:08-04:00,0,0
src\lib\ProjectGallery.svelte,32,js,4f040deb,Jin G,2024-09-16,19:25:08,-04:00,2024-09-16T19:25:08-04:00,0,15
src\lib\ProjectGallery.svelte,33,js,4f040deb,Jin G,2024-09-16,19:25:08,-04:00,2024-09-16T19:25:08-04:00,0,0
src\lib\ProjectGallery.svelte,34,js,4f040deb,Jin G,2024-09-16,19:25:08,-04:00,2024-09-16T19:25:08-04:00,0,0
src\lib\ProjectGallery.svelte,35,js,4f040deb,Jin G,2024-09-16,19:25:08,-04:00,2024-09-16T19:25:08-04:00,0,31
src\lib\ProjectGallery.svelte,36,js,4f040deb,Jin G,2024-09-16,19:25:08,-04:00,2024-09-16T19:25:08-04:00,0,41
src\lib\ProjectGallery.svelte,37,js,4f040deb,Jin G,2024-09-16,19:25:08,-04:00,2024-09-16T19:25:08-04:00,0,59
src\lib\ProjectGallery.svelte,38,js,4f040deb,Jin G,2024-09-16,19:25:08,-04:00,2024-09-16T19:25:08-04:00,0,10
src\lib\ProjectGallery.svelte,39,js,4f040deb,Jin G,2024-09-16,19:25:08,-04:00,2024-09-16T19:25:08-04:00,0,6
src\lib\ProjectGallery.svelte,40,js,4f040deb,Jin G,2024-09-16,19:25:08,-04:00,2024-09-16T19:25:08-04:00,0,0
src\lib\ProjectGallery.svelte,41,svelte,4f040deb,Jin G,2024-09-16,19:25:08,-04:00,2024-09-16T19:25:08-04:00,0,8
src\lib\ProjectGallery.svelte,42,svelte,4f040deb,Jin G,2024-09-16,19:25:08,-04:00,2024-09-16T19:25:08-04:00,0,0
src\lib\ProjectGallery.svelte,43,svelte,4f040deb,Jin G,2024-09-16,19:25:08,-04:00,2024-09-16T19:25:08-04:00,0,14
src\lib\ProjectGallery.svelte,44,svelte,4f040deb,Jin G,2024-09-16,19:25:08,-04:00,2024-09-16T19:25:08-04:00,0,17
src\lib\ProjectGallery.svelte,45,svelte,4f040deb,Jin G,2024-09-16,19:25:08,-04:00,2024-09-16T19:25:08-04:00,0,6
src\lib\ProjectGallery.svelte,46,svelte,4f040deb,Jin G,2024-09-16,19:25:08,-04:00,2024-09-16T19:25:08-04:00,0,41
src\lib\ProjectGallery.svelte,47,svelte,4f040deb,Jin G,2024-09-16,19:25:08,-04:00,2024-09-16T19:25:08-04:00,0,39
src\lib\ProjectGallery.svelte,48,svelte,4f040deb,Jin G,2024-09-16,19:25:08,-04:00,2024-09-16T19:25:08-04:00,0,52
src\lib\ProjectGallery.svelte,49,svelte,4f040deb,Jin G,2024-09-16,19:25:08,-04:00,2024-09-16T19:25:08-04:00,0,6
src\lib\ProjectGallery.svelte,50,svelte,4f040deb,Jin G,2024-09-16,19:25:08,-04:00,2024-09-16T19:25:08-04:00,0,41
src\lib\ProjectGallery.svelte,51,svelte,4f040deb,Jin G,2024-09-16,19:25:08,-04:00,2024-09-16T19:25:08-04:00,0,39
src\lib\ProjectGallery.svelte,52,svelte,4f040deb,Jin G,2024-09-16,19:25:08,-04:00,2024-09-16T19:25:08-04:00,0,52
src\lib\ProjectGallery.svelte,53,svelte,4f040deb,Jin G,2024-09-16,19:25:08,-04:00,2024-09-16T19:25:08-04:00,0,6
src\lib\ProjectGallery.svelte,54,svelte,4f040deb,Jin G,2024-09-16,19:25:08,-04:00,2024-09-16T19:25:08-04:00,0,44
src\lib\ProjectGallery.svelte,55,svelte,4f040deb,Jin G,2024-09-16,19:25:08,-04:00,2024-09-16T19:25:08-04:00,0,42
src\lib\ProjectGallery.svelte,56,svelte,4f040deb,Jin G,2024-09-16,19:25:08,-04:00,2024-09-16T19:25:08-04:00,0,55
src\lib\ProjectGallery.svelte,57,svelte,4f040deb,Jin G,2024-09-16,19:25:08,-04:00,2024-09-16T19:25:08-04:00,0,6
src\lib\ProjectGallery.svelte,58,svelte,4f040deb,Jin G,2024-09-16,19:25:08,-04:00,2024-09-16T19:25:08-04:00,0,37
src\lib\ProjectGallery.svelte,59,svelte,4f040deb,Jin G,2024-09-16,19:25:08,-04:00,2024-09-16T19:25:08-04:00,0,35
src\lib\ProjectGallery.svelte,60,svelte,4f040deb,Jin G,2024-09-16,19:25:08,-04:00,2024-09-16T19:25:08-04:00,0,48
src\lib\ProjectGallery.svelte,61,svelte,4f040deb,Jin G,2024-09-16,19:25:08,-04:00,2024-09-16T19:25:08-04:00,0,29
src\lib\ProjectGallery.svelte,62,svelte,4f040deb,Jin G,2024-09-16,19:25:08,-04:00,2024-09-16T19:25:08-04:00,0,28
src\lib\ProjectGallery.svelte,63,svelte,4f040deb,Jin G,2024-09-16,19:25:08,-04:00,2024-09-16T19:25:08-04:00,0,5
src\lib\ProjectGallery.svelte,64,svelte,4f040deb,Jin G,2024-09-16,19:25:08,-04:00,2024-09-16T19:25:08-04:00,0,10
src\lib\ProjectGallery.svelte,65,svelte,4f040deb,Jin G,2024-09-16,19:25:08,-04:00,2024-09-16T19:25:08-04:00,0,31
src\lib\ProjectGallery.svelte,66,svelte,4f040deb,Jin G,2024-09-16,19:25:08,-04:00,2024-09-16T19:25:08-04:00,0,24
src\lib\ProjectGallery.svelte,67,svelte,4f040deb,Jin G,2024-09-16,19:25:08,-04:00,2024-09-16T19:25:08-04:00,0,1
src\lib\ProjectGallery.svelte,68,svelte,4f040deb,Jin G,2024-09-16,19:25:08,-04:00,2024-09-16T19:25:08-04:00,0,5
src\lib\ProjectGallery.svelte,69,svelte,4f040deb,Jin G,2024-09-16,19:25:08,-04:00,2024-09-16T19:25:08-04:00,0,5
src\lib\ProjectGallery.svelte,70,svelte,4f040deb,Jin G,2024-09-16,19:25:08,-04:00,2024-09-16T19:25:08-04:00,0,0
src\lib\ProjectGallery.svelte,71,svelte,4f040deb,Jin G,2024-09-16,19:25:08,-04:00,2024-09-16T19:25:08-04:00,0,54
src\lib\ProjectGallery.svelte,72,svelte,4f040deb,Jin G,2024-09-16,19:25:08,-04:00,2024-09-16T19:25:08-04:00,0,28
src\lib\ProjectGallery.svelte,73,svelte,4f040deb,Jin G,2024-09-16,19:25:08,-04:00,2024-09-16T19:25:08-04:00,0,30
src\lib\ProjectGallery.svelte,74,svelte,4f040deb,Jin G,2024-09-16,19:25:08,-04:00,2024-09-16T19:25:08-04:00,0,73
src\lib\ProjectGallery.svelte,75,svelte,4f040deb,Jin G,2024-09-16,19:25:08,-04:00,2024-09-16T19:25:08-04:00,0,14
src\lib\ProjectGallery.svelte,76,svelte,4f040deb,Jin G,2024-09-16,19:25:08,-04:00,2024-09-16T19:25:08-04:00,0,26
src\lib\ProjectGallery.svelte,77,svelte,4f040deb,Jin G,2024-09-16,19:25:08,-04:00,2024-09-16T19:25:08-04:00,0,13
src\lib\ProjectGallery.svelte,78,svelte,4f040deb,Jin G,2024-09-16,19:25:08,-04:00,2024-09-16T19:25:08-04:00,0,13
src\lib\ProjectGallery.svelte,79,svelte,4f040deb,Jin G,2024-09-16,19:25:08,-04:00,2024-09-16T19:25:08-04:00,0,9
src\lib\ProjectGallery.svelte,80,svelte,4f040deb,Jin G,2024-09-16,19:25:08,-04:00,2024-09-16T19:25:08-04:00,0,32
src\lib\ProjectGallery.svelte,81,svelte,4f040deb,Jin G,2024-09-16,19:25:08,-04:00,2024-09-16T19:25:08-04:00,0,1
src\lib\ProjectGallery.svelte,82,svelte,4f040deb,Jin G,2024-09-16,19:25:08,-04:00,2024-09-16T19:25:08-04:00,0,6
src\lib\ProjectGallery.svelte,83,svelte,4f040deb,Jin G,2024-09-16,19:25:08,-04:00,2024-09-16T19:25:08-04:00,0,6
src\lib\ProjectGallery.svelte,84,svelte,4f040deb,Jin G,2024-09-16,19:25:08,-04:00,2024-09-16T19:25:08-04:00,0,6
src\lib\ProjectGallery.svelte,85,svelte,4f040deb,Jin G,2024-09-16,19:25:08,-04:00,2024-09-16T19:25:08-04:00,0,35
src\lib\ProjectGallery.svelte,86,svelte,4f040deb,Jin G,2024-09-16,19:25:08,-04:00,2024-09-16T19:25:08-04:00,0,13
src\lib\ProjectGallery.svelte,87,svelte,4f040deb,Jin G,2024-09-16,19:25:08,-04:00,2024-09-16T19:25:08-04:00,0,13
src\lib\ProjectGallery.svelte,88,svelte,4f040deb,Jin G,2024-09-16,19:25:08,-04:00,2024-09-16T19:25:08-04:00,0,9
src\lib\ProjectGallery.svelte,89,svelte,4f040deb,Jin G,2024-09-16,19:25:08,-04:00,2024-09-16T19:25:08-04:00,0,32
src\lib\ProjectGallery.svelte,90,svelte,4f040deb,Jin G,2024-09-16,19:25:08,-04:00,2024-09-16T19:25:08-04:00,0,1
src\lib\ProjectGallery.svelte,91,svelte,4f040deb,Jin G,2024-09-16,19:25:08,-04:00,2024-09-16T19:25:08-04:00,0,6
src\lib\ProjectGallery.svelte,92,svelte,4f040deb,Jin G,2024-09-16,19:25:08,-04:00,2024-09-16T19:25:08-04:00,0,4
src\lib\ProjectGallery.svelte,93,svelte,4f040deb,Jin G,2024-09-16,19:25:08,-04:00,2024-09-16T19:25:08-04:00,0,5
src\lib\ProjectGallery.svelte,94,svelte,4f040deb,Jin G,2024-09-16,19:25:08,-04:00,2024-09-16T19:25:08-04:00,0,0
src\lib\ProjectGallery.svelte,95,svelte,4f040deb,Jin G,2024-09-16,19:25:08,-04:00,2024-09-16T19:25:08-04:00,0,0
src\lib\ProjectGallery.svelte,96,svelte,4f040deb,Jin G,2024-09-16,19:25:08,-04:00,2024-09-16T19:25:08-04:00,0,6
src\lib\ProjectGallery.svelte,97,css,4f040deb,Jin G,2024-09-16,19:25:08,-04:00,2024-09-16T19:25:08-04:00,0,6
src\lib\ProjectGallery.svelte,98,css,4f040deb,Jin G,2024-09-16,19:25:08,-04:00,2024-09-16T19:25:08-04:00,0,29
src\lib\ProjectGallery.svelte,99,css,4f040deb,Jin G,2024-09-16,19:25:08,-04:00,2024-09-16T19:25:08-04:00,0,13
src\lib\ProjectGallery.svelte,100,css,4f040deb,Jin G,2024-09-16,19:25:08,-04:00,2024-09-16T19:25:08-04:00,0,13
src\lib\ProjectGallery.svelte,101,css,4f040deb,Jin G,2024-09-16,19:25:08,-04:00,2024-09-16T19:25:08-04:00,0,19
src\lib\ProjectGallery.svelte,102,css,4f040deb,Jin G,2024-09-16,19:25:08,-04:00,2024-09-16T19:25:08-04:00,0,29
src\lib\ProjectGallery.svelte,103,css,4f040deb,Jin G,2024-09-16,19:25:08,-04:00,2024-09-16T19:25:08-04:00,0,0
src\lib\ProjectGallery.svelte,104,css,4f040deb,Jin G,2024-09-16,19:25:08,-04:00,2024-09-16T19:25:08-04:00,0,0
src\lib\ProjectGallery.svelte,105,css,4f040deb,Jin G,2024-09-16,19:25:08,-04:00,2024-09-16T19:25:08-04:00,0,13
src\lib\ProjectGallery.svelte,106,css,4f040deb,Jin G,2024-09-16,19:25:08,-04:00,2024-09-16T19:25:08-04:00,0,17
src\lib\ProjectGallery.svelte,107,css,4f040deb,Jin G,2024-09-16,19:25:08,-04:00,2024-09-16T19:25:08-04:00,0,18
src\lib\ProjectGallery.svelte,108,css,4f040deb,Jin G,2024-09-16,19:25:08,-04:00,2024-09-16T19:25:08-04:00,0,16
src\lib\ProjectGallery.svelte,109,css,4f040deb,Jin G,2024-09-16,19:25:08,-04:00,2024-09-16T19:25:08-04:00,0,12
src\lib\ProjectGallery.svelte,110,css,4f040deb,Jin G,2024-09-16,19:25:08,-04:00,2024-09-16T19:25:08-04:00,0,36
src\lib\ProjectGallery.svelte,111,css,4f040deb,Jin G,2024-09-16,19:25:08,-04:00,2024-09-16T19:25:08-04:00,0,15
src\lib\ProjectGallery.svelte,112,css,4f040deb,Jin G,2024-09-16,19:25:08,-04:00,2024-09-16T19:25:08-04:00,0,10
src\lib\ProjectGallery.svelte,113,css,4f040deb,Jin G,2024-09-16,19:25:08,-04:00,2024-09-16T19:25:08-04:00,0,21
src\lib\ProjectGallery.svelte,114,css,4f040deb,Jin G,2024-09-16,19:25:08,-04:00,2024-09-16T19:25:08-04:00,0,24
src\lib\ProjectGallery.svelte,115,css,4f040deb,Jin G,2024-09-16,19:25:08,-04:00,2024-09-16T19:25:08-04:00,0,0
src\lib\ProjectGallery.svelte,116,css,4f040deb,Jin G,2024-09-16,19:25:08,-04:00,2024-09-16T19:25:08-04:00,0,0
src\lib\ProjectGallery.svelte,117,css,4f040deb,Jin G,2024-09-16,19:25:08,-04:00,2024-09-16T19:25:08-04:00,0,19
src\lib\ProjectGallery.svelte,118,css,4f040deb,Jin G,2024-09-16,19:25:08,-04:00,2024-09-16T19:25:08-04:00,0,25
src\lib\ProjectGallery.svelte,119,css,4f040deb,Jin G,2024-09-16,19:25:08,-04:00,2024-09-16T19:25:08-04:00,0,0
src\lib\ProjectGallery.svelte,120,css,4f040deb,Jin G,2024-09-16,19:25:08,-04:00,2024-09-16T19:25:08-04:00,0,0
src\lib\ProjectGallery.svelte,121,css,4f040deb,Jin G,2024-09-16,19:25:08,-04:00,2024-09-16T19:25:08-04:00,0,22
src\lib\ProjectGallery.svelte,122,css,4f040deb,Jin G,2024-09-16,19:25:08,-04:00,2024-09-16T19:25:08-04:00,0,28
src\lib\ProjectGallery.svelte,123,css,4f040deb,Jin G,2024-09-16,19:25:08,-04:00,2024-09-16T19:25:08-04:00,0,14
src\lib\ProjectGallery.svelte,124,css,4f040deb,Jin G,2024-09-16,19:25:08,-04:00,2024-09-16T19:25:08-04:00,0,0
src\lib\ProjectGallery.svelte,125,css,4f040deb,Jin G,2024-09-16,19:25:08,-04:00,2024-09-16T19:25:08-04:00,0,0
src\lib\ProjectGallery.svelte,126,css,4f040deb,Jin G,2024-09-16,19:25:08,-04:00,2024-09-16T19:25:08-04:00,0,18
src\lib\ProjectGallery.svelte,127,css,4f040deb,Jin G,2024-09-16,19:25:08,-04:00,2024-09-16T19:25:08-04:00,0,13
src\lib\ProjectGallery.svelte,128,css,4f040deb,Jin G,2024-09-16,19:25:08,-04:00,2024-09-16T19:25:08-04:00,0,19
src\lib\ProjectGallery.svelte,129,css,4f040deb,Jin G,2024-09-16,19:25:08,-04:00,2024-09-16T19:25:08-04:00,0,12
src\lib\ProjectGallery.svelte,130,css,4f040deb,Jin G,2024-09-16,19:25:08,-04:00,2024-09-16T19:25:08-04:00,0,17
src\lib\ProjectGallery.svelte,131,css,4f040deb,Jin G,2024-09-16,19:25:08,-04:00,2024-09-16T19:25:08-04:00,0,0
src\lib\ProjectGallery.svelte,132,css,4f040deb,Jin G,2024-09-16,19:25:08,-04:00,2024-09-16T19:25:08-04:00,0,0
src\lib\ProjectGallery.svelte,133,css,4f040deb,Jin G,2024-09-16,19:25:08,-04:00,2024-09-16T19:25:08-04:00,0,25
src\lib\ProjectGallery.svelte,134,css,4f040deb,Jin G,2024-09-16,19:25:08,-04:00,2024-09-16T19:25:08-04:00,0,17
src\lib\ProjectGallery.svelte,135,css,4f040deb,Jin G,2024-09-16,19:25:08,-04:00,2024-09-16T19:25:08-04:00,0,0
src\lib\ProjectGallery.svelte,136,css,4f040deb,Jin G,2024-09-16,19:25:08,-04:00,2024-09-16T19:25:08-04:00,0,0
src\lib\ProjectGallery.svelte,137,css,4f040deb,Jin G,2024-09-16,19:25:08,-04:00,2024-09-16T19:25:08-04:00,0,24
src\lib\ProjectGallery.svelte,138,css,4f040deb,Jin G,2024-09-16,19:25:08,-04:00,2024-09-16T19:25:08-04:00,0,12
src\lib\ProjectGallery.svelte,139,css,4f040deb,Jin G,2024-09-16,19:25:08,-04:00,2024-09-16T19:25:08-04:00,0,17
src\lib\ProjectGallery.svelte,140,css,4f040deb,Jin G,2024-09-16,19:25:08,-04:00,2024-09-16T19:25:08-04:00,0,22
src\lib\ProjectGallery.svelte,141,css,4f040deb,Jin G,2024-09-16,19:25:08,-04:00,2024-09-16T19:25:08-04:00,0,18
src\lib\ProjectGallery.svelte,142,css,4f040deb,Jin G,2024-09-16,19:25:08,-04:00,2024-09-16T19:25:08-04:00,0,0
src\lib\ProjectGallery.svelte,143,css,4f040deb,Jin G,2024-09-16,19:25:08,-04:00,2024-09-16T19:25:08-04:00,0,0
src\lib\ProjectGallery.svelte,144,css,4f040deb,Jin G,2024-09-16,19:25:08,-04:00,2024-09-16T19:25:08-04:00,0,17
src\lib\ProjectGallery.svelte,145,css,4f040deb,Jin G,2024-09-16,19:25:08,-04:00,2024-09-16T19:25:08-04:00,0,13
src\lib\ProjectGallery.svelte,146,css,4f040deb,Jin G,2024-09-16,19:25:08,-04:00,2024-09-16T19:25:08-04:00,0,60
src\lib\ProjectGallery.svelte,147,css,4f040deb,Jin G,2024-09-16,19:25:08,-04:00,2024-09-16T19:25:08-04:00,0,9
src\lib\ProjectGallery.svelte,148,css,4f040deb,Jin G,2024-09-16,19:25:08,-04:00,2024-09-16T19:25:08-04:00,0,13
src\lib\ProjectGallery.svelte,149,css,4f040deb,Jin G,2024-09-16,19:25:08,-04:00,2024-09-16T19:25:08-04:00,0,0
src\lib\ProjectGallery.svelte,150,css,4f040deb,Jin G,2024-09-16,19:25:08,-04:00,2024-09-16T19:25:08-04:00,0,20
src\lib\ProjectGallery.svelte,151,css,4f040deb,Jin G,2024-09-16,19:25:08,-04:00,2024-09-16T19:25:08-04:00,0,19
src\lib\ProjectGallery.svelte,152,css,4f040deb,Jin G,2024-09-16,19:25:08,-04:00,2024-09-16T19:25:08-04:00,0,19
src\lib\ProjectGallery.svelte,153,css,4f040deb,Jin G,2024-09-16,19:25:08,-04:00,2024-09-16T19:25:08-04:00,0,36
src\lib\ProjectGallery.svelte,154,css,4f040deb,Jin G,2024-09-16,19:25:08,-04:00,2024-09-16T19:25:08-04:00,0,18
src\lib\ProjectGallery.svelte,155,css,4f040deb,Jin G,2024-09-16,19:25:08,-04:00,2024-09-16T19:25:08-04:00,0,0
src\lib\ProjectGallery.svelte,156,svelte,4f040deb,Jin G,2024-09-16,19:25:08,-04:00,2024-09-16T19:25:08-04:00,0,7
src\lib\Project.svelte,1,svelte,5f5f3b14,Jin G,2024-09-06,09:12:11,-04:00,2024-09-06T09:12:11-04:00,0,7
src\lib\Project.svelte,2,js,9d554aca,Jin G,2024-09-18,14:58:26,-04:00,2024-09-18T14:58:26-04:00,0,33
src\lib\Project.svelte,3,js,5f5f3b14,Jin G,2024-09-06,09:12:11,-04:00,2024-09-06T09:12:11-04:00,0,81
src\lib\Project.svelte,4,js,5f5f3b14,Jin G,2024-09-06,09:12:11,-04:00,2024-09-06T09:12:11-04:00,0,21
src\lib\Project.svelte,5,svelte,5f5f3b14,Jin G,2024-09-06,09:12:11,-04:00,2024-09-06T09:12:11-04:00,0,8
src\lib\Project.svelte,6,svelte,5f5f3b14,Jin G,2024-09-06,09:12:11,-04:00,2024-09-06T09:12:11-04:00,0,0
src\lib\Project.svelte,7,svelte,5f5f3b14,Jin G,2024-09-06,09:12:11,-04:00,2024-09-06T09:12:11-04:00,0,8
src\lib\Project.svelte,8,svelte,56838d4a,Jin G,2024-09-18,15:09:11,-04:00,2024-09-18T15:09:11-04:00,0,111
src\lib\Project.svelte,9,svelte,5f5f3b14,Jin G,2024-09-06,09:12:11,-04:00,2024-09-06T09:12:11-04:00,0,24
src\lib\Project.svelte,10,svelte,97e92818,Jin G,2024-09-16,10:51:48,-04:00,2024-09-16T10:51:48-04:00,0,26
src\lib\Project.svelte,11,svelte,5f5f3b14,Jin G,2024-09-06,09:12:11,-04:00,2024-09-06T09:12:11-04:00,0,9
src\lib\Project.svelte,12,svelte,5f5f3b14,Jin G,2024-09-06,09:12:11,-04:00,2024-09-06T09:12:11-04:00,0,0
src\lib\Project.svelte,13,svelte,5f5f3b14,Jin G,2024-09-06,09:12:11,-04:00,2024-09-06T09:12:11-04:00,0,6
src\lib\Project.svelte,14,css,5f5f3b14,Jin G,2024-09-06,09:12:11,-04:00,2024-09-06T09:12:11-04:00,0,0
src\lib\Project.svelte,15,css,5f5f3b14,Jin G,2024-09-06,09:12:11,-04:00,2024-09-06T09:12:11-04:00,0,8
src\lib\Project.svelte,16,css,5f5f3b14,Jin G,2024-09-06,09:12:11,-04:00,2024-09-06T09:12:11-04:00,0,13
src\lib\Project.svelte,17,css,5f5f3b14,Jin G,2024-09-06,09:12:11,-04:00,2024-09-06T09:12:11-04:00,0,67
src\lib\Project.svelte,18,css,5f5f3b14,Jin G,2024-09-06,09:12:11,-04:00,2024-09-06T09:12:11-04:00,0,54
src\lib\Project.svelte,19,css,5f5f3b14,Jin G,2024-09-06,09:12:11,-04:00,2024-09-06T09:12:11-04:00,0,65
src\lib\Project.svelte,20,css,5f5f3b14,Jin G,2024-09-06,09:12:11,-04:00,2024-09-06T09:12:11-04:00,0,0
src\lib\Project.svelte,21,css,5f5f3b14,Jin G,2024-09-06,09:12:11,-04:00,2024-09-06T09:12:11-04:00,0,0
src\lib\Project.svelte,22,css,5f5f3b14,Jin G,2024-09-06,09:12:11,-04:00,2024-09-06T09:12:11-04:00,0,3
src\lib\Project.svelte,23,css,5f5f3b14,Jin G,2024-09-06,09:12:11,-04:00,2024-09-06T09:12:11-04:00,0,66
src\lib\Project.svelte,24,css,5f5f3b14,Jin G,2024-09-06,09:12:11,-04:00,2024-09-06T09:12:11-04:00,0,0
src\lib\Project.svelte,25,svelte,5f5f3b14,Jin G,2024-09-06,09:12:11,-04:00,2024-09-06T09:12:11-04:00,0,7
src\lib\Pie.svelte,1,svelte,92752ac2,Jin G,2024-09-08,07:56:47,-04:00,2024-09-08T07:56:47-04:00,0,7
src\lib\Pie.svelte,2,js,9d554aca,Jin G,2024-09-18,14:58:26,-04:00,2024-09-18T14:58:26-04:00,0,33
src\lib\Pie.svelte,3,js,c6697a54,Jin G,2024-09-08,11:51:06,-04:00,2024-09-08T11:51:06-04:00,0,24
src\lib\Pie.svelte,4,js,92752ac2,Jin G,2024-09-08,07:56:47,-04:00,2024-09-08T07:56:47-04:00,0,0
src\lib\Pie.svelte,5,js,c6697a54,Jin G,2024-09-08,11:51:06,-04:00,2024-09-08T11:51:06-04:00,0,24
src\lib\Pie.svelte,6,js,92752ac2,Jin G,2024-09-08,07:56:47,-04:00,2024-09-08T07:56:47-04:00,0,0
src\lib\Pie.svelte,7,js,c6697a54,Jin G,2024-09-08,11:51:06,-04:00,2024-09-08T11:51:06-04:00,0,44
src\lib\Pie.svelte,8,js,4b913b56,Jin G,2024-09-14,16:47:24,-04:00,2024-09-14T16:47:24-04:00,0,11
src\lib\Pie.svelte,9,js,4b913b56,Jin G,2024-09-14,16:47:24,-04:00,2024-09-14T16:47:24-04:00,0,8
src\lib\Pie.svelte,10,js,92752ac2,Jin G,2024-09-08,07:56:47,-04:00,2024-09-08T07:56:47-04:00,0,0
src\lib\Pie.svelte,11,js,4b913b56,Jin G,2024-09-14,16:47:24,-04:00,2024-09-14T16:47:24-04:00,0,58
src\lib\Pie.svelte,12,js,c6697a54,Jin G,2024-09-08,11:51:06,-04:00,2024-09-08T11:51:06-04:00,0,47
src\lib\Pie.svelte,13,js,a54705a6,Jin G,2024-09-14,15:01:46,-04:00,2024-09-14T15:01:46-04:00,0,77
src\lib\Pie.svelte,14,js,a54705a6,Jin G,2024-09-14,15:01:46,-04:00,2024-09-14T15:01:46-04:00,0,36
src\lib\Pie.svelte,15,js,4b913b56,Jin G,2024-09-14,16:47:24,-04:00,2024-09-14T16:47:24-04:00,0,22
src\lib\Pie.svelte,16,js,4b913b56,Jin G,2024-09-14,16:47:24,-04:00,2024-09-14T16:47:24-04:00,0,5
src\lib\Pie.svelte,17,js,4b913b56,Jin G,2024-09-14,16:47:24,-04:00,2024-09-14T16:47:24-04:00,0,21
src\lib\Pie.svelte,18,js,4b913b56,Jin G,2024-09-14,16:47:24,-04:00,2024-09-14T16:47:24-04:00,0,11
src\lib\Pie.svelte,19,js,a54705a6,Jin G,2024-09-14,15:01:46,-04:00,2024-09-14T15:01:46-04:00,0,0
src\lib\Pie.svelte,20,js,629f7a0f,Jin G,2024-09-14,10:02:34,-04:00,2024-09-14T10:02:34-04:00,0,57
src\lib\Pie.svelte,21,js,f145f680,Jin G,2024-09-14,14:40:14,-04:00,2024-09-14T14:40:14-04:00,0,55
src\lib\Pie.svelte,22,js,629f7a0f,Jin G,2024-09-14,10:02:34,-04:00,2024-09-14T10:02:34-04:00,0,20
src\lib\Pie.svelte,23,js,629f7a0f,Jin G,2024-09-14,10:02:34,-04:00,2024-09-14T10:02:34-04:00,0,0
src\lib\Pie.svelte,24,js,4b913b56,Jin G,2024-09-14,16:47:24,-04:00,2024-09-14T16:47:24-04:00,0,55
src\lib\Pie.svelte,25,js,4b913b56,Jin G,2024-09-14,16:47:24,-04:00,2024-09-14T16:47:24-04:00,0,16
src\lib\Pie.svelte,26,js,4b913b56,Jin G,2024-09-14,16:47:24,-04:00,2024-09-14T16:47:24-04:00,0,16
src\lib\Pie.svelte,27,js,4b913b56,Jin G,2024-09-14,16:47:24,-04:00,2024-09-14T16:47:24-04:00,0,57
src\lib\Pie.svelte,28,js,629f7a0f,Jin G,2024-09-14,10:02:34,-04:00,2024-09-14T10:02:34-04:00,0,0
src\lib\Pie.svelte,29,js,629f7a0f,Jin G,2024-09-14,10:02:34,-04:00,2024-09-14T10:02:34-04:00,0,0
src\lib\Pie.svelte,30,js,c6697a54,Jin G,2024-09-08,11:51:06,-04:00,2024-09-08T11:51:06-04:00,0,0
src\lib\Pie.svelte,31,js,4b913b56,Jin G,2024-09-14,16:47:24,-04:00,2024-09-14T16:47:24-04:00,0,3
src\lib\Pie.svelte,32,js,4b913b56,Jin G,2024-09-14,16:47:24,-04:00,2024-09-14T16:47:24-04:00,0,36
src\lib\Pie.svelte,33,js,4b913b56,Jin G,2024-09-14,16:47:24,-04:00,2024-09-14T16:47:24-04:00,0,17
src\lib\Pie.svelte,34,js,4b913b56,Jin G,2024-09-14,16:47:24,-04:00,2024-09-14T16:47:24-04:00,0,39
src\lib\Pie.svelte,35,js,4b913b56,Jin G,2024-09-14,16:47:24,-04:00,2024-09-14T16:47:24-04:00,0,33
src\lib\Pie.svelte,36,js,4b913b56,Jin G,2024-09-14,16:47:24,-04:00,2024-09-14T16:47:24-04:00,0,42
src\lib\Pie.svelte,37,js,4b913b56,Jin G,2024-09-14,16:47:24,-04:00,2024-09-14T16:47:24-04:00,0,72
src\lib\Pie.svelte,38,js,4b913b56,Jin G,2024-09-14,16:47:24,-04:00,2024-09-14T16:47:24-04:00,0,16
src\lib\Pie.svelte,39,js,4b913b56,Jin G,2024-09-14,16:47:24,-04:00,2024-09-14T16:47:24-04:00,0,0
src\lib\Pie.svelte,40,js,629f7a0f,Jin G,2024-09-14,10:02:34,-04:00,2024-09-14T10:02:34-04:00,0,0
src\lib\Pie.svelte,41,js,c6697a54,Jin G,2024-09-08,11:51:06,-04:00,2024-09-08T11:51:06-04:00,0,24
src\lib\Pie.svelte,42,js,c6697a54,Jin G,2024-09-08,11:51:06,-04:00,2024-09-08T11:51:06-04:00,0,29
src\lib\Pie.svelte,43,js,92752ac2,Jin G,2024-09-08,07:56:47,-04:00,2024-09-08T07:56:47-04:00,0,0
src\lib\Pie.svelte,44,js,2100485d,Jin G,2024-09-08,12:16:04,-04:00,2024-09-08T12:16:04-04:00,0,35
src\lib\Pie.svelte,45,js,2100485d,Jin G,2024-09-08,12:16:04,-04:00,2024-09-08T12:16:04-04:00,0,41
src\lib\Pie.svelte,46,js,2100485d,Jin G,2024-09-08,12:16:04,-04:00,2024-09-08T12:16:04-04:00,0,21
src\lib\Pie.svelte,47,js,2100485d,Jin G,2024-09-08,12:16:04,-04:00,2024-09-08T12:16:04-04:00,0,0
src\lib\Pie.svelte,48,js,2100485d,Jin G,2024-09-08,12:16:04,-04:00,2024-09-08T12:16:04-04:00,0,0
src\lib\Pie.svelte,49,js,4b913b56,Jin G,2024-09-14,16:47:24,-04:00,2024-09-14T16:47:24-04:00,0,0
src\lib\Pie.svelte,50,js,4b913b56,Jin G,2024-09-14,16:47:24,-04:00,2024-09-14T16:47:24-04:00,0,36
src\lib\Pie.svelte,51,js,4b913b56,Jin G,2024-09-14,16:47:24,-04:00,2024-09-14T16:47:24-04:00,0,26
src\lib\Pie.svelte,52,js,4b913b56,Jin G,2024-09-14,16:47:24,-04:00,2024-09-14T16:47:24-04:00,0,41
src\lib\Pie.svelte,53,js,4b913b56,Jin G,2024-09-14,16:47:24,-04:00,2024-09-14T16:47:24-04:00,0,0
src\lib\Pie.svelte,54,js,4b913b56,Jin G,2024-09-14,16:47:24,-04:00,2024-09-14T16:47:24-04:00,0,26
src\lib\Pie.svelte,55,js,4b913b56,Jin G,2024-09-14,16:47:24,-04:00,2024-09-14T16:47:24-04:00,0,17
src\lib\Pie.svelte,56,js,4b913b56,Jin G,2024-09-14,16:47:24,-04:00,2024-09-14T16:47:24-04:00,0,28
src\lib\Pie.svelte,57,js,4b913b56,Jin G,2024-09-14,16:47:24,-04:00,2024-09-14T16:47:24-04:00,0,63
src\lib\Pie.svelte,58,js,4b913b56,Jin G,2024-09-14,16:47:24,-04:00,2024-09-14T16:47:24-04:00,0,37
src\lib\Pie.svelte,59,js,4b913b56,Jin G,2024-09-14,16:47:24,-04:00,2024-09-14T16:47:24-04:00,0,16
src\lib\Pie.svelte,60,js,4b913b56,Jin G,2024-09-14,16:47:24,-04:00,2024-09-14T16:47:24-04:00,0,38
src\lib\Pie.svelte,61,js,4b913b56,Jin G,2024-09-14,16:47:24,-04:00,2024-09-14T16:47:24-04:00,0,44
src\lib\Pie.svelte,62,js,4b913b56,Jin G,2024-09-14,16:47:24,-04:00,2024-09-14T16:47:24-04:00,0,31
src\lib\Pie.svelte,63,js,4b913b56,Jin G,2024-09-14,16:47:24,-04:00,2024-09-14T16:47:24-04:00,0,2
src\lib\Pie.svelte,64,js,4b913b56,Jin G,2024-09-14,16:47:24,-04:00,2024-09-14T16:47:24-04:00,0,0
src\lib\Pie.svelte,65,js,4b913b56,Jin G,2024-09-14,16:47:24,-04:00,2024-09-14T16:47:24-04:00,0,0
src\lib\Pie.svelte,66,js,4b913b56,Jin G,2024-09-14,16:47:24,-04:00,2024-09-14T16:47:24-04:00,0,27
src\lib\Pie.svelte,67,js,4b913b56,Jin G,2024-09-14,16:47:24,-04:00,2024-09-14T16:47:24-04:00,0,29
src\lib\Pie.svelte,68,js,4b913b56,Jin G,2024-09-14,16:47:24,-04:00,2024-09-14T16:47:24-04:00,0,0
src\lib\Pie.svelte,69,js,4b913b56,Jin G,2024-09-14,16:47:24,-04:00,2024-09-14T16:47:24-04:00,0,7
src\lib\Pie.svelte,70,js,4b913b56,Jin G,2024-09-14,16:47:24,-04:00,2024-09-14T16:47:24-04:00,0,3
src\lib\Pie.svelte,71,js,4b913b56,Jin G,2024-09-14,16:47:24,-04:00,2024-09-14T16:47:24-04:00,0,7
src\lib\Pie.svelte,72,js,4b913b56,Jin G,2024-09-14,16:47:24,-04:00,2024-09-14T16:47:24-04:00,0,35
src\lib\Pie.svelte,73,js,4b913b56,Jin G,2024-09-14,16:47:24,-04:00,2024-09-14T16:47:24-04:00,0,28
src\lib\Pie.svelte,74,js,4b913b56,Jin G,2024-09-14,16:47:24,-04:00,2024-09-14T16:47:24-04:00,0,1
src\lib\Pie.svelte,75,js,4b913b56,Jin G,2024-09-14,16:47:24,-04:00,2024-09-14T16:47:24-04:00,0,0
src\lib\Pie.svelte,76,js,4b913b56,Jin G,2024-09-14,16:47:24,-04:00,2024-09-14T16:47:24-04:00,0,0
src\lib\Pie.svelte,77,js,4b913b56,Jin G,2024-09-14,16:47:24,-04:00,2024-09-14T16:47:24-04:00,0,37
src\lib\Pie.svelte,78,js,4b913b56,Jin G,2024-09-14,16:47:24,-04:00,2024-09-14T16:47:24-04:00,0,69
src\lib\Pie.svelte,79,js,4b913b56,Jin G,2024-09-14,16:47:24,-04:00,2024-09-14T16:47:24-04:00,0,46
src\lib\Pie.svelte,80,js,4b913b56,Jin G,2024-09-14,16:47:24,-04:00,2024-09-14T16:47:24-04:00,0,50
src\lib\Pie.svelte,81,js,4b913b56,Jin G,2024-09-14,16:47:24,-04:00,2024-09-14T16:47:24-04:00,0,0
src\lib\Pie.svelte,82,js,4b913b56,Jin G,2024-09-14,16:47:24,-04:00,2024-09-14T16:47:24-04:00,0,23
src\lib\Pie.svelte,83,js,4b913b56,Jin G,2024-09-14,16:47:24,-04:00,2024-09-14T16:47:24-04:00,0,11
src\lib\Pie.svelte,84,js,4b913b56,Jin G,2024-09-14,16:47:24,-04:00,2024-09-14T16:47:24-04:00,0,0
src\lib\Pie.svelte,85,js,4b913b56,Jin G,2024-09-14,16:47:24,-04:00,2024-09-14T16:47:24-04:00,0,61
src\lib\Pie.svelte,86,js,4b913b56,Jin G,2024-09-14,16:47:24,-04:00,2024-09-14T16:47:24-04:00,0,51
src\lib\Pie.svelte,87,js,4b913b56,Jin G,2024-09-14,16:47:24,-04:00,2024-09-14T16:47:24-04:00,0,48
src\lib\Pie.svelte,88,js,4b913b56,Jin G,2024-09-14,16:47:24,-04:00,2024-09-14T16:47:24-04:00,0,73
src\lib\Pie.svelte,89,js,4b913b56,Jin G,2024-09-14,16:47:24,-04:00,2024-09-14T16:47:24-04:00,0,48
src\lib\Pie.svelte,90,js,4b913b56,Jin G,2024-09-14,16:47:24,-04:00,2024-09-14T16:47:24-04:00,0,49
src\lib\Pie.svelte,91,js,4b913b56,Jin G,2024-09-14,16:47:24,-04:00,2024-09-14T16:47:24-04:00,0,0
src\lib\Pie.svelte,92,js,4b913b56,Jin G,2024-09-14,16:47:24,-04:00,2024-09-14T16:47:24-04:00,0,0
src\lib\Pie.svelte,93,js,4b913b56,Jin G,2024-09-14,16:47:24,-04:00,2024-09-14T16:47:24-04:00,0,44
src\lib\Pie.svelte,94,js,4b913b56,Jin G,2024-09-14,16:47:24,-04:00,2024-09-14T16:47:24-04:00,0,75
src\lib\Pie.svelte,95,js,4b913b56,Jin G,2024-09-14,16:47:24,-04:00,2024-09-14T16:47:24-04:00,0,38
src\lib\Pie.svelte,96,js,4b913b56,Jin G,2024-09-14,16:47:24,-04:00,2024-09-14T16:47:24-04:00,0,11
src\lib\Pie.svelte,97,js,4b913b56,Jin G,2024-09-14,16:47:24,-04:00,2024-09-14T16:47:24-04:00,0,42
src\lib\Pie.svelte,98,js,4b913b56,Jin G,2024-09-14,16:47:24,-04:00,2024-09-14T16:47:24-04:00,0,49
src\lib\Pie.svelte,99,js,4b913b56,Jin G,2024-09-14,16:47:24,-04:00,2024-09-14T16:47:24-04:00,0,13
src\lib\Pie.svelte,100,js,4b913b56,Jin G,2024-09-14,16:47:24,-04:00,2024-09-14T16:47:24-04:00,0,5
src\lib\Pie.svelte,101,js,4b913b56,Jin G,2024-09-14,16:47:24,-04:00,2024-09-14T16:47:24-04:00,0,0
src\lib\Pie.svelte,102,js,4b913b56,Jin G,2024-09-14,16:47:24,-04:00,2024-09-14T16:47:24-04:00,0,0
src\lib\Pie.svelte,103,js,4b913b56,Jin G,2024-09-14,16:47:24,-04:00,2024-09-14T16:47:24-04:00,0,0
src\lib\Pie.svelte,104,js,4b913b56,Jin G,2024-09-14,16:47:24,-04:00,2024-09-14T16:47:24-04:00,0,34
src\lib\Pie.svelte,105,js,4b913b56,Jin G,2024-09-14,16:47:24,-04:00,2024-09-14T16:47:24-04:00,0,45
src\lib\Pie.svelte,106,js,4b913b56,Jin G,2024-09-14,16:47:24,-04:00,2024-09-14T16:47:24-04:00,0,0
src\lib\Pie.svelte,107,js,4b913b56,Jin G,2024-09-14,16:47:24,-04:00,2024-09-14T16:47:24-04:00,0,0
src\lib\Pie.svelte,108,js,4b913b56,Jin G,2024-09-14,16:47:24,-04:00,2024-09-14T16:47:24-04:00,0,0
src\lib\Pie.svelte,109,js,4b913b56,Jin G,2024-09-14,16:47:24,-04:00,2024-09-14T16:47:24-04:00,0,20
src\lib\Pie.svelte,110,js,4b913b56,Jin G,2024-09-14,16:47:24,-04:00,2024-09-14T16:47:24-04:00,0,37
src\lib\Pie.svelte,111,js,4b913b56,Jin G,2024-09-14,16:47:24,-04:00,2024-09-14T16:47:24-04:00,0,17
src\lib\Pie.svelte,112,js,4b913b56,Jin G,2024-09-14,16:47:24,-04:00,2024-09-14T16:47:24-04:00,0,6
src\lib\Pie.svelte,113,js,4b913b56,Jin G,2024-09-14,16:47:24,-04:00,2024-09-14T16:47:24-04:00,0,0
src\lib\Pie.svelte,114,js,4b913b56,Jin G,2024-09-14,16:47:24,-04:00,2024-09-14T16:47:24-04:00,0,59
src\lib\Pie.svelte,115,js,4b913b56,Jin G,2024-09-14,16:47:24,-04:00,2024-09-14T16:47:24-04:00,0,7
src\lib\Pie.svelte,116,js,4b913b56,Jin G,2024-09-14,16:47:24,-04:00,2024-09-14T16:47:24-04:00,0,28
src\lib\Pie.svelte,117,js,4b913b56,Jin G,2024-09-14,16:47:24,-04:00,2024-09-14T16:47:24-04:00,0,20
src\lib\Pie.svelte,118,js,4b913b56,Jin G,2024-09-14,16:47:24,-04:00,2024-09-14T16:47:24-04:00,0,15
src\lib\Pie.svelte,119,js,4b913b56,Jin G,2024-09-14,16:47:24,-04:00,2024-09-14T16:47:24-04:00,0,62
src\lib\Pie.svelte,120,js,4b913b56,Jin G,2024-09-14,16:47:24,-04:00,2024-09-14T16:47:24-04:00,0,1
src\lib\Pie.svelte,121,js,4b913b56,Jin G,2024-09-14,16:47:24,-04:00,2024-09-14T16:47:24-04:00,0,1
src\lib\Pie.svelte,122,js,4b913b56,Jin G,2024-09-14,16:47:24,-04:00,2024-09-14T16:47:24-04:00,0,0
src\lib\Pie.svelte,123,svelte,92752ac2,Jin G,2024-09-08,07:56:47,-04:00,2024-09-08T07:56:47-04:00,0,8
src\lib\Pie.svelte,124,svelte,92752ac2,Jin G,2024-09-08,07:56:47,-04:00,2024-09-08T07:56:47-04:00,0,0
src\lib\Pie.svelte,125,svelte,c6697a54,Jin G,2024-09-08,11:51:06,-04:00,2024-09-08T11:51:06-04:00,0,22
src\lib\Pie.svelte,126,svelte,c6697a54,Jin G,2024-09-08,11:51:06,-04:00,2024-09-08T11:51:06-04:00,0,30
src\lib\Pie.svelte,127,svelte,4b913b56,Jin G,2024-09-14,16:47:24,-04:00,2024-09-14T16:47:24-04:00,0,41
src\lib\Pie.svelte,128,svelte,c6697a54,Jin G,2024-09-08,11:51:06,-04:00,2024-09-08T11:51:06-04:00,0,4
src\lib\Pie.svelte,129,svelte,4b913b56,Jin G,2024-09-14,16:47:24,-04:00,2024-09-14T16:47:24-04:00,0,31
src\lib\Pie.svelte,130,svelte,629f7a0f,Jin G,2024-09-14,10:02:34,-04:00,2024-09-14T10:02:34-04:00,0,8
src\lib\Pie.svelte,131,svelte,f145f680,Jin G,2024-09-14,14:40:14,-04:00,2024-09-14T14:40:14-04:00,0,32
src\lib\Pie.svelte,132,svelte,c6697a54,Jin G,2024-09-08,11:51:06,-04:00,2024-09-08T11:51:06-04:00,0,39
src\lib\Pie.svelte,133,svelte,2100485d,Jin G,2024-09-08,12:16:04,-04:00,2024-09-08T12:16:04-04:00,0,11
src\lib\Pie.svelte,134,svelte,2100485d,Jin G,2024-09-08,12:16:04,-04:00,2024-09-08T12:16:04-04:00,0,12
src\lib\Pie.svelte,135,svelte,629f7a0f,Jin G,2024-09-14,10:02:34,-04:00,2024-09-14T10:02:34-04:00,0,41
src\lib\Pie.svelte,136,svelte,2100485d,Jin G,2024-09-08,12:16:04,-04:00,2024-09-08T12:16:04-04:00,0,46
src\lib\Pie.svelte,137,svelte,2100485d,Jin G,2024-09-08,12:16:04,-04:00,2024-09-08T12:16:04-04:00,0,46
src\lib\Pie.svelte,138,svelte,2100485d,Jin G,2024-09-08,12:16:04,-04:00,2024-09-08T12:16:04-04:00,0,50
src\lib\Pie.svelte,139,svelte,4b913b56,Jin G,2024-09-14,16:47:24,-04:00,2024-09-14T16:47:24-04:00,0,70
src\lib\Pie.svelte,140,svelte,4b913b56,Jin G,2024-09-14,16:47:24,-04:00,2024-09-14T16:47:24-04:00,0,13
src\lib\Pie.svelte,141,svelte,c6697a54,Jin G,2024-09-08,11:51:06,-04:00,2024-09-08T11:51:06-04:00,0,1
src\lib\Pie.svelte,142,svelte,c6697a54,Jin G,2024-09-08,11:51:06,-04:00,2024-09-08T11:51:06-04:00,0,6
src\lib\Pie.svelte,143,svelte,c6697a54,Jin G,2024-09-08,11:51:06,-04:00,2024-09-08T11:51:06-04:00,0,5
src\lib\Pie.svelte,144,svelte,c6697a54,Jin G,2024-09-08,11:51:06,-04:00,2024-09-08T11:51:06-04:00,0,18
src\lib\Pie.svelte,145,svelte,4b913b56,Jin G,2024-09-14,16:47:24,-04:00,2024-09-14T16:47:24-04:00,0,36
src\lib\Pie.svelte,146,svelte,2100485d,Jin G,2024-09-08,12:16:04,-04:00,2024-09-08T12:16:04-04:00,0,2
src\lib\Pie.svelte,147,svelte,3b272cdc,Jin G,2024-09-14,09:52:35,-04:00,2024-09-14T09:52:35-04:00,0,33
src\lib\Pie.svelte,148,svelte,2100485d,Jin G,2024-09-08,12:16:04,-04:00,2024-09-08T12:16:04-04:00,0,39
src\lib\Pie.svelte,149,svelte,2100485d,Jin G,2024-09-08,12:16:04,-04:00,2024-09-08T12:16:04-04:00,0,0
src\lib\Pie.svelte,150,svelte,c6697a54,Jin G,2024-09-08,11:51:06,-04:00,2024-09-08T11:51:06-04:00,0,27
src\lib\Pie.svelte,151,svelte,eca18dcf,Jin G,2024-09-14,17:50:51,-04:00,2024-09-14T17:50:51-04:00,0,8
src\lib\Pie.svelte,152,svelte,c6697a54,Jin G,2024-09-08,11:51:06,-04:00,2024-09-08T11:51:06-04:00,0,4
src\lib\Pie.svelte,153,svelte,92752ac2,Jin G,2024-09-08,07:56:47,-04:00,2024-09-08T07:56:47-04:00,0,6
src\lib\Pie.svelte,154,svelte,c6697a54,Jin G,2024-09-08,11:51:06,-04:00,2024-09-08T11:51:06-04:00,0,4
src\lib\Pie.svelte,155,svelte,c6697a54,Jin G,2024-09-08,11:51:06,-04:00,2024-09-08T11:51:06-04:00,0,5
src\lib\Pie.svelte,156,svelte,c6697a54,Jin G,2024-09-08,11:51:06,-04:00,2024-09-08T11:51:06-04:00,0,0
src\lib\Pie.svelte,157,svelte,c6697a54,Jin G,2024-09-08,11:51:06,-04:00,2024-09-08T11:51:06-04:00,0,6
src\lib\Pie.svelte,158,css,c6697a54,Jin G,2024-09-08,11:51:06,-04:00,2024-09-08T11:51:06-04:00,0,4
src\lib\Pie.svelte,159,css,c6697a54,Jin G,2024-09-08,11:51:06,-04:00,2024-09-08T11:51:06-04:00,0,15
src\lib\Pie.svelte,160,css,c6697a54,Jin G,2024-09-08,11:51:06,-04:00,2024-09-08T11:51:06-04:00,0,17
src\lib\Pie.svelte,161,css,c6697a54,Jin G,2024-09-08,11:51:06,-04:00,2024-09-08T11:51:06-04:00,0,43
src\lib\Pie.svelte,162,css,c6697a54,Jin G,2024-09-08,11:51:06,-04:00,2024-09-08T11:51:06-04:00,0,17
src\lib\Pie.svelte,163,css,c6697a54,Jin G,2024-09-08,11:51:06,-04:00,2024-09-08T11:51:06-04:00,0,0
src\lib\Pie.svelte,164,css,c6697a54,Jin G,2024-09-08,11:51:06,-04:00,2024-09-08T11:51:06-04:00,0,0
src\lib\Pie.svelte,165,css,c6697a54,Jin G,2024-09-08,11:51:06,-04:00,2024-09-08T11:51:06-04:00,0,20
src\lib\Pie.svelte,166,css,c6697a54,Jin G,2024-09-08,11:51:06,-04:00,2024-09-08T11:51:06-04:00,0,17
src\lib\Pie.svelte,167,css,c6697a54,Jin G,2024-09-08,11:51:06,-04:00,2024-09-08T11:51:06-04:00,0,12
src\lib\Pie.svelte,168,css,c6697a54,Jin G,2024-09-08,11:51:06,-04:00,2024-09-08T11:51:06-04:00,0,0
src\lib\Pie.svelte,169,css,c6697a54,Jin G,2024-09-08,11:51:06,-04:00,2024-09-08T11:51:06-04:00,0,0
src\lib\Pie.svelte,170,css,c6697a54,Jin G,2024-09-08,11:51:06,-04:00,2024-09-08T11:51:06-04:00,0,0
src\lib\Pie.svelte,171,css,2100485d,Jin G,2024-09-08,12:16:04,-04:00,2024-09-08T12:16:04-04:00,0,40
src\lib\Pie.svelte,172,css,2100485d,Jin G,2024-09-08,12:16:04,-04:00,2024-09-08T12:16:04-04:00,0,33
src\lib\Pie.svelte,173,css,2100485d,Jin G,2024-09-08,12:16:04,-04:00,2024-09-08T12:16:04-04:00,0,12
src\lib\Pie.svelte,174,css,2100485d,Jin G,2024-09-08,12:16:04,-04:00,2024-09-08T12:16:04-04:00,0,0
src\lib\Pie.svelte,175,css,2100485d,Jin G,2024-09-08,12:16:04,-04:00,2024-09-08T12:16:04-04:00,0,0
src\lib\Pie.svelte,176,css,2100485d,Jin G,2024-09-08,12:16:04,-04:00,2024-09-08T12:16:04-04:00,0,0
src\lib\Pie.svelte,177,css,c6697a54,Jin G,2024-09-08,11:51:06,-04:00,2024-09-08T11:51:06-04:00,0,5
src\lib\Pie.svelte,178,css,c6697a54,Jin G,2024-09-08,11:51:06,-04:00,2024-09-08T11:51:06-04:00,0,17
src\lib\Pie.svelte,179,css,4b913b56,Jin G,2024-09-14,16:47:24,-04:00,2024-09-14T16:47:24-04:00,0,34
src\lib\Pie.svelte,180,css,4b913b56,Jin G,2024-09-14,16:47:24,-04:00,2024-09-14T16:47:24-04:00,1,12
src\lib\Pie.svelte,181,css,4b913b56,Jin G,2024-09-14,16:47:24,-04:00,2024-09-14T16:47:24-04:00,1,35
src\lib\Pie.svelte,182,css,4b913b56,Jin G,2024-09-14,16:47:24,-04:00,2024-09-14T16:47:24-04:00,0,45
src\lib\Pie.svelte,183,css,c6697a54,Jin G,2024-09-08,11:51:06,-04:00,2024-09-08T11:51:06-04:00,0,15
src\lib\Pie.svelte,184,css,2100485d,Jin G,2024-09-08,12:16:04,-04:00,2024-09-08T12:16:04-04:00,0,13
src\lib\Pie.svelte,185,css,a81c27e4,Jin G,2024-09-08,12:24:19,-04:00,2024-09-08T12:24:19-04:00,0,52
src\lib\Pie.svelte,186,css,a81c27e4,Jin G,2024-09-08,12:24:19,-04:00,2024-09-08T12:24:19-04:00,0,56
src\lib\Pie.svelte,187,css,a81c27e4,Jin G,2024-09-08,12:24:19,-04:00,2024-09-08T12:24:19-04:00,0,0
src\lib\Pie.svelte,188,css,4b913b56,Jin G,2024-09-14,16:47:24,-04:00,2024-09-14T16:47:24-04:00,2,11
src\lib\Pie.svelte,189,css,4b913b56,Jin G,2024-09-14,16:47:24,-04:00,2024-09-14T16:47:24-04:00,2,34
src\lib\Pie.svelte,190,css,4b913b56,Jin G,2024-09-14,16:47:24,-04:00,2024-09-14T16:47:24-04:00,2,26
src\lib\Pie.svelte,191,css,4b913b56,Jin G,2024-09-14,16:47:24,-04:00,2024-09-14T16:47:24-04:00,2,35
src\lib\Pie.svelte,192,css,4b913b56,Jin G,2024-09-14,16:47:24,-04:00,2024-09-14T16:47:24-04:00,1,0
src\lib\Pie.svelte,193,css,a81c27e4,Jin G,2024-09-08,12:24:19,-04:00,2024-09-08T12:24:19-04:00,0,0
src\lib\Pie.svelte,194,css,a81c27e4,Jin G,2024-09-08,12:24:19,-04:00,2024-09-08T12:24:19-04:00,0,48
src\lib\Pie.svelte,195,css,a81c27e4,Jin G,2024-09-08,12:24:19,-04:00,2024-09-08T12:24:19-04:00,0,35
src\lib\Pie.svelte,196,css,c6697a54,Jin G,2024-09-08,11:51:06,-04:00,2024-09-08T11:51:06-04:00,0,0
src\lib\Pie.svelte,197,css,c6697a54,Jin G,2024-09-08,11:51:06,-04:00,2024-09-08T11:51:06-04:00,0,0
src\lib\Pie.svelte,198,css,c6697a54,Jin G,2024-09-08,11:51:06,-04:00,2024-09-08T11:51:06-04:00,0,11
src\lib\Pie.svelte,199,css,c6697a54,Jin G,2024-09-08,11:51:06,-04:00,2024-09-08T11:51:06-04:00,0,13
src\lib\Pie.svelte,200,css,c6697a54,Jin G,2024-09-08,11:51:06,-04:00,2024-09-08T11:51:06-04:00,0,8
src\lib\Pie.svelte,201,css,c6697a54,Jin G,2024-09-08,11:51:06,-04:00,2024-09-08T11:51:06-04:00,0,21
src\lib\Pie.svelte,202,css,c6697a54,Jin G,2024-09-08,11:51:06,-04:00,2024-09-08T11:51:06-04:00,0,0
src\lib\Pie.svelte,203,css,c6697a54,Jin G,2024-09-08,11:51:06,-04:00,2024-09-08T11:51:06-04:00,0,0
src\lib\Pie.svelte,204,css,c6697a54,Jin G,2024-09-08,11:51:06,-04:00,2024-09-08T11:51:06-04:00,0,8
src\lib\Pie.svelte,205,css,c6697a54,Jin G,2024-09-08,11:51:06,-04:00,2024-09-08T11:51:06-04:00,0,13
src\lib\Pie.svelte,206,css,c6697a54,Jin G,2024-09-08,11:51:06,-04:00,2024-09-08T11:51:06-04:00,0,58
src\lib\Pie.svelte,207,css,c6697a54,Jin G,2024-09-08,11:51:06,-04:00,2024-09-08T11:51:06-04:00,0,35
src\lib\Pie.svelte,208,css,c6697a54,Jin G,2024-09-08,11:51:06,-04:00,2024-09-08T11:51:06-04:00,0,31
src\lib\Pie.svelte,209,css,c6697a54,Jin G,2024-09-08,11:51:06,-04:00,2024-09-08T11:51:06-04:00,0,33
src\lib\Pie.svelte,210,css,c6697a54,Jin G,2024-09-08,11:51:06,-04:00,2024-09-08T11:51:06-04:00,0,53
src\lib\Pie.svelte,211,css,c6697a54,Jin G,2024-09-08,11:51:06,-04:00,2024-09-08T11:51:06-04:00,0,0
src\lib\Pie.svelte,212,css,c6697a54,Jin G,2024-09-08,11:51:06,-04:00,2024-09-08T11:51:06-04:00,0,0
src\lib\Pie.svelte,213,css,c6697a54,Jin G,2024-09-08,11:51:06,-04:00,2024-09-08T11:51:06-04:00,0,11
src\lib\Pie.svelte,214,css,c6697a54,Jin G,2024-09-08,11:51:06,-04:00,2024-09-08T11:51:06-04:00,0,13
src\lib\Pie.svelte,215,css,c6697a54,Jin G,2024-09-08,11:51:06,-04:00,2024-09-08T11:51:06-04:00,0,19
src\lib\Pie.svelte,216,css,c6697a54,Jin G,2024-09-08,11:51:06,-04:00,2024-09-08T11:51:06-04:00,0,9
src\lib\Pie.svelte,217,css,c6697a54,Jin G,2024-09-08,11:51:06,-04:00,2024-09-08T11:51:06-04:00,0,0
src\lib\Pie.svelte,218,css,c6697a54,Jin G,2024-09-08,11:51:06,-04:00,2024-09-08T11:51:06-04:00,0,0
src\lib\Pie.svelte,219,css,c6697a54,Jin G,2024-09-08,11:51:06,-04:00,2024-09-08T11:51:06-04:00,0,16
src\lib\Pie.svelte,220,css,c6697a54,Jin G,2024-09-08,11:51:06,-04:00,2024-09-08T11:51:06-04:00,0,11
src\lib\Pie.svelte,221,css,c6697a54,Jin G,2024-09-08,11:51:06,-04:00,2024-09-08T11:51:06-04:00,0,12
src\lib\Pie.svelte,222,css,c6697a54,Jin G,2024-09-08,11:51:06,-04:00,2024-09-08T11:51:06-04:00,0,30
src\lib\Pie.svelte,223,css,c6697a54,Jin G,2024-09-08,11:51:06,-04:00,2024-09-08T11:51:06-04:00,0,18
src\lib\Pie.svelte,224,css,c6697a54,Jin G,2024-09-08,11:51:06,-04:00,2024-09-08T11:51:06-04:00,0,21
src\lib\Pie.svelte,225,css,c6697a54,Jin G,2024-09-08,11:51:06,-04:00,2024-09-08T11:51:06-04:00,0,0
src\lib\Pie.svelte,226,css,c6697a54,Jin G,2024-09-08,11:51:06,-04:00,2024-09-08T11:51:06-04:00,0,0
src\lib\Pie.svelte,227,css,c6697a54,Jin G,2024-09-08,11:51:06,-04:00,2024-09-08T11:51:06-04:00,0,10
src\lib\Pie.svelte,228,css,c6697a54,Jin G,2024-09-08,11:51:06,-04:00,2024-09-08T11:51:06-04:00,0,36
src\lib\Pie.svelte,229,css,4b913b56,Jin G,2024-09-14,16:47:24,-04:00,2024-09-14T16:47:24-04:00,0,17
src\lib\Pie.svelte,230,css,4b913b56,Jin G,2024-09-14,16:47:24,-04:00,2024-09-14T16:47:24-04:00,2,45
src\lib\Pie.svelte,231,css,c6697a54,Jin G,2024-09-08,11:51:06,-04:00,2024-09-08T11:51:06-04:00,0,11
src\lib\Pie.svelte,232,css,c6697a54,Jin G,2024-09-08,11:51:06,-04:00,2024-09-08T11:51:06-04:00,0,18
src\lib\Pie.svelte,233,css,c6697a54,Jin G,2024-09-08,11:51:06,-04:00,2024-09-08T11:51:06-04:00,0,0
src\lib\Pie.svelte,234,css,c6697a54,Jin G,2024-09-08,11:51:06,-04:00,2024-09-08T11:51:06-04:00,0,0
src\lib\Pie.svelte,235,svelte,c6697a54,Jin G,2024-09-08,11:51:06,-04:00,2024-09-08T11:51:06-04:00,0,7
src\lib\index.js,1,js,adb1300,Jin G,2024-09-06,05:46:14,-04:00,2024-09-06T05:46:14-04:00,0,73
src\lib\HeaderProject_bak.svelte,1,svelte,4f040deb,Jin G,2024-09-16,19:25:08,-04:00,2024-09-16T19:25:08-04:00,0,7
src\lib\HeaderProject_bak.svelte,2,js,9d554aca,Jin G,2024-09-18,14:58:26,-04:00,2024-09-18T14:58:26-04:00,0,33
src\lib\HeaderProject_bak.svelte,3,js,4f040deb,Jin G,2024-09-16,19:25:08,-04:00,2024-09-16T19:25:08-04:00,0,20
src\lib\HeaderProject_bak.svelte,4,js,4f040deb,Jin G,2024-09-16,19:25:08,-04:00,2024-09-16T19:25:08-04:00,0,21
src\lib\HeaderProject_bak.svelte,5,js,4f040deb,Jin G,2024-09-16,19:25:08,-04:00,2024-09-16T19:25:08-04:00,0,54
src\lib\HeaderProject_bak.svelte,6,svelte,4f040deb,Jin G,2024-09-16,19:25:08,-04:00,2024-09-16T19:25:08-04:00,0,8
src\lib\HeaderProject_bak.svelte,7,svelte,4f040deb,Jin G,2024-09-16,19:25:08,-04:00,2024-09-16T19:25:08-04:00,0,0
src\lib\HeaderProject_bak.svelte,8,svelte,4f040deb,Jin G,2024-09-16,19:25:08,-04:00,2024-09-16T19:25:08-04:00,0,67
src\lib\HeaderProject_bak.svelte,9,svelte,4f040deb,Jin G,2024-09-16,19:25:08,-04:00,2024-09-16T19:25:08-04:00,0,22
src\lib\HeaderProject_bak.svelte,10,svelte,4f040deb,Jin G,2024-09-16,19:25:08,-04:00,2024-09-16T19:25:08-04:00,0,48
src\lib\HeaderProject_bak.svelte,11,svelte,4f040deb,Jin G,2024-09-16,19:25:08,-04:00,2024-09-16T19:25:08-04:00,0,25
src\lib\HeaderProject_bak.svelte,12,svelte,4f040deb,Jin G,2024-09-16,19:25:08,-04:00,2024-09-16T19:25:08-04:00,0,66
src\lib\HeaderProject_bak.svelte,13,svelte,4f040deb,Jin G,2024-09-16,19:25:08,-04:00,2024-09-16T19:25:08-04:00,0,24
src\lib\HeaderProject_bak.svelte,14,svelte,4f040deb,Jin G,2024-09-16,19:25:08,-04:00,2024-09-16T19:25:08-04:00,0,5
src\lib\HeaderProject_bak.svelte,15,svelte,4f040deb,Jin G,2024-09-16,19:25:08,-04:00,2024-09-16T19:25:08-04:00,0,6
src\lib\HeaderProject_bak.svelte,16,svelte,4f040deb,Jin G,2024-09-16,19:25:08,-04:00,2024-09-16T19:25:08-04:00,0,25
src\lib\HeaderProject_bak.svelte,17,svelte,4f040deb,Jin G,2024-09-16,19:25:08,-04:00,2024-09-16T19:25:08-04:00,0,66
src\lib\HeaderProject_bak.svelte,18,svelte,4f040deb,Jin G,2024-09-16,19:25:08,-04:00,2024-09-16T19:25:08-04:00,0,24
src\lib\HeaderProject_bak.svelte,19,svelte,4f040deb,Jin G,2024-09-16,19:25:08,-04:00,2024-09-16T19:25:08-04:00,0,5
src\lib\HeaderProject_bak.svelte,20,svelte,4f040deb,Jin G,2024-09-16,19:25:08,-04:00,2024-09-16T19:25:08-04:00,0,48
src\lib\HeaderProject_bak.svelte,21,svelte,4f040deb,Jin G,2024-09-16,19:25:08,-04:00,2024-09-16T19:25:08-04:00,0,4
src\lib\HeaderProject_bak.svelte,22,svelte,4f040deb,Jin G,2024-09-16,19:25:08,-04:00,2024-09-16T19:25:08-04:00,0,9
src\lib\HeaderProject_bak.svelte,23,svelte,4f040deb,Jin G,2024-09-16,19:25:08,-04:00,2024-09-16T19:25:08-04:00,0,0
src\lib\HeaderProject_bak.svelte,24,svelte,4f040deb,Jin G,2024-09-16,19:25:08,-04:00,2024-09-16T19:25:08-04:00,0,6
src\lib\HeaderProject_bak.svelte,25,css,4f040deb,Jin G,2024-09-16,19:25:08,-04:00,2024-09-16T19:25:08-04:00,0,28
src\lib\HeaderProject_bak.svelte,26,css,4f040deb,Jin G,2024-09-16,19:25:08,-04:00,2024-09-16T19:25:08-04:00,0,13
src\lib\HeaderProject_bak.svelte,27,css,4f040deb,Jin G,2024-09-16,19:25:08,-04:00,2024-09-16T19:25:08-04:00,0,10
src\lib\HeaderProject_bak.svelte,28,css,4f040deb,Jin G,2024-09-16,19:25:08,-04:00,2024-09-16T19:25:08-04:00,0,0
src\lib\HeaderProject_bak.svelte,29,css,4f040deb,Jin G,2024-09-16,19:25:08,-04:00,2024-09-16T19:25:08-04:00,0,0
src\lib\HeaderProject_bak.svelte,30,css,4f040deb,Jin G,2024-09-16,19:25:08,-04:00,2024-09-16T19:25:08-04:00,0,13
src\lib\HeaderProject_bak.svelte,31,css,4f040deb,Jin G,2024-09-16,19:25:08,-04:00,2024-09-16T19:25:08-04:00,0,56
src\lib\HeaderProject_bak.svelte,32,css,4f040deb,Jin G,2024-09-16,19:25:08,-04:00,2024-09-16T19:25:08-04:00,0,0
src\lib\HeaderProject_bak.svelte,33,css,4f040deb,Jin G,2024-09-16,19:25:08,-04:00,2024-09-16T19:25:08-04:00,0,0
src\lib\HeaderProject_bak.svelte,34,css,4f040deb,Jin G,2024-09-16,19:25:08,-04:00,2024-09-16T19:25:08-04:00,0,14
src\lib\HeaderProject_bak.svelte,35,css,4f040deb,Jin G,2024-09-16,19:25:08,-04:00,2024-09-16T19:25:08-04:00,0,56
src\lib\HeaderProject_bak.svelte,36,css,4f040deb,Jin G,2024-09-16,19:25:08,-04:00,2024-09-16T19:25:08-04:00,0,0
src\lib\HeaderProject_bak.svelte,37,css,4f040deb,Jin G,2024-09-16,19:25:08,-04:00,2024-09-16T19:25:08-04:00,0,0
src\lib\HeaderProject_bak.svelte,38,css,4f040deb,Jin G,2024-09-16,19:25:08,-04:00,2024-09-16T19:25:08-04:00,0,13
src\lib\HeaderProject_bak.svelte,39,css,4f040deb,Jin G,2024-09-16,19:25:08,-04:00,2024-09-16T19:25:08-04:00,0,11
src\lib\HeaderProject_bak.svelte,40,css,4f040deb,Jin G,2024-09-16,19:25:08,-04:00,2024-09-16T19:25:08-04:00,0,12
src\lib\HeaderProject_bak.svelte,41,css,4f040deb,Jin G,2024-09-16,19:25:08,-04:00,2024-09-16T19:25:08-04:00,0,34
src\lib\HeaderProject_bak.svelte,42,css,4f040deb,Jin G,2024-09-16,19:25:08,-04:00,2024-09-16T19:25:08-04:00,0,0
src\lib\HeaderProject_bak.svelte,43,css,4f040deb,Jin G,2024-09-16,19:25:08,-04:00,2024-09-16T19:25:08-04:00,0,0
src\lib\HeaderProject_bak.svelte,44,css,4f040deb,Jin G,2024-09-16,19:25:08,-04:00,2024-09-16T19:25:08-04:00,0,35
src\lib\HeaderProject_bak.svelte,45,css,4f040deb,Jin G,2024-09-16,19:25:08,-04:00,2024-09-16T19:25:08-04:00,0,9
src\lib\HeaderProject_bak.svelte,46,css,4f040deb,Jin G,2024-09-16,19:25:08,-04:00,2024-09-16T19:25:08-04:00,0,0
src\lib\HeaderProject_bak.svelte,47,svelte,4f040deb,Jin G,2024-09-16,19:25:08,-04:00,2024-09-16T19:25:08-04:00,0,7
src\lib\HeaderProject.svelte,1,svelte,97e92818,Jin G,2024-09-16,10:51:48,-04:00,2024-09-16T10:51:48-04:00,0,7
src\lib\HeaderProject.svelte,2,js,9d554aca,Jin G,2024-09-18,14:58:26,-04:00,2024-09-18T14:58:26-04:00,0,33
src\lib\HeaderProject.svelte,3,js,4f040deb,Jin G,2024-09-16,19:25:08,-04:00,2024-09-16T19:25:08-04:00,0,81
src\lib\HeaderProject.svelte,4,js,97e92818,Jin G,2024-09-16,10:51:48,-04:00,2024-09-16T10:51:48-04:00,0,21
src\lib\HeaderProject.svelte,5,svelte,4f040deb,Jin G,2024-09-16,19:25:08,-04:00,2024-09-16T19:25:08-04:00,0,8
src\lib\HeaderProject.svelte,6,svelte,97e92818,Jin G,2024-09-16,10:51:48,-04:00,2024-09-16T10:51:48-04:00,0,0
src\lib\HeaderProject.svelte,7,svelte,4f040deb,Jin G,2024-09-16,19:25:08,-04:00,2024-09-16T19:25:08-04:00,0,8
src\lib\HeaderProject.svelte,8,svelte,1ff8a4d4,Jin G,2024-09-18,15:11:53,-04:00,2024-09-18T15:11:53-04:00,0,74
src\lib\HeaderProject.svelte,9,svelte,1ff8a4d4,Jin G,2024-09-18,15:11:53,-04:00,2024-09-18T15:11:53-04:00,0,56
src\lib\HeaderProject.svelte,10,svelte,4f040deb,Jin G,2024-09-16,19:25:08,-04:00,2024-09-16T19:25:08-04:00,0,66
src\lib\HeaderProject.svelte,11,svelte,4f040deb,Jin G,2024-09-16,19:25:08,-04:00,2024-09-16T19:25:08-04:00,0,3
src\lib\HeaderProject.svelte,12,svelte,4f040deb,Jin G,2024-09-16,19:25:08,-04:00,2024-09-16T19:25:08-04:00,0,24
src\lib\HeaderProject.svelte,13,svelte,97e92818,Jin G,2024-09-16,10:51:48,-04:00,2024-09-16T10:51:48-04:00,0,9
src\lib\HeaderProject.svelte,14,svelte,97e92818,Jin G,2024-09-16,10:51:48,-04:00,2024-09-16T10:51:48-04:00,0,0
src\lib\HeaderProject.svelte,15,svelte,97e92818,Jin G,2024-09-16,10:51:48,-04:00,2024-09-16T10:51:48-04:00,0,6
src\lib\HeaderProject.svelte,16,css,4f040deb,Jin G,2024-09-16,19:25:08,-04:00,2024-09-16T19:25:08-04:00,0,0
src\lib\HeaderProject.svelte,17,css,4f040deb,Jin G,2024-09-16,19:25:08,-04:00,2024-09-16T19:25:08-04:00,0,8
src\lib\HeaderProject.svelte,18,css,97e92818,Jin G,2024-09-16,10:51:48,-04:00,2024-09-16T10:51:48-04:00,0,13
src\lib\HeaderProject.svelte,19,css,4f040deb,Jin G,2024-09-16,19:25:08,-04:00,2024-09-16T19:25:08-04:00,0,27
src\lib\HeaderProject.svelte,20,css,4f040deb,Jin G,2024-09-16,19:25:08,-04:00,2024-09-16T19:25:08-04:00,0,16
src\lib\HeaderProject.svelte,21,css,4f040deb,Jin G,2024-09-16,19:25:08,-04:00,2024-09-16T19:25:08-04:00,0,36
src\lib\HeaderProject.svelte,22,css,4f040deb,Jin G,2024-09-16,19:25:08,-04:00,2024-09-16T19:25:08-04:00,0,18
src\lib\HeaderProject.svelte,23,css,4f040deb,Jin G,2024-09-16,19:25:08,-04:00,2024-09-16T19:25:08-04:00,0,14
src\lib\HeaderProject.svelte,24,css,4f040deb,Jin G,2024-09-16,19:25:08,-04:00,2024-09-16T19:25:08-04:00,0,36
src\lib\HeaderProject.svelte,25,css,97e92818,Jin G,2024-09-16,10:51:48,-04:00,2024-09-16T10:51:48-04:00,0,0
src\lib\HeaderProject.svelte,26,css,97e92818,Jin G,2024-09-16,10:51:48,-04:00,2024-09-16T10:51:48-04:00,0,0
src\lib\HeaderProject.svelte,27,css,4f040deb,Jin G,2024-09-16,19:25:08,-04:00,2024-09-16T19:25:08-04:00,0,13
src\lib\HeaderProject.svelte,28,css,4f040deb,Jin G,2024-09-16,19:25:08,-04:00,2024-09-16T19:25:08-04:00,0,11
src\lib\HeaderProject.svelte,29,css,4f040deb,Jin G,2024-09-16,19:25:08,-04:00,2024-09-16T19:25:08-04:00,0,12
src\lib\HeaderProject.svelte,30,css,4f040deb,Jin G,2024-09-16,19:25:08,-04:00,2024-09-16T19:25:08-04:00,0,15
src\lib\HeaderProject.svelte,31,css,97e92818,Jin G,2024-09-16,10:51:48,-04:00,2024-09-16T10:51:48-04:00,0,0
src\lib\HeaderProject.svelte,32,css,97e92818,Jin G,2024-09-16,10:51:48,-04:00,2024-09-16T10:51:48-04:00,0,0
src\lib\HeaderProject.svelte,33,css,4f040deb,Jin G,2024-09-16,19:25:08,-04:00,2024-09-16T19:25:08-04:00,0,3
src\lib\HeaderProject.svelte,34,css,4f040deb,Jin G,2024-09-16,19:25:08,-04:00,2024-09-16T19:25:08-04:00,0,24
src\lib\HeaderProject.svelte,35,css,97e92818,Jin G,2024-09-16,10:51:48,-04:00,2024-09-16T10:51:48-04:00,0,0
src\lib\HeaderProject.svelte,36,css,97e92818,Jin G,2024-09-16,10:51:48,-04:00,2024-09-16T10:51:48-04:00,0,0
src\lib\HeaderProject.svelte,37,css,4f040deb,Jin G,2024-09-16,19:25:08,-04:00,2024-09-16T19:25:08-04:00,0,2
src\lib\HeaderProject.svelte,38,css,4f040deb,Jin G,2024-09-16,19:25:08,-04:00,2024-09-16T19:25:08-04:00,0,37
src\lib\HeaderProject.svelte,39,css,4f040deb,Jin G,2024-09-16,19:25:08,-04:00,2024-09-16T19:25:08-04:00,0,31
src\lib\HeaderProject.svelte,40,css,4f040deb,Jin G,2024-09-16,19:25:08,-04:00,2024-09-16T19:25:08-04:00,0,30
src\lib\HeaderProject.svelte,41,css,4f040deb,Jin G,2024-09-16,19:25:08,-04:00,2024-09-16T19:25:08-04:00,0,30
src\lib\HeaderProject.svelte,42,css,4f040deb,Jin G,2024-09-16,19:25:08,-04:00,2024-09-16T19:25:08-04:00,0,16
src\lib\HeaderProject.svelte,43,css,97e92818,Jin G,2024-09-16,10:51:48,-04:00,2024-09-16T10:51:48-04:00,0,0
src\lib\HeaderProject.svelte,44,css,97e92818,Jin G,2024-09-16,10:51:48,-04:00,2024-09-16T10:51:48-04:00,0,0
src\lib\HeaderProject.svelte,45,css,4f040deb,Jin G,2024-09-16,19:25:08,-04:00,2024-09-16T19:25:08-04:00,0,2
src\lib\HeaderProject.svelte,46,css,4f040deb,Jin G,2024-09-16,19:25:08,-04:00,2024-09-16T19:25:08-04:00,0,21
src\lib\HeaderProject.svelte,47,css,4f040deb,Jin G,2024-09-16,19:25:08,-04:00,2024-09-16T19:25:08-04:00,0,14
src\lib\HeaderProject.svelte,48,css,97e92818,Jin G,2024-09-16,10:51:48,-04:00,2024-09-16T10:51:48-04:00,0,0
src\lib\HeaderProject.svelte,49,css,4f040deb,Jin G,2024-09-16,19:25:08,-04:00,2024-09-16T19:25:08-04:00,0,0
src\lib\HeaderProject.svelte,50,svelte,4f040deb,Jin G,2024-09-16,19:25:08,-04:00,2024-09-16T19:25:08-04:00,0,7
src\lib\GitHubStats.svelte,1,svelte,73c6ea41,Jin G,2024-09-06,17:04:48,-04:00,2024-09-06T17:04:48-04:00,0,41
src\lib\GitHubStats.svelte,2,svelte,73c6ea41,Jin G,2024-09-06,17:04:48,-04:00,2024-09-06T17:04:48-04:00,0,7
src\lib\GitHubStats.svelte,3,js,9d554aca,Jin G,2024-09-18,14:58:26,-04:00,2024-09-18T14:58:26-04:00,0,33
src\lib\GitHubStats.svelte,4,js,73c6ea41,Jin G,2024-09-06,17:04:48,-04:00,2024-09-06T17:04:48-04:00,0,54
src\lib\GitHubStats.svelte,5,js,73c6ea41,Jin G,2024-09-06,17:04:48,-04:00,2024-09-06T17:04:48-04:00,0,30
src\lib\GitHubStats.svelte,6,js,73c6ea41,Jin G,2024-09-06,17:04:48,-04:00,2024-09-06T17:04:48-04:00,0,0
src\lib\GitHubStats.svelte,7,js,73c6ea41,Jin G,2024-09-06,17:04:48,-04:00,2024-09-06T17:04:48-04:00,0,37
src\lib\GitHubStats.svelte,8,js,73c6ea41,Jin G,2024-09-06,17:04:48,-04:00,2024-09-06T17:04:48-04:00,0,68
src\lib\GitHubStats.svelte,9,js,73c6ea41,Jin G,2024-09-06,17:04:48,-04:00,2024-09-06T17:04:48-04:00,0,17
src\lib\GitHubStats.svelte,10,js,73c6ea41,Jin G,2024-09-06,17:04:48,-04:00,2024-09-06T17:04:48-04:00,0,22
src\lib\GitHubStats.svelte,11,js,73c6ea41,Jin G,2024-09-06,17:04:48,-04:00,2024-09-06T17:04:48-04:00,0,7
src\lib\GitHubStats.svelte,12,js,73c6ea41,Jin G,2024-09-06,17:04:48,-04:00,2024-09-06T17:04:48-04:00,0,39
src\lib\GitHubStats.svelte,13,js,73c6ea41,Jin G,2024-09-06,17:04:48,-04:00,2024-09-06T17:04:48-04:00,0,0
src\lib\GitHubStats.svelte,14,js,73c6ea41,Jin G,2024-09-06,17:04:48,-04:00,2024-09-06T17:04:48-04:00,0,0
src\lib\GitHubStats.svelte,15,js,73c6ea41,Jin G,2024-09-06,17:04:48,-04:00,2024-09-06T17:04:48-04:00,0,0
src\lib\GitHubStats.svelte,16,js,73c6ea41,Jin G,2024-09-06,17:04:48,-04:00,2024-09-06T17:04:48-04:00,0,15
src\lib\GitHubStats.svelte,17,js,73c6ea41,Jin G,2024-09-06,17:04:48,-04:00,2024-09-06T17:04:48-04:00,0,16
src\lib\GitHubStats.svelte,18,js,73c6ea41,Jin G,2024-09-06,17:04:48,-04:00,2024-09-06T17:04:48-04:00,0,0
src\lib\GitHubStats.svelte,19,js,73c6ea41,Jin G,2024-09-06,17:04:48,-04:00,2024-09-06T17:04:48-04:00,0,21
src\lib\GitHubStats.svelte,20,js,73c6ea41,Jin G,2024-09-06,17:04:48,-04:00,2024-09-06T17:04:48-04:00,0,32
src\lib\GitHubStats.svelte,21,js,73c6ea41,Jin G,2024-09-06,17:04:48,-04:00,2024-09-06T17:04:48-04:00,0,20
src\lib\GitHubStats.svelte,22,js,73c6ea41,Jin G,2024-09-06,17:04:48,-04:00,2024-09-06T17:04:48-04:00,0,4
src\lib\GitHubStats.svelte,23,js,73c6ea41,Jin G,2024-09-06,17:04:48,-04:00,2024-09-06T17:04:48-04:00,0,38
src\lib\GitHubStats.svelte,24,js,73c6ea41,Jin G,2024-09-06,17:04:48,-04:00,2024-09-06T17:04:48-04:00,0,12
src\lib\GitHubStats.svelte,25,js,73c6ea41,Jin G,2024-09-06,17:04:48,-04:00,2024-09-06T17:04:48-04:00,0,17
src\lib\GitHubStats.svelte,26,js,73c6ea41,Jin G,2024-09-06,17:04:48,-04:00,2024-09-06T17:04:48-04:00,0,0
src\lib\GitHubStats.svelte,27,js,73c6ea41,Jin G,2024-09-06,17:04:48,-04:00,2024-09-06T17:04:48-04:00,0,2
src\lib\GitHubStats.svelte,28,svelte,73c6ea41,Jin G,2024-09-06,17:04:48,-04:00,2024-09-06T17:04:48-04:00,0,8
src\lib\GitHubStats.svelte,29,svelte,73c6ea41,Jin G,2024-09-06,17:04:48,-04:00,2024-09-06T17:04:48-04:00,0,0
src\lib\GitHubStats.svelte,30,svelte,73c6ea41,Jin G,2024-09-06,17:04:48,-04:00,2024-09-06T17:04:48-04:00,0,10
src\lib\GitHubStats.svelte,31,svelte,73c6ea41,Jin G,2024-09-06,17:04:48,-04:00,2024-09-06T17:04:48-04:00,0,27
src\lib\GitHubStats.svelte,32,svelte,73c6ea41,Jin G,2024-09-06,17:04:48,-04:00,2024-09-06T17:04:48-04:00,0,14
src\lib\GitHubStats.svelte,33,svelte,73c6ea41,Jin G,2024-09-06,17:04:48,-04:00,2024-09-06T17:04:48-04:00,0,22
src\lib\GitHubStats.svelte,34,svelte,73c6ea41,Jin G,2024-09-06,17:04:48,-04:00,2024-09-06T17:04:48-04:00,0,17
src\lib\GitHubStats.svelte,35,svelte,73c6ea41,Jin G,2024-09-06,17:04:48,-04:00,2024-09-06T17:04:48-04:00,0,24
src\lib\GitHubStats.svelte,36,svelte,73c6ea41,Jin G,2024-09-06,17:04:48,-04:00,2024-09-06T17:04:48-04:00,0,17
src\lib\GitHubStats.svelte,37,svelte,73c6ea41,Jin G,2024-09-06,17:04:48,-04:00,2024-09-06T17:04:48-04:00,0,24
src\lib\GitHubStats.svelte,38,svelte,73c6ea41,Jin G,2024-09-06,17:04:48,-04:00,2024-09-06T17:04:48-04:00,0,20
src\lib\GitHubStats.svelte,39,svelte,73c6ea41,Jin G,2024-09-06,17:04:48,-04:00,2024-09-06T17:04:48-04:00,0,27
src\lib\GitHubStats.svelte,40,svelte,73c6ea41,Jin G,2024-09-06,17:04:48,-04:00,2024-09-06T17:04:48-04:00,0,20
src\lib\GitHubStats.svelte,41,svelte,73c6ea41,Jin G,2024-09-06,17:04:48,-04:00,2024-09-06T17:04:48-04:00,0,27
src\lib\GitHubStats.svelte,42,svelte,73c6ea41,Jin G,2024-09-06,17:04:48,-04:00,2024-09-06T17:04:48-04:00,0,4
src\lib\GitHubStats.svelte,43,svelte,73c6ea41,Jin G,2024-09-06,17:04:48,-04:00,2024-09-06T17:04:48-04:00,0,6
src\lib\GitHubStats.svelte,44,svelte,73c6ea41,Jin G,2024-09-06,17:04:48,-04:00,2024-09-06T17:04:48-04:00,0,16
src\lib\GitHubStats.svelte,45,svelte,73c6ea41,Jin G,2024-09-06,17:04:48,-04:00,2024-09-06T17:04:48-04:00,0,4
src\lib\GitHubStats.svelte,46,svelte,73c6ea41,Jin G,2024-09-06,17:04:48,-04:00,2024-09-06T17:04:48-04:00,0,0
src\lib\GitHubStats.svelte,47,svelte,73c6ea41,Jin G,2024-09-06,17:04:48,-04:00,2024-09-06T17:04:48-04:00,0,6
src\lib\GitHubStats.svelte,48,css,73c6ea41,Jin G,2024-09-06,17:04:48,-04:00,2024-09-06T17:04:48-04:00,0,12
src\lib\GitHubStats.svelte,49,css,73c6ea41,Jin G,2024-09-06,17:04:48,-04:00,2024-09-06T17:04:48-04:00,0,13
src\lib\GitHubStats.svelte,50,css,73c6ea41,Jin G,2024-09-06,17:04:48,-04:00,2024-09-06T17:04:48-04:00,0,37
src\lib\GitHubStats.svelte,51,css,73c6ea41,Jin G,2024-09-06,17:04:48,-04:00,2024-09-06T17:04:48-04:00,0,29
src\lib\GitHubStats.svelte,52,css,73c6ea41,Jin G,2024-09-06,17:04:48,-04:00,2024-09-06T17:04:48-04:00,0,18
src\lib\GitHubStats.svelte,53,css,73c6ea41,Jin G,2024-09-06,17:04:48,-04:00,2024-09-06T17:04:48-04:00,0,9
src\lib\GitHubStats.svelte,54,css,73c6ea41,Jin G,2024-09-06,17:04:48,-04:00,2024-09-06T17:04:48-04:00,0,16
src\lib\GitHubStats.svelte,55,css,73c6ea41,Jin G,2024-09-06,17:04:48,-04:00,2024-09-06T17:04:48-04:00,0,0
src\lib\GitHubStats.svelte,56,css,73c6ea41,Jin G,2024-09-06,17:04:48,-04:00,2024-09-06T17:04:48-04:00,0,0
src\lib\GitHubStats.svelte,57,css,73c6ea41,Jin G,2024-09-06,17:04:48,-04:00,2024-09-06T17:04:48-04:00,0,3
src\lib\GitHubStats.svelte,58,css,73c6ea41,Jin G,2024-09-06,17:04:48,-04:00,2024-09-06T17:04:48-04:00,0,11
src\lib\GitHubStats.svelte,59,css,73c6ea41,Jin G,2024-09-06,17:04:48,-04:00,2024-09-06T17:04:48-04:00,0,16
src\lib\GitHubStats.svelte,60,css,73c6ea41,Jin G,2024-09-06,17:04:48,-04:00,2024-09-06T17:04:48-04:00,0,11
src\lib\GitHubStats.svelte,61,css,73c6ea41,Jin G,2024-09-06,17:04:48,-04:00,2024-09-06T17:04:48-04:00,0,0
src\lib\GitHubStats.svelte,62,css,73c6ea41,Jin G,2024-09-06,17:04:48,-04:00,2024-09-06T17:04:48-04:00,0,0
src\lib\GitHubStats.svelte,63,css,73c6ea41,Jin G,2024-09-06,17:04:48,-04:00,2024-09-06T17:04:48-04:00,0,3
src\lib\GitHubStats.svelte,64,css,73c6ea41,Jin G,2024-09-06,17:04:48,-04:00,2024-09-06T17:04:48-04:00,0,11
src\lib\GitHubStats.svelte,65,css,73c6ea41,Jin G,2024-09-06,17:04:48,-04:00,2024-09-06T17:04:48-04:00,0,14
src\lib\GitHubStats.svelte,66,css,73c6ea41,Jin G,2024-09-06,17:04:48,-04:00,2024-09-06T17:04:48-04:00,0,11
src\lib\GitHubStats.svelte,67,css,73c6ea41,Jin G,2024-09-06,17:04:48,-04:00,2024-09-06T17:04:48-04:00,0,0
src\lib\GitHubStats.svelte,68,css,73c6ea41,Jin G,2024-09-06,17:04:48,-04:00,2024-09-06T17:04:48-04:00,0,0
src\lib\GitHubStats.svelte,69,css,73c6ea41,Jin G,2024-09-06,17:04:48,-04:00,2024-09-06T17:04:48-04:00,0,7
src\lib\GitHubStats.svelte,70,css,73c6ea41,Jin G,2024-09-06,17:04:48,-04:00,2024-09-06T17:04:48-04:00,0,10
src\lib\GitHubStats.svelte,71,css,73c6ea41,Jin G,2024-09-06,17:04:48,-04:00,2024-09-06T17:04:48-04:00,0,0
src\lib\GitHubStats.svelte,72,svelte,73c6ea41,Jin G,2024-09-06,17:04:48,-04:00,2024-09-06T17:04:48-04:00,0,7
